1 1767198702 0.000000 1 0.000000 0.000000 0.000000
2 1767198702 0.000000 1 0.000000 0.000000 0.000000
3 1767198702 0.000000 1 0.000000 0.000000 0.000000
4 1767198702 0.000000 1 0.000000 0.000000 0.000000
1 1767198703 0.000000 1 0.000000 0.000000 0.000000
2 1767198703 0.000000 1 0.000000 0.000000 0.000000
3 1767198703 0.000000 1 0.000000 0.000000 0.000000
4 1767198703 0.000000 1 0.000000 0.000000 0.000000
1 1767198704 10.000000 1 10.000000 10.000000 0.000000
2 1767198704 0.000000 1 0.000000 0.000000 0.000000
3 1767198704 0.000000 1 0.000000 0.000000 0.000000
4 1767198704 0.000000 1 0.000000 0.000000 0.000000
1 1767198705 10.000000 1 10.000000 10.000000 0.000000
2 1767198705 0.000000 1 0.000000 0.000000 0.000000
3 1767198705 0.000000 1 0.000000 0.000000 0.000000
4 1767198705 0.000000 1 0.000000 0.000000 0.000000
1 1767198706 10.000000 1 10.000000 10.000000 0.000000
2 1767198706 0.000000 1 0.000000 0.000000 0.000000
3 1767198706 0.000000 1 0.000000 0.000000 0.000000
4 1767198706 0.000000 1 0.000000 0.000000 0.000000
1 1767198707 10.000000 1 10.000000 10.000000 0.000000
2 1767198707 0.000000 1 0.000000 0.000000 0.000000
3 1767198707 0.000000 1 0.000000 0.000000 0.000000
4 1767198707 0.000000 1 0.000000 0.000000 0.000000
1 1767198708 10.000000 1 10.000000 10.000000 0.000000
2 1767198708 0.000000 1 0.000000 0.000000 0.000000
3 1767198708 0.000000 1 0.000000 0.000000 0.000000
4 1767198708 0.000000 1 0.000000 0.000000 0.000000
1 1767198709 10.000000 1 10.000000 10.000000 0.000000
2 1767198709 0.000000 1 0.000000 0.000000 0.000000
3 1767198709 0.000000 1 0.000000 0.000000 0.000000
4 1767198709 0.000000 1 0.000000 0.000000 0.000000
1 1767198710 10.000000 1 10.000000 10.000000 0.000000
2 1767198710 0.000000 1 0.000000 0.000000 0.000000
3 1767198710 0.000000 1 0.000000 0.000000 0.000000
4 1767198710 0.000000 1 0.000000 0.000000 0.000000
1 1767198711 10.000000 1 10.000000 10.000000 0.000000
2 1767198711 0.000000 1 0.000000 0.000000 0.000000
3 1767198711 0.000000 1 0.000000 0.000000 0.000000
4 1767198711 0.000000 1 0.000000 0.000000 0.000000
1 1767198712 10.000000 1 10.000000 10.000000 0.000000
2 1767198712 0.000000 1 0.000000 0.000000 0.000000
3 1767198712 0.000000 1 0.000000 0.000000 0.000000
4 1767198712 0.000000 1 0.000000 0.000000 0.000000
1 1767198713 10.000000 1 10.000000 10.000000 0.000000
2 1767198713 0.000000 1 0.000000 0.000000 0.000000
3 1767198713 0.000000 1 0.000000 0.000000 0.000000
4 1767198713 0.000000 1 0.000000 0.000000 0.000000
1 1767198714 10.000000 1 10.000000 10.000000 0.000000
2 1767198714 0.000000 1 0.000000 0.000000 0.000000
3 1767198714 0.000000 1 0.000000 0.000000 0.000000
4 1767198714 0.000000 1 0.000000 0.000000 0.000000
1 1767198715 10.000000 1 10.000000 10.000000 0.000000
2 1767198715 0.000000 1 0.000000 0.000000 0.000000
3 1767198715 0.000000 1 0.000000 0.000000 0.000000
4 1767198715 0.000000 1 0.000000 0.000000 0.000000
1 1767198716 10.000000 1 10.000000 10.000000 0.000000
2 1767198716 0.000000 1 0.000000 0.000000 0.000000
3 1767198716 0.000000 1 0.000000 0.000000 0.000000
4 1767198716 0.000000 1 0.000000 0.000000 0.000000
1 1767198717 10.000000 1 10.000000 10.000000 0.000000
2 1767198717 0.000000 1 0.000000 0.000000 0.000000
3 1767198717 0.000000 1 0.000000 0.000000 0.000000
4 1767198717 0.000000 1 0.000000 0.000000 0.000000
1 1767198718 10.000000 1 10.000000 10.000000 0.000000
2 1767198718 0.000000 1 0.000000 0.000000 0.000000
3 1767198718 0.000000 1 0.000000 0.000000 0.000000
4 1767198718 0.000000 1 0.000000 0.000000 0.000000
1 1767198719 10.000000 1 10.000000 10.000000 0.000000
2 1767198719 0.000000 1 0.000000 0.000000 0.000000
3 1767198719 0.000000 1 0.000000 0.000000 0.000000
4 1767198719 0.000000 1 0.000000 0.000000 0.000000
1 1767198720 10.000000 1 10.000000 10.000000 0.000000
2 1767198720 0.000000 1 0.000000 0.000000 0.000000
3 1767198720 0.000000 1 0.000000 0.000000 0.000000
4 1767198720 0.000000 1 0.000000 0.000000 0.000000
1 1767198721 10.000000 1 10.000000 10.000000 0.000000
2 1767198721 0.000000 1 0.000000 0.000000 0.000000
3 1767198721 0.000000 1 0.000000 0.000000 0.000000
4 1767198721 0.000000 1 0.000000 0.000000 0.000000
1 1767198722 10.000000 1 10.000000 10.000000 0.000000
2 1767198722 0.000000 1 0.000000 0.000000 0.000000
3 1767198722 0.000000 1 0.000000 0.000000 0.000000
4 1767198722 0.000000 1 0.000000 0.000000 0.000000
1 1767198723 10.000000 1 10.000000 10.000000 0.000000
2 1767198723 0.000000 1 0.000000 0.000000 0.000000
3 1767198723 0.000000 1 0.000000 0.000000 0.000000
4 1767198723 0.000000 1 0.000000 0.000000 0.000000
1 1767198724 10.000000 1 10.000000 10.000000 0.000000
2 1767198724 0.000000 1 0.000000 0.000000 0.000000
3 1767198724 0.000000 1 0.000000 0.000000 0.000000
4 1767198724 0.000000 1 0.000000 0.000000 0.000000
1 1767198725 10.000000 1 10.000000 10.000000 0.000000
2 1767198725 0.000000 1 0.000000 0.000000 0.000000
3 1767198725 0.000000 1 0.000000 0.000000 0.000000
4 1767198725 0.000000 1 0.000000 0.000000 0.000000
1 1767198726 10.000000 1 10.000000 10.000000 0.000000
2 1767198726 0.000000 1 0.000000 0.000000 0.000000
3 1767198726 0.000000 1 0.000000 0.000000 0.000000
4 1767198726 0.000000 1 0.000000 0.000000 0.000000
1 1767198727 10.000000 1 10.000000 10.000000 0.000000
2 1767198727 0.000000 1 0.000000 0.000000 0.000000
3 1767198727 0.000000 1 0.000000 0.000000 0.000000
4 1767198727 0.000000 1 0.000000 0.000000 0.000000
1 1767198728 10.000000 1 10.000000 10.000000 0.000000
2 1767198728 0.000000 1 0.000000 0.000000 0.000000
3 1767198728 0.000000 1 0.000000 0.000000 0.000000
4 1767198728 0.000000 1 0.000000 0.000000 0.000000
1 1767198729 10.000000 1 10.000000 10.000000 0.000000
2 1767198729 0.000000 1 0.000000 0.000000 0.000000
3 1767198729 0.000000 1 0.000000 0.000000 0.000000
4 1767198729 0.000000 1 0.000000 0.000000 0.000000
1 1767198730 10.000000 1 10.000000 10.000000 0.000000
2 1767198730 0.000000 1 0.000000 0.000000 0.000000
3 1767198730 0.000000 1 0.000000 0.000000 0.000000
4 1767198730 0.000000 1 0.000000 0.000000 0.000000
1 1767198731 10.000000 1 10.000000 10.000000 0.000000
2 1767198731 0.000000 1 0.000000 0.000000 0.000000
3 1767198731 0.000000 1 0.000000 0.000000 0.000000
4 1767198731 0.000000 1 0.000000 0.000000 0.000000
1 1767198732 10.000000 1 10.000000 10.000000 0.000000
2 1767198732 10.000000 1 10.000000 10.000000 0.000000
3 1767198732 0.000000 1 0.000000 0.000000 0.000000
4 1767198732 0.000000 1 0.000000 0.000000 0.000000
1 1767198733 20.000000 1 20.000000 20.000000 0.000000
2 1767198733 0.000000 1 0.000000 0.000000 0.000000
3 1767198733 0.000000 1 0.000000 0.000000 0.000000
4 1767198733 0.000000 1 0.000000 0.000000 0.000000
1 1767198734 20.000000 1 20.000000 20.000000 0.000000
2 1767198734 0.000000 1 0.000000 0.000000 0.000000
3 1767198734 0.000000 1 0.000000 0.000000 0.000000
4 1767198734 0.000000 1 0.000000 0.000000 0.000000
1 1767198735 20.000000 1 20.000000 20.000000 0.000000
2 1767198735 0.000000 1 0.000000 0.000000 0.000000
3 1767198735 0.000000 1 0.000000 0.000000 0.000000
4 1767198735 0.000000 1 0.000000 0.000000 0.000000
1 1767198736 20.000000 1 20.000000 20.000000 0.000000
2 1767198736 0.000000 1 0.000000 0.000000 0.000000
3 1767198736 0.000000 1 0.000000 0.000000 0.000000
4 1767198736 0.000000 1 0.000000 0.000000 0.000000
1 1767198737 20.000000 1 20.000000 20.000000 0.000000
2 1767198737 0.000000 1 0.000000 0.000000 0.000000
3 1767198737 0.000000 1 0.000000 0.000000 0.000000
4 1767198737 0.000000 1 0.000000 0.000000 0.000000
1 1767198738 20.000000 1 20.000000 20.000000 0.000000
2 1767198738 0.000000 1 0.000000 0.000000 0.000000
3 1767198738 0.000000 1 0.000000 0.000000 0.000000
4 1767198738 0.000000 1 0.000000 0.000000 0.000000
1 1767198739 20.000000 1 20.000000 20.000000 0.000000
2 1767198739 0.000000 1 0.000000 0.000000 0.000000
3 1767198739 0.000000 1 0.000000 0.000000 0.000000
4 1767198739 0.000000 1 0.000000 0.000000 0.000000
1 1767198740 20.000000 1 20.000000 20.000000 0.000000
2 1767198740 0.000000 1 0.000000 0.000000 0.000000
3 1767198740 0.000000 1 0.000000 0.000000 0.000000
4 1767198740 0.000000 1 0.000000 0.000000 0.000000
1 1767198741 20.000000 1 20.000000 20.000000 0.000000
2 1767198741 0.000000 1 0.000000 0.000000 0.000000
3 1767198741 0.000000 1 0.000000 0.000000 0.000000
4 1767198741 0.000000 1 0.000000 0.000000 0.000000
1 1767198742 20.000000 1 20.000000 20.000000 0.000000
2 1767198742 0.000000 1 0.000000 0.000000 0.000000
3 1767198742 0.000000 1 0.000000 0.000000 0.000000
4 1767198742 0.000000 1 0.000000 0.000000 0.000000
1 1767198743 20.000000 1 20.000000 20.000000 0.000000
2 1767198743 0.000000 1 0.000000 0.000000 0.000000
3 1767198743 0.000000 1 0.000000 0.000000 0.000000
4 1767198743 0.000000 1 0.000000 0.000000 0.000000
1 1767198744 20.000000 1 20.000000 20.000000 0.000000
2 1767198744 0.000000 1 0.000000 0.000000 0.000000
3 1767198744 0.000000 1 0.000000 0.000000 0.000000
4 1767198744 0.000000 1 0.000000 0.000000 0.000000
1 1767198745 20.000000 1 20.000000 20.000000 0.000000
2 1767198745 0.000000 1 0.000000 0.000000 0.000000
3 1767198745 0.000000 1 0.000000 0.000000 0.000000
4 1767198745 0.000000 1 0.000000 0.000000 0.000000
1 1767198746 20.000000 1 20.000000 20.000000 0.000000
2 1767198746 0.000000 1 0.000000 0.000000 0.000000
3 1767198746 0.000000 1 0.000000 0.000000 0.000000
4 1767198746 0.000000 1 0.000000 0.000000 0.000000
1 1767198747 20.000000 1 20.000000 20.000000 0.000000
2 1767198747 0.000000 1 0.000000 0.000000 0.000000
3 1767198747 0.000000 1 0.000000 0.000000 0.000000
4 1767198747 0.000000 1 0.000000 0.000000 0.000000
1 1767198748 20.000000 1 20.000000 20.000000 0.000000
2 1767198748 0.000000 1 0.000000 0.000000 0.000000
3 1767198748 0.000000 1 0.000000 0.000000 0.000000
4 1767198748 0.000000 1 0.000000 0.000000 0.000000
1 1767198749 20.000000 1 20.000000 20.000000 0.000000
2 1767198749 0.000000 1 0.000000 0.000000 0.000000
3 1767198749 0.000000 1 0.000000 0.000000 0.000000
4 1767198749 0.000000 1 0.000000 0.000000 0.000000
1 1767198750 20.000000 1 20.000000 20.000000 0.000000
2 1767198750 0.000000 1 0.000000 0.000000 0.000000
3 1767198750 0.000000 1 0.000000 0.000000 0.000000
4 1767198750 0.000000 1 0.000000 0.000000 0.000000
1 1767198751 20.000000 1 20.000000 20.000000 0.000000
2 1767198751 0.000000 1 0.000000 0.000000 0.000000
3 1767198751 0.000000 1 0.000000 0.000000 0.000000
4 1767198751 0.000000 1 0.000000 0.000000 0.000000
1 1767198752 20.000000 1 20.000000 20.000000 0.000000
2 1767198752 0.000000 1 0.000000 0.000000 0.000000
3 1767198752 0.000000 1 0.000000 0.000000 0.000000
4 1767198752 0.000000 1 0.000000 0.000000 0.000000
1 1767198754 20.000000 1 20.000000 20.000000 0.000000
2 1767198754 0.000000 1 0.000000 0.000000 0.000000
3 1767198754 0.000000 1 0.000000 0.000000 0.000000
4 1767198754 0.000000 1 0.000000 0.000000 0.000000
1 1767198755 20.000000 1 20.000000 20.000000 0.000000
2 1767198755 0.000000 1 0.000000 0.000000 0.000000
3 1767198755 0.000000 1 0.000000 0.000000 0.000000
4 1767198755 0.000000 1 0.000000 0.000000 0.000000
1 1767198756 20.000000 1 20.000000 20.000000 0.000000
2 1767198756 0.000000 1 0.000000 0.000000 0.000000
3 1767198756 0.000000 1 0.000000 0.000000 0.000000
4 1767198756 0.000000 1 0.000000 0.000000 0.000000
1 1767198757 20.000000 1 20.000000 20.000000 0.000000
2 1767198757 0.000000 1 0.000000 0.000000 0.000000
3 1767198757 0.000000 1 0.000000 0.000000 0.000000
4 1767198757 0.000000 1 0.000000 0.000000 0.000000
1 1767198758 20.000000 1 20.000000 20.000000 0.000000
2 1767198758 0.000000 1 0.000000 0.000000 0.000000
3 1767198758 0.000000 1 0.000000 0.000000 0.000000
4 1767198758 0.000000 1 0.000000 0.000000 0.000000
1 1767198759 20.000000 1 20.000000 20.000000 0.000000
2 1767198759 0.000000 1 0.000000 0.000000 0.000000
3 1767198759 0.000000 1 0.000000 0.000000 0.000000
4 1767198759 0.000000 1 0.000000 0.000000 0.000000
1 1767198760 20.000000 1 20.000000 20.000000 0.000000
2 1767198760 0.000000 1 0.000000 0.000000 0.000000
3 1767198760 0.000000 1 0.000000 0.000000 0.000000
4 1767198760 0.000000 1 0.000000 0.000000 0.000000
1 1767198761 20.000000 1 20.000000 20.000000 0.000000
2 1767198761 0.000000 1 0.000000 0.000000 0.000000
3 1767198761 0.000000 1 0.000000 0.000000 0.000000
4 1767198761 0.000000 1 0.000000 0.000000 0.000000
1 1767198762 20.000000 1 20.000000 20.000000 0.000000
2 1767198762 0.000000 1 0.000000 0.000000 0.000000
3 1767198762 0.000000 1 0.000000 0.000000 0.000000
4 1767198762 0.000000 1 0.000000 0.000000 0.000000
1 1767198763 30.000000 1 30.000000 30.000000 0.000000
2 1767198763 0.000000 1 0.000000 0.000000 0.000000
3 1767198763 0.000000 1 0.000000 0.000000 0.000000
4 1767198763 0.000000 1 0.000000 0.000000 0.000000
1 1767198764 30.000000 1 30.000000 30.000000 0.000000
2 1767198764 0.000000 1 0.000000 0.000000 0.000000
3 1767198764 0.000000 1 0.000000 0.000000 0.000000
4 1767198764 0.000000 1 0.000000 0.000000 0.000000
1 1767198765 30.000000 1 30.000000 30.000000 0.000000
2 1767198765 0.000000 1 0.000000 0.000000 0.000000
3 1767198765 0.000000 1 0.000000 0.000000 0.000000
4 1767198765 0.000000 1 0.000000 0.000000 0.000000
1 1767198766 30.000000 1 30.000000 30.000000 0.000000
2 1767198766 0.000000 1 0.000000 0.000000 0.000000
3 1767198766 0.000000 1 0.000000 0.000000 0.000000
4 1767198766 0.000000 1 0.000000 0.000000 0.000000
1 1767198767 30.000000 1 30.000000 30.000000 0.000000
2 1767198767 0.000000 1 0.000000 0.000000 0.000000
3 1767198767 0.000000 1 0.000000 0.000000 0.000000
4 1767198767 0.000000 1 0.000000 0.000000 0.000000
1 1767198768 30.000000 1 30.000000 30.000000 0.000000
2 1767198768 0.000000 1 0.000000 0.000000 0.000000
3 1767198768 0.000000 1 0.000000 0.000000 0.000000
4 1767198768 0.000000 1 0.000000 0.000000 0.000000
1 1767198769 30.000000 1 30.000000 30.000000 0.000000
2 1767198769 0.000000 1 0.000000 0.000000 0.000000
3 1767198769 0.000000 1 0.000000 0.000000 0.000000
4 1767198769 0.000000 1 0.000000 0.000000 0.000000
1 1767198770 30.000000 1 30.000000 30.000000 0.000000
2 1767198770 0.000000 1 0.000000 0.000000 0.000000
3 1767198770 0.000000 1 0.000000 0.000000 0.000000
4 1767198770 0.000000 1 0.000000 0.000000 0.000000
1 1767198771 30.000000 1 30.000000 30.000000 0.000000
2 1767198771 0.000000 1 0.000000 0.000000 0.000000
3 1767198771 0.000000 1 0.000000 0.000000 0.000000
4 1767198771 0.000000 1 0.000000 0.000000 0.000000
1 1767198772 30.000000 1 30.000000 30.000000 0.000000
2 1767198772 0.000000 1 0.000000 0.000000 0.000000
3 1767198772 0.000000 1 0.000000 0.000000 0.000000
4 1767198772 0.000000 1 0.000000 0.000000 0.000000
1 1767198773 30.000000 1 30.000000 30.000000 0.000000
2 1767198773 0.000000 1 0.000000 0.000000 0.000000
3 1767198773 0.000000 1 0.000000 0.000000 0.000000
4 1767198773 0.000000 1 0.000000 0.000000 0.000000
1 1767198774 30.000000 1 30.000000 30.000000 0.000000
2 1767198774 0.000000 1 0.000000 0.000000 0.000000
3 1767198774 0.000000 1 0.000000 0.000000 0.000000
4 1767198774 0.000000 1 0.000000 0.000000 0.000000
1 1767198775 30.000000 1 30.000000 30.000000 0.000000
2 1767198775 0.000000 1 0.000000 0.000000 0.000000
3 1767198775 0.000000 1 0.000000 0.000000 0.000000
4 1767198775 0.000000 1 0.000000 0.000000 0.000000
1 1767198776 30.000000 1 30.000000 30.000000 0.000000
2 1767198776 0.000000 1 0.000000 0.000000 0.000000
3 1767198776 0.000000 1 0.000000 0.000000 0.000000
4 1767198776 0.000000 1 0.000000 0.000000 0.000000
1 1767198777 30.000000 1 30.000000 30.000000 0.000000
2 1767198777 0.000000 1 0.000000 0.000000 0.000000
3 1767198777 0.000000 1 0.000000 0.000000 0.000000
4 1767198777 0.000000 1 0.000000 0.000000 0.000000
1 1767198778 30.000000 1 30.000000 30.000000 0.000000
2 1767198778 0.000000 1 0.000000 0.000000 0.000000
3 1767198778 0.000000 1 0.000000 0.000000 0.000000
4 1767198778 0.000000 1 0.000000 0.000000 0.000000
1 1767198779 30.000000 1 30.000000 30.000000 0.000000
2 1767198779 0.000000 1 0.000000 0.000000 0.000000
3 1767198779 0.000000 1 0.000000 0.000000 0.000000
4 1767198779 0.000000 1 0.000000 0.000000 0.000000
1 1767198780 30.000000 1 30.000000 30.000000 0.000000
2 1767198780 0.000000 1 0.000000 0.000000 0.000000
3 1767198780 0.000000 1 0.000000 0.000000 0.000000
4 1767198780 0.000000 1 0.000000 0.000000 0.000000
1 1767198781 30.000000 1 30.000000 30.000000 0.000000
2 1767198781 0.000000 1 0.000000 0.000000 0.000000
3 1767198781 0.000000 1 0.000000 0.000000 0.000000
4 1767198781 0.000000 1 0.000000 0.000000 0.000000
1 1767198782 30.000000 1 30.000000 30.000000 0.000000
2 1767198782 0.000000 1 0.000000 0.000000 0.000000
3 1767198782 0.000000 1 0.000000 0.000000 0.000000
4 1767198782 0.000000 1 0.000000 0.000000 0.000000
1 1767198783 30.000000 1 30.000000 30.000000 0.000000
2 1767198783 0.000000 1 0.000000 0.000000 0.000000
3 1767198783 0.000000 1 0.000000 0.000000 0.000000
4 1767198783 0.000000 1 0.000000 0.000000 0.000000
1 1767198784 30.000000 1 30.000000 30.000000 0.000000
2 1767198784 0.000000 1 0.000000 0.000000 0.000000
3 1767198784 0.000000 1 0.000000 0.000000 0.000000
4 1767198784 0.000000 1 0.000000 0.000000 0.000000
1 1767198785 30.000000 1 30.000000 30.000000 0.000000
2 1767198785 0.000000 1 0.000000 0.000000 0.000000
3 1767198785 0.000000 1 0.000000 0.000000 0.000000
4 1767198785 0.000000 1 0.000000 0.000000 0.000000
1 1767198786 30.000000 1 30.000000 30.000000 0.000000
2 1767198786 0.000000 1 0.000000 0.000000 0.000000
3 1767198786 0.000000 1 0.000000 0.000000 0.000000
4 1767198786 0.000000 1 0.000000 0.000000 0.000000
1 1767198787 30.000000 1 30.000000 30.000000 0.000000
2 1767198787 0.000000 1 0.000000 0.000000 0.000000
3 1767198787 0.000000 1 0.000000 0.000000 0.000000
4 1767198787 0.000000 1 0.000000 0.000000 0.000000
1 1767198788 30.000000 1 30.000000 30.000000 0.000000
2 1767198788 0.000000 1 0.000000 0.000000 0.000000
3 1767198788 0.000000 1 0.000000 0.000000 0.000000
4 1767198788 0.000000 1 0.000000 0.000000 0.000000
1 1767198789 30.000000 1 30.000000 30.000000 0.000000
2 1767198789 0.000000 1 0.000000 0.000000 0.000000
3 1767198789 0.000000 1 0.000000 0.000000 0.000000
4 1767198789 0.000000 1 0.000000 0.000000 0.000000
1 1767198790 30.000000 1 30.000000 30.000000 0.000000
2 1767198790 0.000000 1 0.000000 0.000000 0.000000
3 1767198790 0.000000 1 0.000000 0.000000 0.000000
4 1767198790 0.000000 1 0.000000 0.000000 0.000000
1 1767198791 30.000000 1 30.000000 30.000000 0.000000
2 1767198791 0.000000 1 0.000000 0.000000 0.000000
3 1767198791 0.000000 1 0.000000 0.000000 0.000000
4 1767198791 0.000000 1 0.000000 0.000000 0.000000
1 1767198792 30.000000 1 30.000000 30.000000 0.000000
2 1767198792 0.000000 1 0.000000 0.000000 0.000000
3 1767198792 0.000000 1 0.000000 0.000000 0.000000
4 1767198792 0.000000 1 0.000000 0.000000 0.000000
1 1767198793 40.000000 1 40.000000 40.000000 0.000000
2 1767198793 0.000000 1 0.000000 0.000000 0.000000
3 1767198793 0.000000 1 0.000000 0.000000 0.000000
4 1767198793 0.000000 1 0.000000 0.000000 0.000000
1 1767198794 40.000000 1 40.000000 40.000000 0.000000
2 1767198794 0.000000 1 0.000000 0.000000 0.000000
3 1767198794 0.000000 1 0.000000 0.000000 0.000000
4 1767198794 0.000000 1 0.000000 0.000000 0.000000
1 1767198795 40.000000 1 40.000000 40.000000 0.000000
2 1767198795 0.000000 1 0.000000 0.000000 0.000000
3 1767198795 0.000000 1 0.000000 0.000000 0.000000
4 1767198795 0.000000 1 0.000000 0.000000 0.000000
1 1767198796 40.000000 1 40.000000 40.000000 0.000000
2 1767198796 0.000000 1 0.000000 0.000000 0.000000
3 1767198796 0.000000 1 0.000000 0.000000 0.000000
4 1767198796 0.000000 1 0.000000 0.000000 0.000000
1 1767198797 40.000000 1 40.000000 40.000000 0.000000
2 1767198797 0.000000 1 0.000000 0.000000 0.000000
3 1767198797 0.000000 1 0.000000 0.000000 0.000000
4 1767198797 0.000000 1 0.000000 0.000000 0.000000
1 1767198798 40.000000 1 40.000000 40.000000 0.000000
2 1767198798 0.000000 1 0.000000 0.000000 0.000000
3 1767198798 0.000000 1 0.000000 0.000000 0.000000
4 1767198798 0.000000 1 0.000000 0.000000 0.000000
1 1767198799 40.000000 1 40.000000 40.000000 0.000000
2 1767198799 0.000000 1 0.000000 0.000000 0.000000
3 1767198799 0.000000 1 0.000000 0.000000 0.000000
4 1767198799 0.000000 1 0.000000 0.000000 0.000000
1 1767198800 40.000000 1 40.000000 40.000000 0.000000
2 1767198800 0.000000 1 0.000000 0.000000 0.000000
3 1767198800 0.000000 1 0.000000 0.000000 0.000000
4 1767198800 0.000000 1 0.000000 0.000000 0.000000
1 1767198801 40.000000 1 40.000000 40.000000 0.000000
2 1767198801 0.000000 1 0.000000 0.000000 0.000000
3 1767198801 0.000000 1 0.000000 0.000000 0.000000
4 1767198801 0.000000 1 0.000000 0.000000 0.000000
1 1767198802 40.000000 1 40.000000 40.000000 0.000000
2 1767198802 0.000000 1 0.000000 0.000000 0.000000
3 1767198802 0.000000 1 0.000000 0.000000 0.000000
4 1767198802 0.000000 1 0.000000 0.000000 0.000000
1 1767198803 40.000000 1 40.000000 40.000000 0.000000
2 1767198803 0.000000 1 0.000000 0.000000 0.000000
3 1767198803 0.000000 1 0.000000 0.000000 0.000000
4 1767198803 0.000000 1 0.000000 0.000000 0.000000
1 1767198804 40.000000 1 40.000000 40.000000 0.000000
2 1767198804 0.000000 1 0.000000 0.000000 0.000000
3 1767198804 0.000000 1 0.000000 0.000000 0.000000
4 1767198804 0.000000 1 0.000000 0.000000 0.000000
1 1767198805 40.000000 1 40.000000 40.000000 0.000000
2 1767198805 0.000000 1 0.000000 0.000000 0.000000
3 1767198805 0.000000 1 0.000000 0.000000 0.000000
4 1767198805 0.000000 1 0.000000 0.000000 0.000000
1 1767198806 40.000000 1 40.000000 40.000000 0.000000
2 1767198806 0.000000 1 0.000000 0.000000 0.000000
3 1767198806 0.000000 1 0.000000 0.000000 0.000000
4 1767198806 0.000000 1 0.000000 0.000000 0.000000
1 1767198807 40.000000 1 40.000000 40.000000 0.000000
2 1767198807 0.000000 1 0.000000 0.000000 0.000000
3 1767198807 0.000000 1 0.000000 0.000000 0.000000
4 1767198807 0.000000 1 0.000000 0.000000 0.000000
1 1767198808 40.000000 1 40.000000 40.000000 0.000000
2 1767198808 0.000000 1 0.000000 0.000000 0.000000
3 1767198808 0.000000 1 0.000000 0.000000 0.000000
4 1767198808 0.000000 1 0.000000 0.000000 0.000000
1 1767198809 40.000000 1 40.000000 40.000000 0.000000
2 1767198809 0.000000 1 0.000000 0.000000 0.000000
3 1767198809 0.000000 1 0.000000 0.000000 0.000000
4 1767198809 0.000000 1 0.000000 0.000000 0.000000
1 1767198810 40.000000 1 40.000000 40.000000 0.000000
2 1767198810 0.000000 1 0.000000 0.000000 0.000000
3 1767198810 0.000000 1 0.000000 0.000000 0.000000
4 1767198810 0.000000 1 0.000000 0.000000 0.000000
1 1767198811 40.000000 1 40.000000 40.000000 0.000000
2 1767198811 0.000000 1 0.000000 0.000000 0.000000
3 1767198811 0.000000 1 0.000000 0.000000 0.000000
4 1767198811 0.000000 1 0.000000 0.000000 0.000000
1 1767198812 40.000000 1 40.000000 40.000000 0.000000
2 1767198812 0.000000 1 0.000000 0.000000 0.000000
3 1767198812 0.000000 1 0.000000 0.000000 0.000000
4 1767198812 0.000000 1 0.000000 0.000000 0.000000
1 1767198813 40.000000 1 40.000000 40.000000 0.000000
2 1767198813 0.000000 1 0.000000 0.000000 0.000000
3 1767198813 0.000000 1 0.000000 0.000000 0.000000
4 1767198813 0.000000 1 0.000000 0.000000 0.000000
1 1767198814 40.000000 1 40.000000 40.000000 0.000000
2 1767198814 0.000000 1 0.000000 0.000000 0.000000
3 1767198814 0.000000 1 0.000000 0.000000 0.000000
4 1767198814 0.000000 1 0.000000 0.000000 0.000000
1 1767198815 40.000000 1 40.000000 40.000000 0.000000
2 1767198815 0.000000 1 0.000000 0.000000 0.000000
3 1767198815 0.000000 1 0.000000 0.000000 0.000000
4 1767198815 0.000000 1 0.000000 0.000000 0.000000
1 1767198817 40.000000 1 40.000000 40.000000 0.000000
2 1767198817 0.000000 1 0.000000 0.000000 0.000000
3 1767198817 0.000000 1 0.000000 0.000000 0.000000
4 1767198817 0.000000 1 0.000000 0.000000 0.000000
1 1767198818 40.000000 1 40.000000 40.000000 0.000000
2 1767198818 0.000000 1 0.000000 0.000000 0.000000
3 1767198818 0.000000 1 0.000000 0.000000 0.000000
4 1767198818 0.000000 1 0.000000 0.000000 0.000000
1 1767198819 40.000000 1 40.000000 40.000000 0.000000
2 1767198819 0.000000 1 0.000000 0.000000 0.000000
3 1767198819 0.000000 1 0.000000 0.000000 0.000000
4 1767198819 0.000000 1 0.000000 0.000000 0.000000
1 1767198820 40.000000 1 40.000000 40.000000 0.000000
2 1767198820 0.000000 1 0.000000 0.000000 0.000000
3 1767198820 0.000000 1 0.000000 0.000000 0.000000
4 1767198820 0.000000 1 0.000000 0.000000 0.000000
1 1767198821 40.000000 1 40.000000 40.000000 0.000000
2 1767198821 0.000000 1 0.000000 0.000000 0.000000
3 1767198821 0.000000 1 0.000000 0.000000 0.000000
4 1767198821 0.000000 1 0.000000 0.000000 0.000000
1 1767198822 40.000000 1 40.000000 40.000000 0.000000
2 1767198822 0.000000 1 0.000000 0.000000 0.000000
3 1767198822 0.000000 1 0.000000 0.000000 0.000000
4 1767198822 0.000000 1 0.000000 0.000000 0.000000
1 1767198823 40.000000 1 40.000000 40.000000 0.000000
2 1767198823 0.000000 1 0.000000 0.000000 0.000000
3 1767198823 0.000000 1 0.000000 0.000000 0.000000
4 1767198823 0.000000 1 0.000000 0.000000 0.000000
1 1767198824 44.000000 1 44.000000 44.000000 0.000000
2 1767198824 0.000000 1 0.000000 0.000000 0.000000
3 1767198824 0.000000 1 0.000000 0.000000 0.000000
4 1767198824 0.000000 1 0.000000 0.000000 0.000000
1 1767198825 44.000000 1 44.000000 44.000000 0.000000
2 1767198825 0.000000 1 0.000000 0.000000 0.000000
3 1767198825 0.000000 1 0.000000 0.000000 0.000000
4 1767198825 0.000000 1 0.000000 0.000000 0.000000
1 1767198826 44.000000 1 44.000000 44.000000 0.000000
2 1767198826 0.000000 1 0.000000 0.000000 0.000000
3 1767198826 0.000000 1 0.000000 0.000000 0.000000
4 1767198826 0.000000 1 0.000000 0.000000 0.000000
1 1767198827 44.000000 1 44.000000 44.000000 0.000000
2 1767198827 0.000000 1 0.000000 0.000000 0.000000
3 1767198827 0.000000 1 0.000000 0.000000 0.000000
4 1767198827 0.000000 1 0.000000 0.000000 0.000000
1 1767198828 44.000000 1 44.000000 44.000000 0.000000
2 1767198828 0.000000 1 0.000000 0.000000 0.000000
3 1767198828 0.000000 1 0.000000 0.000000 0.000000
4 1767198828 0.000000 1 0.000000 0.000000 0.000000
1 1767198829 44.000000 1 44.000000 44.000000 0.000000
2 1767198829 0.000000 1 0.000000 0.000000 0.000000
3 1767198829 0.000000 1 0.000000 0.000000 0.000000
4 1767198829 0.000000 1 0.000000 0.000000 0.000000
1 1767198830 44.000000 1 44.000000 44.000000 0.000000
2 1767198830 0.000000 1 0.000000 0.000000 0.000000
3 1767198830 0.000000 1 0.000000 0.000000 0.000000
4 1767198830 0.000000 1 0.000000 0.000000 0.000000
1 1767198831 44.000000 1 44.000000 44.000000 0.000000
2 1767198831 0.000000 1 0.000000 0.000000 0.000000
3 1767198831 0.000000 1 0.000000 0.000000 0.000000
4 1767198831 0.000000 1 0.000000 0.000000 0.000000
1 1767198832 44.000000 1 44.000000 44.000000 0.000000
2 1767198832 0.000000 1 0.000000 0.000000 0.000000
3 1767198832 0.000000 1 0.000000 0.000000 0.000000
4 1767198832 0.000000 1 0.000000 0.000000 0.000000
1 1767198833 44.000000 1 44.000000 44.000000 0.000000
2 1767198833 0.000000 1 0.000000 0.000000 0.000000
3 1767198833 0.000000 1 0.000000 0.000000 0.000000
4 1767198833 0.000000 1 0.000000 0.000000 0.000000
1 1767198834 44.000000 1 44.000000 44.000000 0.000000
2 1767198834 0.000000 1 0.000000 0.000000 0.000000
3 1767198834 0.000000 1 0.000000 0.000000 0.000000
4 1767198834 0.000000 1 0.000000 0.000000 0.000000
1 1767198835 44.000000 1 44.000000 44.000000 0.000000
2 1767198835 0.000000 1 0.000000 0.000000 0.000000
3 1767198835 0.000000 1 0.000000 0.000000 0.000000
4 1767198835 0.000000 1 0.000000 0.000000 0.000000
1 1767198836 44.000000 1 44.000000 44.000000 0.000000
2 1767198836 0.000000 1 0.000000 0.000000 0.000000
3 1767198836 0.000000 1 0.000000 0.000000 0.000000
4 1767198836 0.000000 1 0.000000 0.000000 0.000000
1 1767198837 44.000000 1 44.000000 44.000000 0.000000
2 1767198837 0.000000 1 0.000000 0.000000 0.000000
3 1767198837 0.000000 1 0.000000 0.000000 0.000000
4 1767198837 0.000000 1 0.000000 0.000000 0.000000
1 1767198838 44.000000 1 44.000000 44.000000 0.000000
2 1767198838 0.000000 1 0.000000 0.000000 0.000000
3 1767198838 0.000000 1 0.000000 0.000000 0.000000
4 1767198838 0.000000 1 0.000000 0.000000 0.000000
1 1767198839 44.000000 1 44.000000 44.000000 0.000000
2 1767198839 0.000000 1 0.000000 0.000000 0.000000
3 1767198839 0.000000 1 0.000000 0.000000 0.000000
4 1767198839 0.000000 1 0.000000 0.000000 0.000000
1 1767198840 44.000000 1 44.000000 44.000000 0.000000
2 1767198840 0.000000 1 0.000000 0.000000 0.000000
3 1767198840 0.000000 1 0.000000 0.000000 0.000000
4 1767198840 0.000000 1 0.000000 0.000000 0.000000
1 1767198841 44.000000 1 44.000000 44.000000 0.000000
2 1767198841 0.000000 1 0.000000 0.000000 0.000000
3 1767198841 0.000000 1 0.000000 0.000000 0.000000
4 1767198841 0.000000 1 0.000000 0.000000 0.000000
1 1767198842 44.000000 1 44.000000 44.000000 0.000000
2 1767198842 0.000000 1 0.000000 0.000000 0.000000
3 1767198842 0.000000 1 0.000000 0.000000 0.000000
4 1767198842 0.000000 1 0.000000 0.000000 0.000000
1 1767198843 44.000000 1 44.000000 44.000000 0.000000
2 1767198843 0.000000 1 0.000000 0.000000 0.000000
3 1767198843 0.000000 1 0.000000 0.000000 0.000000
4 1767198843 0.000000 1 0.000000 0.000000 0.000000
1 1767198844 44.000000 1 44.000000 44.000000 0.000000
2 1767198844 0.000000 1 0.000000 0.000000 0.000000
3 1767198844 0.000000 1 0.000000 0.000000 0.000000
4 1767198844 0.000000 1 0.000000 0.000000 0.000000
1 1767198845 44.000000 1 44.000000 44.000000 0.000000
2 1767198845 0.000000 1 0.000000 0.000000 0.000000
3 1767198845 0.000000 1 0.000000 0.000000 0.000000
4 1767198845 0.000000 1 0.000000 0.000000 0.000000
1 1767198846 44.000000 1 44.000000 44.000000 0.000000
2 1767198846 0.000000 1 0.000000 0.000000 0.000000
3 1767198846 0.000000 1 0.000000 0.000000 0.000000
4 1767198846 0.000000 1 0.000000 0.000000 0.000000
1 1767198847 44.000000 1 44.000000 44.000000 0.000000
2 1767198847 0.000000 1 0.000000 0.000000 0.000000
3 1767198847 0.000000 1 0.000000 0.000000 0.000000
4 1767198847 0.000000 1 0.000000 0.000000 0.000000
1 1767198848 44.000000 1 44.000000 44.000000 0.000000
2 1767198848 0.000000 1 0.000000 0.000000 0.000000
3 1767198848 0.000000 1 0.000000 0.000000 0.000000
4 1767198848 0.000000 1 0.000000 0.000000 0.000000
1 1767198849 44.000000 1 44.000000 44.000000 0.000000
2 1767198849 0.000000 1 0.000000 0.000000 0.000000
3 1767198849 0.000000 1 0.000000 0.000000 0.000000
4 1767198849 0.000000 1 0.000000 0.000000 0.000000
1 1767198850 44.000000 1 44.000000 44.000000 0.000000
2 1767198850 0.000000 1 0.000000 0.000000 0.000000
3 1767198850 0.000000 1 0.000000 0.000000 0.000000
4 1767198850 0.000000 1 0.000000 0.000000 0.000000
1 1767198851 44.000000 1 44.000000 44.000000 0.000000
2 1767198851 0.000000 1 0.000000 0.000000 0.000000
3 1767198851 0.000000 1 0.000000 0.000000 0.000000
4 1767198851 0.000000 1 0.000000 0.000000 0.000000
1 1767198852 44.000000 1 44.000000 44.000000 0.000000
2 1767198852 0.000000 1 0.000000 0.000000 0.000000
3 1767198852 0.000000 1 0.000000 0.000000 0.000000
4 1767198852 0.000000 1 0.000000 0.000000 0.000000
1 1767198853 44.000000 1 44.000000 44.000000 0.000000
2 1767198853 0.000000 1 0.000000 0.000000 0.000000
3 1767198853 0.000000 1 0.000000 0.000000 0.000000
4 1767198853 0.000000 1 0.000000 0.000000 0.000000
1 1767198854 44.000000 1 44.000000 44.000000 0.000000
2 1767198854 0.000000 1 0.000000 0.000000 0.000000
3 1767198854 0.000000 1 0.000000 0.000000 0.000000
4 1767198854 0.000000 1 0.000000 0.000000 0.000000
1 1767198855 44.000000 1 44.000000 44.000000 0.000000
2 1767198855 0.000000 1 0.000000 0.000000 0.000000
3 1767198855 0.000000 1 0.000000 0.000000 0.000000
4 1767198855 0.000000 1 0.000000 0.000000 0.000000
1 1767198856 44.000000 1 44.000000 44.000000 0.000000
2 1767198856 0.000000 1 0.000000 0.000000 0.000000
3 1767198856 0.000000 1 0.000000 0.000000 0.000000
4 1767198856 0.000000 1 0.000000 0.000000 0.000000
1 1767198857 44.000000 1 44.000000 44.000000 0.000000
2 1767198857 0.000000 1 0.000000 0.000000 0.000000
3 1767198857 0.000000 1 0.000000 0.000000 0.000000
4 1767198857 0.000000 1 0.000000 0.000000 0.000000
1 1767198858 44.000000 1 44.000000 44.000000 0.000000
2 1767198858 0.000000 1 0.000000 0.000000 0.000000
3 1767198858 0.000000 1 0.000000 0.000000 0.000000
4 1767198858 0.000000 1 0.000000 0.000000 0.000000
1 1767198859 44.000000 1 44.000000 44.000000 0.000000
2 1767198859 0.000000 1 0.000000 0.000000 0.000000
3 1767198859 0.000000 1 0.000000 0.000000 0.000000
4 1767198859 0.000000 1 0.000000 0.000000 0.000000
1 1767198860 44.000000 1 44.000000 44.000000 0.000000
2 1767198860 0.000000 1 0.000000 0.000000 0.000000
3 1767198860 0.000000 1 0.000000 0.000000 0.000000
4 1767198860 0.000000 1 0.000000 0.000000 0.000000
1 1767198861 44.000000 1 44.000000 44.000000 0.000000
2 1767198861 0.000000 1 0.000000 0.000000 0.000000
3 1767198861 0.000000 1 0.000000 0.000000 0.000000
4 1767198861 0.000000 1 0.000000 0.000000 0.000000
1 1767198862 44.000000 1 44.000000 44.000000 0.000000
2 1767198862 0.000000 1 0.000000 0.000000 0.000000
3 1767198862 0.000000 1 0.000000 0.000000 0.000000
4 1767198862 0.000000 1 0.000000 0.000000 0.000000
1 1767198863 44.000000 1 44.000000 44.000000 0.000000
2 1767198863 0.000000 1 0.000000 0.000000 0.000000
3 1767198863 0.000000 1 0.000000 0.000000 0.000000
4 1767198863 0.000000 1 0.000000 0.000000 0.000000
1 1767198864 44.000000 1 44.000000 44.000000 0.000000
2 1767198864 0.000000 1 0.000000 0.000000 0.000000
3 1767198864 0.000000 1 0.000000 0.000000 0.000000
4 1767198864 0.000000 1 0.000000 0.000000 0.000000
1 1767198865 44.000000 1 44.000000 44.000000 0.000000
2 1767198865 0.000000 1 0.000000 0.000000 0.000000
3 1767198865 0.000000 1 0.000000 0.000000 0.000000
4 1767198865 0.000000 1 0.000000 0.000000 0.000000
1 1767198866 44.000000 1 44.000000 44.000000 0.000000
2 1767198866 0.000000 1 0.000000 0.000000 0.000000
3 1767198866 0.000000 1 0.000000 0.000000 0.000000
4 1767198866 0.000000 1 0.000000 0.000000 0.000000
1 1767198867 44.000000 1 44.000000 44.000000 0.000000
2 1767198867 0.000000 1 0.000000 0.000000 0.000000
3 1767198867 0.000000 1 0.000000 0.000000 0.000000
4 1767198867 0.000000 1 0.000000 0.000000 0.000000
1 1767198868 44.000000 1 44.000000 44.000000 0.000000
2 1767198868 0.000000 1 0.000000 0.000000 0.000000
3 1767198868 0.000000 1 0.000000 0.000000 0.000000
4 1767198868 0.000000 1 0.000000 0.000000 0.000000
1 1767198869 44.000000 1 44.000000 44.000000 0.000000
2 1767198869 0.000000 1 0.000000 0.000000 0.000000
3 1767198869 0.000000 1 0.000000 0.000000 0.000000
4 1767198869 0.000000 1 0.000000 0.000000 0.000000
1 1767198870 44.000000 1 44.000000 44.000000 0.000000
2 1767198870 0.000000 1 0.000000 0.000000 0.000000
3 1767198870 0.000000 1 0.000000 0.000000 0.000000
4 1767198870 0.000000 1 0.000000 0.000000 0.000000
1 1767198871 44.000000 1 44.000000 44.000000 0.000000
2 1767198871 0.000000 1 0.000000 0.000000 0.000000
3 1767198871 0.000000 1 0.000000 0.000000 0.000000
4 1767198871 0.000000 1 0.000000 0.000000 0.000000
1 1767198872 44.000000 1 44.000000 44.000000 0.000000
2 1767198872 0.000000 1 0.000000 0.000000 0.000000
3 1767198872 0.000000 1 0.000000 0.000000 0.000000
4 1767198872 0.000000 1 0.000000 0.000000 0.000000
1 1767198873 44.000000 1 44.000000 44.000000 0.000000
2 1767198873 0.000000 1 0.000000 0.000000 0.000000
3 1767198873 0.000000 1 0.000000 0.000000 0.000000
4 1767198873 0.000000 1 0.000000 0.000000 0.000000
1 1767198874 44.000000 1 44.000000 44.000000 0.000000
2 1767198874 0.000000 1 0.000000 0.000000 0.000000
3 1767198874 0.000000 1 0.000000 0.000000 0.000000
4 1767198874 0.000000 1 0.000000 0.000000 0.000000
1 1767198875 44.000000 1 44.000000 44.000000 0.000000
2 1767198875 0.000000 1 0.000000 0.000000 0.000000
3 1767198875 0.000000 1 0.000000 0.000000 0.000000
4 1767198875 0.000000 1 0.000000 0.000000 0.000000
1 1767198876 44.000000 1 44.000000 44.000000 0.000000
2 1767198876 0.000000 1 0.000000 0.000000 0.000000
3 1767198876 0.000000 1 0.000000 0.000000 0.000000
4 1767198876 0.000000 1 0.000000 0.000000 0.000000
1 1767198877 44.000000 1 44.000000 44.000000 0.000000
2 1767198877 0.000000 1 0.000000 0.000000 0.000000
3 1767198877 0.000000 1 0.000000 0.000000 0.000000
4 1767198877 0.000000 1 0.000000 0.000000 0.000000
1 1767198878 44.000000 1 44.000000 44.000000 0.000000
2 1767198878 0.000000 1 0.000000 0.000000 0.000000
3 1767198878 0.000000 1 0.000000 0.000000 0.000000
4 1767198878 0.000000 1 0.000000 0.000000 0.000000
1 1767198879 44.000000 1 44.000000 44.000000 0.000000
2 1767198879 0.000000 1 0.000000 0.000000 0.000000
3 1767198879 0.000000 1 0.000000 0.000000 0.000000
4 1767198879 0.000000 1 0.000000 0.000000 0.000000
1 1767198880 44.000000 1 44.000000 44.000000 0.000000
2 1767198880 0.000000 1 0.000000 0.000000 0.000000
3 1767198880 0.000000 1 0.000000 0.000000 0.000000
4 1767198880 0.000000 1 0.000000 0.000000 0.000000
1 1767198881 44.000000 1 44.000000 44.000000 0.000000
2 1767198881 0.000000 1 0.000000 0.000000 0.000000
3 1767198881 0.000000 1 0.000000 0.000000 0.000000
4 1767198881 0.000000 1 0.000000 0.000000 0.000000
1 1767198883 44.000000 1 44.000000 44.000000 0.000000
2 1767198883 0.000000 1 0.000000 0.000000 0.000000
3 1767198883 0.000000 1 0.000000 0.000000 0.000000
4 1767198883 0.000000 1 0.000000 0.000000 0.000000
1 1767198884 44.000000 1 44.000000 44.000000 0.000000
2 1767198884 0.000000 1 0.000000 0.000000 0.000000
3 1767198884 0.000000 1 0.000000 0.000000 0.000000
4 1767198884 0.000000 1 0.000000 0.000000 0.000000
1 1767198885 44.000000 1 44.000000 44.000000 0.000000
2 1767198885 0.000000 1 0.000000 0.000000 0.000000
3 1767198885 0.000000 1 0.000000 0.000000 0.000000
4 1767198885 0.000000 1 0.000000 0.000000 0.000000
1 1767198886 44.000000 1 44.000000 44.000000 0.000000
2 1767198886 0.000000 1 0.000000 0.000000 0.000000
3 1767198886 0.000000 1 0.000000 0.000000 0.000000
4 1767198886 0.000000 1 0.000000 0.000000 0.000000
1 1767198887 44.000000 1 44.000000 44.000000 0.000000
2 1767198887 0.000000 1 0.000000 0.000000 0.000000
3 1767198887 0.000000 1 0.000000 0.000000 0.000000
4 1767198887 0.000000 1 0.000000 0.000000 0.000000
1 1767198888 44.000000 1 44.000000 44.000000 0.000000
2 1767198888 0.000000 1 0.000000 0.000000 0.000000
3 1767198888 0.000000 1 0.000000 0.000000 0.000000
4 1767198888 0.000000 1 0.000000 0.000000 0.000000
1 1767198889 44.000000 1 44.000000 44.000000 0.000000
2 1767198889 0.000000 1 0.000000 0.000000 0.000000
3 1767198889 0.000000 1 0.000000 0.000000 0.000000
4 1767198889 0.000000 1 0.000000 0.000000 0.000000
1 1767198890 44.000000 1 44.000000 44.000000 0.000000
2 1767198890 0.000000 1 0.000000 0.000000 0.000000
3 1767198890 0.000000 1 0.000000 0.000000 0.000000
4 1767198890 0.000000 1 0.000000 0.000000 0.000000
1 1767198891 44.000000 1 44.000000 44.000000 0.000000
2 1767198891 0.000000 1 0.000000 0.000000 0.000000
3 1767198891 0.000000 1 0.000000 0.000000 0.000000
4 1767198891 0.000000 1 0.000000 0.000000 0.000000
1 1767198892 44.000000 1 44.000000 44.000000 0.000000
2 1767198892 0.000000 1 0.000000 0.000000 0.000000
3 1767198892 0.000000 1 0.000000 0.000000 0.000000
4 1767198892 0.000000 1 0.000000 0.000000 0.000000
1 1767198893 44.000000 1 44.000000 44.000000 0.000000
2 1767198893 0.000000 1 0.000000 0.000000 0.000000
3 1767198893 0.000000 1 0.000000 0.000000 0.000000
4 1767198893 0.000000 1 0.000000 0.000000 0.000000
1 1767198894 44.000000 1 44.000000 44.000000 0.000000
2 1767198894 0.000000 1 0.000000 0.000000 0.000000
3 1767198894 0.000000 1 0.000000 0.000000 0.000000
4 1767198894 0.000000 1 0.000000 0.000000 0.000000
1 1767198895 44.000000 1 44.000000 44.000000 0.000000
2 1767198895 0.000000 1 0.000000 0.000000 0.000000
3 1767198895 0.000000 1 0.000000 0.000000 0.000000
4 1767198895 0.000000 1 0.000000 0.000000 0.000000
1 1767198896 44.000000 1 44.000000 44.000000 0.000000
2 1767198896 0.000000 1 0.000000 0.000000 0.000000
3 1767198896 0.000000 1 0.000000 0.000000 0.000000
4 1767198896 0.000000 1 0.000000 0.000000 0.000000
1 1767198897 44.000000 1 44.000000 44.000000 0.000000
2 1767198897 0.000000 1 0.000000 0.000000 0.000000
3 1767198897 0.000000 1 0.000000 0.000000 0.000000
4 1767198897 0.000000 1 0.000000 0.000000 0.000000
1 1767198898 44.000000 1 44.000000 44.000000 0.000000
2 1767198898 0.000000 1 0.000000 0.000000 0.000000
3 1767198898 0.000000 1 0.000000 0.000000 0.000000
4 1767198898 0.000000 1 0.000000 0.000000 0.000000
1 1767198899 44.000000 1 44.000000 44.000000 0.000000
2 1767198899 0.000000 1 0.000000 0.000000 0.000000
3 1767198899 0.000000 1 0.000000 0.000000 0.000000
4 1767198899 0.000000 1 0.000000 0.000000 0.000000
1 1767198900 44.000000 1 44.000000 44.000000 0.000000
2 1767198900 0.000000 1 0.000000 0.000000 0.000000
3 1767198900 0.000000 1 0.000000 0.000000 0.000000
4 1767198900 0.000000 1 0.000000 0.000000 0.000000
1 1767198901 44.000000 1 44.000000 44.000000 0.000000
2 1767198901 0.000000 1 0.000000 0.000000 0.000000
3 1767198901 0.000000 1 0.000000 0.000000 0.000000
4 1767198901 0.000000 1 0.000000 0.000000 0.000000
1 1767198902 44.000000 1 44.000000 44.000000 0.000000
2 1767198902 0.000000 1 0.000000 0.000000 0.000000
3 1767198902 0.000000 1 0.000000 0.000000 0.000000
4 1767198902 0.000000 1 0.000000 0.000000 0.000000
1 1767198903 44.000000 1 44.000000 44.000000 0.000000
2 1767198903 0.000000 1 0.000000 0.000000 0.000000
3 1767198903 0.000000 1 0.000000 0.000000 0.000000
4 1767198903 0.000000 1 0.000000 0.000000 0.000000
1 1767198904 44.000000 1 44.000000 44.000000 0.000000
2 1767198904 0.000000 1 0.000000 0.000000 0.000000
3 1767198904 0.000000 1 0.000000 0.000000 0.000000
4 1767198904 0.000000 1 0.000000 0.000000 0.000000
1 1767198905 44.000000 1 44.000000 44.000000 0.000000
2 1767198905 0.000000 1 0.000000 0.000000 0.000000
3 1767198905 0.000000 1 0.000000 0.000000 0.000000
4 1767198905 0.000000 1 0.000000 0.000000 0.000000
1 1767198906 44.000000 1 44.000000 44.000000 0.000000
2 1767198906 0.000000 1 0.000000 0.000000 0.000000
3 1767198906 0.000000 1 0.000000 0.000000 0.000000
4 1767198906 0.000000 1 0.000000 0.000000 0.000000
1 1767198907 44.000000 1 44.000000 44.000000 0.000000
2 1767198907 0.000000 1 0.000000 0.000000 0.000000
3 1767198907 0.000000 1 0.000000 0.000000 0.000000
4 1767198907 0.000000 1 0.000000 0.000000 0.000000
1 1767198908 44.000000 1 44.000000 44.000000 0.000000
2 1767198908 0.000000 1 0.000000 0.000000 0.000000
3 1767198908 0.000000 1 0.000000 0.000000 0.000000
4 1767198908 0.000000 1 0.000000 0.000000 0.000000
1 1767198909 44.000000 1 44.000000 44.000000 0.000000
2 1767198909 0.000000 1 0.000000 0.000000 0.000000
3 1767198909 0.000000 1 0.000000 0.000000 0.000000
4 1767198909 0.000000 1 0.000000 0.000000 0.000000
1 1767198910 44.000000 1 44.000000 44.000000 0.000000
2 1767198910 0.000000 1 0.000000 0.000000 0.000000
3 1767198910 0.000000 1 0.000000 0.000000 0.000000
4 1767198910 0.000000 1 0.000000 0.000000 0.000000
1 1767198911 44.000000 1 44.000000 44.000000 0.000000
2 1767198911 0.000000 1 0.000000 0.000000 0.000000
3 1767198911 0.000000 1 0.000000 0.000000 0.000000
4 1767198911 0.000000 1 0.000000 0.000000 0.000000
1 1767198912 44.000000 1 44.000000 44.000000 0.000000
2 1767198912 0.000000 1 0.000000 0.000000 0.000000
3 1767198912 0.000000 1 0.000000 0.000000 0.000000
4 1767198912 0.000000 1 0.000000 0.000000 0.000000
1 1767198913 44.000000 1 44.000000 44.000000 0.000000
2 1767198913 0.000000 1 0.000000 0.000000 0.000000
3 1767198913 0.000000 1 0.000000 0.000000 0.000000
4 1767198913 0.000000 1 0.000000 0.000000 0.000000
1 1767198914 44.000000 1 44.000000 44.000000 0.000000
2 1767198914 0.000000 1 0.000000 0.000000 0.000000
3 1767198914 0.000000 1 0.000000 0.000000 0.000000
4 1767198914 0.000000 1 0.000000 0.000000 0.000000
1 1767198915 44.000000 1 44.000000 44.000000 0.000000
2 1767198915 0.000000 1 0.000000 0.000000 0.000000
3 1767198915 0.000000 1 0.000000 0.000000 0.000000
4 1767198915 0.000000 1 0.000000 0.000000 0.000000
1 1767198916 44.000000 1 44.000000 44.000000 0.000000
2 1767198916 0.000000 1 0.000000 0.000000 0.000000
3 1767198916 0.000000 1 0.000000 0.000000 0.000000
4 1767198916 0.000000 1 0.000000 0.000000 0.000000
1 1767198917 44.000000 1 44.000000 44.000000 0.000000
2 1767198917 0.000000 1 0.000000 0.000000 0.000000
3 1767198917 0.000000 1 0.000000 0.000000 0.000000
4 1767198917 0.000000 1 0.000000 0.000000 0.000000
1 1767198918 44.000000 1 44.000000 44.000000 0.000000
2 1767198918 0.000000 1 0.000000 0.000000 0.000000
3 1767198918 0.000000 1 0.000000 0.000000 0.000000
4 1767198918 0.000000 1 0.000000 0.000000 0.000000
1 1767198919 44.000000 1 44.000000 44.000000 0.000000
2 1767198919 0.000000 1 0.000000 0.000000 0.000000
3 1767198919 0.000000 1 0.000000 0.000000 0.000000
4 1767198919 0.000000 1 0.000000 0.000000 0.000000
1 1767198920 44.000000 1 44.000000 44.000000 0.000000
2 1767198920 0.000000 1 0.000000 0.000000 0.000000
3 1767198920 0.000000 1 0.000000 0.000000 0.000000
4 1767198920 0.000000 1 0.000000 0.000000 0.000000
1 1767198921 44.000000 1 44.000000 44.000000 0.000000
2 1767198921 0.000000 1 0.000000 0.000000 0.000000
3 1767198921 0.000000 1 0.000000 0.000000 0.000000
4 1767198921 0.000000 1 0.000000 0.000000 0.000000
1 1767198922 44.000000 1 44.000000 44.000000 0.000000
2 1767198922 0.000000 1 0.000000 0.000000 0.000000
3 1767198922 0.000000 1 0.000000 0.000000 0.000000
4 1767198922 0.000000 1 0.000000 0.000000 0.000000
1 1767198923 44.000000 1 44.000000 44.000000 0.000000
2 1767198923 0.000000 1 0.000000 0.000000 0.000000
3 1767198923 0.000000 1 0.000000 0.000000 0.000000
4 1767198923 0.000000 1 0.000000 0.000000 0.000000
1 1767198924 44.000000 1 44.000000 44.000000 0.000000
2 1767198924 0.000000 1 0.000000 0.000000 0.000000
3 1767198924 0.000000 1 0.000000 0.000000 0.000000
4 1767198924 0.000000 1 0.000000 0.000000 0.000000
1 1767198925 44.000000 1 44.000000 44.000000 0.000000
2 1767198925 0.000000 1 0.000000 0.000000 0.000000
3 1767198925 0.000000 1 0.000000 0.000000 0.000000
4 1767198925 0.000000 1 0.000000 0.000000 0.000000
1 1767198926 44.000000 1 44.000000 44.000000 0.000000
2 1767198926 0.000000 1 0.000000 0.000000 0.000000
3 1767198926 0.000000 1 0.000000 0.000000 0.000000
4 1767198926 0.000000 1 0.000000 0.000000 0.000000
1 1767198927 44.000000 1 44.000000 44.000000 0.000000
2 1767198927 0.000000 1 0.000000 0.000000 0.000000
3 1767198927 0.000000 1 0.000000 0.000000 0.000000
4 1767198927 0.000000 1 0.000000 0.000000 0.000000
1 1767198928 44.000000 1 44.000000 44.000000 0.000000
2 1767198928 0.000000 1 0.000000 0.000000 0.000000
3 1767198928 0.000000 1 0.000000 0.000000 0.000000
4 1767198928 0.000000 1 0.000000 0.000000 0.000000
1 1767198929 44.000000 1 44.000000 44.000000 0.000000
2 1767198929 0.000000 1 0.000000 0.000000 0.000000
3 1767198929 0.000000 1 0.000000 0.000000 0.000000
4 1767198929 0.000000 1 0.000000 0.000000 0.000000
1 1767198930 44.000000 1 44.000000 44.000000 0.000000
2 1767198930 0.000000 1 0.000000 0.000000 0.000000
3 1767198930 0.000000 1 0.000000 0.000000 0.000000
4 1767198930 0.000000 1 0.000000 0.000000 0.000000
1 1767198931 44.000000 1 44.000000 44.000000 0.000000
2 1767198931 0.000000 1 0.000000 0.000000 0.000000
3 1767198931 0.000000 1 0.000000 0.000000 0.000000
4 1767198931 0.000000 1 0.000000 0.000000 0.000000
1 1767198932 44.000000 1 44.000000 44.000000 0.000000
2 1767198932 0.000000 1 0.000000 0.000000 0.000000
3 1767198932 0.000000 1 0.000000 0.000000 0.000000
4 1767198932 0.000000 1 0.000000 0.000000 0.000000
1 1767198933 44.000000 1 44.000000 44.000000 0.000000
2 1767198933 0.000000 1 0.000000 0.000000 0.000000
3 1767198933 0.000000 1 0.000000 0.000000 0.000000
4 1767198933 0.000000 1 0.000000 0.000000 0.000000
1 1767198934 44.000000 1 44.000000 44.000000 0.000000
2 1767198934 0.000000 1 0.000000 0.000000 0.000000
3 1767198934 0.000000 1 0.000000 0.000000 0.000000
4 1767198934 0.000000 1 0.000000 0.000000 0.000000
1 1767198935 44.000000 1 44.000000 44.000000 0.000000
2 1767198935 0.000000 1 0.000000 0.000000 0.000000
3 1767198935 0.000000 1 0.000000 0.000000 0.000000
4 1767198935 0.000000 1 0.000000 0.000000 0.000000
1 1767198936 44.000000 1 44.000000 44.000000 0.000000
2 1767198936 0.000000 1 0.000000 0.000000 0.000000
3 1767198936 0.000000 1 0.000000 0.000000 0.000000
4 1767198936 0.000000 1 0.000000 0.000000 0.000000
1 1767198937 44.000000 1 44.000000 44.000000 0.000000
2 1767198937 0.000000 1 0.000000 0.000000 0.000000
3 1767198937 0.000000 1 0.000000 0.000000 0.000000
4 1767198937 0.000000 1 0.000000 0.000000 0.000000
1 1767198938 44.000000 1 44.000000 44.000000 0.000000
2 1767198938 0.000000 1 0.000000 0.000000 0.000000
3 1767198938 0.000000 1 0.000000 0.000000 0.000000
4 1767198938 0.000000 1 0.000000 0.000000 0.000000
1 1767198939 44.000000 1 44.000000 44.000000 0.000000
2 1767198939 0.000000 1 0.000000 0.000000 0.000000
3 1767198939 0.000000 1 0.000000 0.000000 0.000000
4 1767198939 0.000000 1 0.000000 0.000000 0.000000
1 1767198940 44.000000 1 44.000000 44.000000 0.000000
2 1767198940 0.000000 1 0.000000 0.000000 0.000000
3 1767198940 0.000000 1 0.000000 0.000000 0.000000
4 1767198940 0.000000 1 0.000000 0.000000 0.000000
1 1767198941 44.000000 1 44.000000 44.000000 0.000000
2 1767198941 0.000000 1 0.000000 0.000000 0.000000
3 1767198941 0.000000 1 0.000000 0.000000 0.000000
4 1767198941 0.000000 1 0.000000 0.000000 0.000000
1 1767198942 44.000000 1 44.000000 44.000000 0.000000
2 1767198942 0.000000 1 0.000000 0.000000 0.000000
3 1767198942 0.000000 1 0.000000 0.000000 0.000000
4 1767198942 0.000000 1 0.000000 0.000000 0.000000
1 1767198943 44.000000 1 44.000000 44.000000 0.000000
2 1767198943 0.000000 1 0.000000 0.000000 0.000000
3 1767198943 0.000000 1 0.000000 0.000000 0.000000
4 1767198943 0.000000 1 0.000000 0.000000 0.000000
1 1767198944 44.000000 1 44.000000 44.000000 0.000000
2 1767198944 0.000000 1 0.000000 0.000000 0.000000
3 1767198944 0.000000 1 0.000000 0.000000 0.000000
4 1767198944 0.000000 1 0.000000 0.000000 0.000000
1 1767198945 44.000000 1 44.000000 44.000000 0.000000
2 1767198945 0.000000 1 0.000000 0.000000 0.000000
3 1767198945 0.000000 1 0.000000 0.000000 0.000000
4 1767198945 0.000000 1 0.000000 0.000000 0.000000
1 1767198947 44.000000 1 44.000000 44.000000 0.000000
2 1767198947 0.000000 1 0.000000 0.000000 0.000000
3 1767198947 0.000000 1 0.000000 0.000000 0.000000
4 1767198947 0.000000 1 0.000000 0.000000 0.000000
1 1767198948 44.000000 1 44.000000 44.000000 0.000000
2 1767198948 0.000000 1 0.000000 0.000000 0.000000
3 1767198948 0.000000 1 0.000000 0.000000 0.000000
4 1767198948 0.000000 1 0.000000 0.000000 0.000000
1 1767198949 44.000000 1 44.000000 44.000000 0.000000
2 1767198949 0.000000 1 0.000000 0.000000 0.000000
3 1767198949 0.000000 1 0.000000 0.000000 0.000000
4 1767198949 0.000000 1 0.000000 0.000000 0.000000
1 1767198950 44.000000 1 44.000000 44.000000 0.000000
2 1767198950 0.000000 1 0.000000 0.000000 0.000000
3 1767198950 0.000000 1 0.000000 0.000000 0.000000
4 1767198950 0.000000 1 0.000000 0.000000 0.000000
1 1767198951 44.000000 1 44.000000 44.000000 0.000000
2 1767198951 0.000000 1 0.000000 0.000000 0.000000
3 1767198951 0.000000 1 0.000000 0.000000 0.000000
4 1767198951 0.000000 1 0.000000 0.000000 0.000000
1 1767198952 44.000000 1 44.000000 44.000000 0.000000
2 1767198952 0.000000 1 0.000000 0.000000 0.000000
3 1767198952 0.000000 1 0.000000 0.000000 0.000000
4 1767198952 0.000000 1 0.000000 0.000000 0.000000
1 1767198953 44.000000 1 44.000000 44.000000 0.000000
2 1767198953 0.000000 1 0.000000 0.000000 0.000000
3 1767198953 0.000000 1 0.000000 0.000000 0.000000
4 1767198953 0.000000 1 0.000000 0.000000 0.000000
1 1767198954 44.000000 1 44.000000 44.000000 0.000000
2 1767198954 0.000000 1 0.000000 0.000000 0.000000
3 1767198954 0.000000 1 0.000000 0.000000 0.000000
4 1767198954 0.000000 1 0.000000 0.000000 0.000000
1 1767198955 44.000000 1 44.000000 44.000000 0.000000
2 1767198955 0.000000 1 0.000000 0.000000 0.000000
3 1767198955 0.000000 1 0.000000 0.000000 0.000000
4 1767198955 0.000000 1 0.000000 0.000000 0.000000
1 1767198956 44.000000 1 44.000000 44.000000 0.000000
2 1767198956 0.000000 1 0.000000 0.000000 0.000000
3 1767198956 0.000000 1 0.000000 0.000000 0.000000
4 1767198956 0.000000 1 0.000000 0.000000 0.000000
1 1767198957 44.000000 1 44.000000 44.000000 0.000000
2 1767198957 0.000000 1 0.000000 0.000000 0.000000
3 1767198957 0.000000 1 0.000000 0.000000 0.000000
4 1767198957 0.000000 1 0.000000 0.000000 0.000000
1 1767198958 44.000000 1 44.000000 44.000000 0.000000
2 1767198958 0.000000 1 0.000000 0.000000 0.000000
3 1767198958 0.000000 1 0.000000 0.000000 0.000000
4 1767198958 0.000000 1 0.000000 0.000000 0.000000
1 1767198959 44.000000 1 44.000000 44.000000 0.000000
2 1767198959 0.000000 1 0.000000 0.000000 0.000000
3 1767198959 0.000000 1 0.000000 0.000000 0.000000
4 1767198959 0.000000 1 0.000000 0.000000 0.000000
1 1767198960 44.000000 1 44.000000 44.000000 0.000000
2 1767198960 0.000000 1 0.000000 0.000000 0.000000
3 1767198960 0.000000 1 0.000000 0.000000 0.000000
4 1767198960 0.000000 1 0.000000 0.000000 0.000000
1 1767198961 44.000000 1 44.000000 44.000000 0.000000
2 1767198961 0.000000 1 0.000000 0.000000 0.000000
3 1767198961 0.000000 1 0.000000 0.000000 0.000000
4 1767198961 0.000000 1 0.000000 0.000000 0.000000
1 1767198962 44.000000 1 44.000000 44.000000 0.000000
2 1767198962 0.000000 1 0.000000 0.000000 0.000000
3 1767198962 0.000000 1 0.000000 0.000000 0.000000
4 1767198962 0.000000 1 0.000000 0.000000 0.000000
1 1767198963 44.000000 1 44.000000 44.000000 0.000000
2 1767198963 0.000000 1 0.000000 0.000000 0.000000
3 1767198963 0.000000 1 0.000000 0.000000 0.000000
4 1767198963 0.000000 1 0.000000 0.000000 0.000000
1 1767198964 44.000000 1 44.000000 44.000000 0.000000
2 1767198964 0.000000 1 0.000000 0.000000 0.000000
3 1767198964 0.000000 1 0.000000 0.000000 0.000000
4 1767198964 0.000000 1 0.000000 0.000000 0.000000
1 1767198965 44.000000 1 44.000000 44.000000 0.000000
2 1767198965 0.000000 1 0.000000 0.000000 0.000000
3 1767198965 0.000000 1 0.000000 0.000000 0.000000
4 1767198965 0.000000 1 0.000000 0.000000 0.000000
1 1767198966 44.000000 1 44.000000 44.000000 0.000000
2 1767198966 0.000000 1 0.000000 0.000000 0.000000
3 1767198966 0.000000 1 0.000000 0.000000 0.000000
4 1767198966 0.000000 1 0.000000 0.000000 0.000000
1 1767198967 44.000000 1 44.000000 44.000000 0.000000
2 1767198967 0.000000 1 0.000000 0.000000 0.000000
3 1767198967 0.000000 1 0.000000 0.000000 0.000000
4 1767198967 0.000000 1 0.000000 0.000000 0.000000
1 1767198968 44.000000 1 44.000000 44.000000 0.000000
2 1767198968 0.000000 1 0.000000 0.000000 0.000000
3 1767198968 0.000000 1 0.000000 0.000000 0.000000
4 1767198968 0.000000 1 0.000000 0.000000 0.000000
1 1767198969 44.000000 1 44.000000 44.000000 0.000000
2 1767198969 0.000000 1 0.000000 0.000000 0.000000
3 1767198969 0.000000 1 0.000000 0.000000 0.000000
4 1767198969 0.000000 1 0.000000 0.000000 0.000000
1 1767198970 44.000000 1 44.000000 44.000000 0.000000
2 1767198970 0.000000 1 0.000000 0.000000 0.000000
3 1767198970 0.000000 1 0.000000 0.000000 0.000000
4 1767198970 0.000000 1 0.000000 0.000000 0.000000
1 1767198971 44.000000 1 44.000000 44.000000 0.000000
2 1767198971 0.000000 1 0.000000 0.000000 0.000000
3 1767198971 0.000000 1 0.000000 0.000000 0.000000
4 1767198971 0.000000 1 0.000000 0.000000 0.000000
1 1767198972 44.000000 1 44.000000 44.000000 0.000000
2 1767198972 0.000000 1 0.000000 0.000000 0.000000
3 1767198972 0.000000 1 0.000000 0.000000 0.000000
4 1767198972 0.000000 1 0.000000 0.000000 0.000000
1 1767198973 44.000000 1 44.000000 44.000000 0.000000
2 1767198973 0.000000 1 0.000000 0.000000 0.000000
3 1767198973 0.000000 1 0.000000 0.000000 0.000000
4 1767198973 0.000000 1 0.000000 0.000000 0.000000
1 1767198974 44.000000 1 44.000000 44.000000 0.000000
2 1767198974 0.000000 1 0.000000 0.000000 0.000000
3 1767198974 0.000000 1 0.000000 0.000000 0.000000
4 1767198974 0.000000 1 0.000000 0.000000 0.000000
1 1767198975 44.000000 1 44.000000 44.000000 0.000000
2 1767198975 0.000000 1 0.000000 0.000000 0.000000
3 1767198975 0.000000 1 0.000000 0.000000 0.000000
4 1767198975 0.000000 1 0.000000 0.000000 0.000000
1 1767198976 44.000000 1 44.000000 44.000000 0.000000
2 1767198976 0.000000 1 0.000000 0.000000 0.000000
3 1767198976 0.000000 1 0.000000 0.000000 0.000000
4 1767198976 0.000000 1 0.000000 0.000000 0.000000
1 1767198977 44.000000 1 44.000000 44.000000 0.000000
2 1767198977 0.000000 1 0.000000 0.000000 0.000000
3 1767198977 0.000000 1 0.000000 0.000000 0.000000
4 1767198977 0.000000 1 0.000000 0.000000 0.000000
1 1767198978 44.000000 1 44.000000 44.000000 0.000000
2 1767198978 0.000000 1 0.000000 0.000000 0.000000
3 1767198978 0.000000 1 0.000000 0.000000 0.000000
4 1767198978 0.000000 1 0.000000 0.000000 0.000000
1 1767198979 44.000000 1 44.000000 44.000000 0.000000
2 1767198979 0.000000 1 0.000000 0.000000 0.000000
3 1767198979 0.000000 1 0.000000 0.000000 0.000000
4 1767198979 0.000000 1 0.000000 0.000000 0.000000
1 1767198980 44.000000 1 44.000000 44.000000 0.000000
2 1767198980 0.000000 1 0.000000 0.000000 0.000000
3 1767198980 0.000000 1 0.000000 0.000000 0.000000
4 1767198980 0.000000 1 0.000000 0.000000 0.000000
1 1767198981 44.000000 1 44.000000 44.000000 0.000000
2 1767198981 0.000000 1 0.000000 0.000000 0.000000
3 1767198981 0.000000 1 0.000000 0.000000 0.000000
4 1767198981 0.000000 1 0.000000 0.000000 0.000000
1 1767198982 44.000000 1 44.000000 44.000000 0.000000
2 1767198982 0.000000 1 0.000000 0.000000 0.000000
3 1767198982 0.000000 1 0.000000 0.000000 0.000000
4 1767198982 0.000000 1 0.000000 0.000000 0.000000
1 1767198983 44.000000 1 44.000000 44.000000 0.000000
2 1767198983 0.000000 1 0.000000 0.000000 0.000000
3 1767198983 0.000000 1 0.000000 0.000000 0.000000
4 1767198983 0.000000 1 0.000000 0.000000 0.000000
1 1767198984 44.000000 1 44.000000 44.000000 0.000000
2 1767198984 0.000000 1 0.000000 0.000000 0.000000
3 1767198984 0.000000 1 0.000000 0.000000 0.000000
4 1767198984 0.000000 1 0.000000 0.000000 0.000000
1 1767198985 44.000000 1 44.000000 44.000000 0.000000
2 1767198985 0.000000 1 0.000000 0.000000 0.000000
3 1767198985 0.000000 1 0.000000 0.000000 0.000000
4 1767198985 0.000000 1 0.000000 0.000000 0.000000
1 1767198986 44.000000 1 44.000000 44.000000 0.000000
2 1767198986 0.000000 1 0.000000 0.000000 0.000000
3 1767198986 0.000000 1 0.000000 0.000000 0.000000
4 1767198986 0.000000 1 0.000000 0.000000 0.000000
1 1767198987 44.000000 1 44.000000 44.000000 0.000000
2 1767198987 0.000000 1 0.000000 0.000000 0.000000
3 1767198987 0.000000 1 0.000000 0.000000 0.000000
4 1767198987 0.000000 1 0.000000 0.000000 0.000000
1 1767198988 44.000000 1 44.000000 44.000000 0.000000
2 1767198988 0.000000 1 0.000000 0.000000 0.000000
3 1767198988 0.000000 1 0.000000 0.000000 0.000000
4 1767198988 0.000000 1 0.000000 0.000000 0.000000
1 1767198989 44.000000 1 44.000000 44.000000 0.000000
2 1767198989 0.000000 1 0.000000 0.000000 0.000000
3 1767198989 0.000000 1 0.000000 0.000000 0.000000
4 1767198989 0.000000 1 0.000000 0.000000 0.000000
1 1767198990 44.000000 1 44.000000 44.000000 0.000000
2 1767198990 0.000000 1 0.000000 0.000000 0.000000
3 1767198990 0.000000 1 0.000000 0.000000 0.000000
4 1767198990 0.000000 1 0.000000 0.000000 0.000000
1 1767198991 44.000000 1 44.000000 44.000000 0.000000
2 1767198991 0.000000 1 0.000000 0.000000 0.000000
3 1767198991 0.000000 1 0.000000 0.000000 0.000000
4 1767198991 0.000000 1 0.000000 0.000000 0.000000
1 1767198992 44.000000 1 44.000000 44.000000 0.000000
2 1767198992 0.000000 1 0.000000 0.000000 0.000000
3 1767198992 0.000000 1 0.000000 0.000000 0.000000
4 1767198992 0.000000 1 0.000000 0.000000 0.000000
1 1767198993 44.000000 1 44.000000 44.000000 0.000000
2 1767198993 0.000000 1 0.000000 0.000000 0.000000
3 1767198993 0.000000 1 0.000000 0.000000 0.000000
4 1767198993 0.000000 1 0.000000 0.000000 0.000000
1 1767198994 44.000000 1 44.000000 44.000000 0.000000
2 1767198994 0.000000 1 0.000000 0.000000 0.000000
3 1767198994 0.000000 1 0.000000 0.000000 0.000000
4 1767198994 0.000000 1 0.000000 0.000000 0.000000
1 1767198995 44.000000 1 44.000000 44.000000 0.000000
2 1767198995 0.000000 1 0.000000 0.000000 0.000000
3 1767198995 0.000000 1 0.000000 0.000000 0.000000
4 1767198995 0.000000 1 0.000000 0.000000 0.000000
1 1767198996 44.000000 1 44.000000 44.000000 0.000000
2 1767198996 0.000000 1 0.000000 0.000000 0.000000
3 1767198996 0.000000 1 0.000000 0.000000 0.000000
4 1767198996 0.000000 1 0.000000 0.000000 0.000000
1 1767198997 44.000000 1 44.000000 44.000000 0.000000
2 1767198997 0.000000 1 0.000000 0.000000 0.000000
3 1767198997 0.000000 1 0.000000 0.000000 0.000000
4 1767198997 0.000000 1 0.000000 0.000000 0.000000
1 1767198998 44.000000 1 44.000000 44.000000 0.000000
2 1767198998 0.000000 1 0.000000 0.000000 0.000000
3 1767198998 0.000000 1 0.000000 0.000000 0.000000
4 1767198998 0.000000 1 0.000000 0.000000 0.000000
1 1767198999 44.000000 1 44.000000 44.000000 0.000000
2 1767198999 0.000000 1 0.000000 0.000000 0.000000
3 1767198999 0.000000 1 0.000000 0.000000 0.000000
4 1767198999 0.000000 1 0.000000 0.000000 0.000000
1 1767199000 44.000000 1 44.000000 44.000000 0.000000
2 1767199000 0.000000 1 0.000000 0.000000 0.000000
3 1767199000 0.000000 1 0.000000 0.000000 0.000000
4 1767199000 0.000000 1 0.000000 0.000000 0.000000
1 1767199001 44.000000 1 44.000000 44.000000 0.000000
2 1767199001 0.000000 1 0.000000 0.000000 0.000000
3 1767199001 0.000000 1 0.000000 0.000000 0.000000
4 1767199001 0.000000 1 0.000000 0.000000 0.000000
1 1767199002 44.000000 1 44.000000 44.000000 0.000000
2 1767199002 0.000000 1 0.000000 0.000000 0.000000
3 1767199002 0.000000 1 0.000000 0.000000 0.000000
4 1767199002 0.000000 1 0.000000 0.000000 0.000000
1 1767199003 44.000000 1 44.000000 44.000000 0.000000
2 1767199003 0.000000 1 0.000000 0.000000 0.000000
3 1767199003 0.000000 1 0.000000 0.000000 0.000000
4 1767199003 0.000000 1 0.000000 0.000000 0.000000
1 1767199004 44.000000 1 44.000000 44.000000 0.000000
2 1767199004 0.000000 1 0.000000 0.000000 0.000000
3 1767199004 0.000000 1 0.000000 0.000000 0.000000
4 1767199004 0.000000 1 0.000000 0.000000 0.000000
1 1767199005 44.000000 1 44.000000 44.000000 0.000000
2 1767199005 0.000000 1 0.000000 0.000000 0.000000
3 1767199005 0.000000 1 0.000000 0.000000 0.000000
4 1767199005 0.000000 1 0.000000 0.000000 0.000000
1 1767199006 44.000000 1 44.000000 44.000000 0.000000
2 1767199006 0.000000 1 0.000000 0.000000 0.000000
3 1767199006 0.000000 1 0.000000 0.000000 0.000000
4 1767199006 0.000000 1 0.000000 0.000000 0.000000
1 1767199007 44.000000 1 44.000000 44.000000 0.000000
2 1767199007 0.000000 1 0.000000 0.000000 0.000000
3 1767199007 0.000000 1 0.000000 0.000000 0.000000
4 1767199007 0.000000 1 0.000000 0.000000 0.000000
1 1767199008 44.000000 1 44.000000 44.000000 0.000000
2 1767199008 0.000000 1 0.000000 0.000000 0.000000
3 1767199008 0.000000 1 0.000000 0.000000 0.000000
4 1767199008 0.000000 1 0.000000 0.000000 0.000000
1 1767199009 44.000000 1 44.000000 44.000000 0.000000
2 1767199009 0.000000 1 0.000000 0.000000 0.000000
3 1767199009 0.000000 1 0.000000 0.000000 0.000000
4 1767199009 0.000000 1 0.000000 0.000000 0.000000
1 1767199010 44.000000 1 44.000000 44.000000 0.000000
2 1767199010 0.000000 1 0.000000 0.000000 0.000000
3 1767199010 0.000000 1 0.000000 0.000000 0.000000
4 1767199010 0.000000 1 0.000000 0.000000 0.000000
1 1767199012 44.000000 1 44.000000 44.000000 0.000000
2 1767199012 0.000000 1 0.000000 0.000000 0.000000
3 1767199012 0.000000 1 0.000000 0.000000 0.000000
4 1767199012 0.000000 1 0.000000 0.000000 0.000000
1 1767199013 44.000000 1 44.000000 44.000000 0.000000
2 1767199013 0.000000 1 0.000000 0.000000 0.000000
3 1767199013 0.000000 1 0.000000 0.000000 0.000000
4 1767199013 0.000000 1 0.000000 0.000000 0.000000
1 1767199014 44.000000 1 44.000000 44.000000 0.000000
2 1767199014 0.000000 1 0.000000 0.000000 0.000000
3 1767199014 0.000000 1 0.000000 0.000000 0.000000
4 1767199014 0.000000 1 0.000000 0.000000 0.000000
1 1767199015 44.000000 1 44.000000 44.000000 0.000000
2 1767199015 0.000000 1 0.000000 0.000000 0.000000
3 1767199015 0.000000 1 0.000000 0.000000 0.000000
4 1767199015 0.000000 1 0.000000 0.000000 0.000000
1 1767199016 44.000000 1 44.000000 44.000000 0.000000
2 1767199016 0.000000 1 0.000000 0.000000 0.000000
3 1767199016 0.000000 1 0.000000 0.000000 0.000000
4 1767199016 0.000000 1 0.000000 0.000000 0.000000
1 1767199017 44.000000 1 44.000000 44.000000 0.000000
2 1767199017 0.000000 1 0.000000 0.000000 0.000000
3 1767199017 0.000000 1 0.000000 0.000000 0.000000
4 1767199017 0.000000 1 0.000000 0.000000 0.000000
1 1767199018 44.000000 1 44.000000 44.000000 0.000000
2 1767199018 0.000000 1 0.000000 0.000000 0.000000
3 1767199018 0.000000 1 0.000000 0.000000 0.000000
4 1767199018 0.000000 1 0.000000 0.000000 0.000000
1 1767199019 44.000000 1 44.000000 44.000000 0.000000
2 1767199019 0.000000 1 0.000000 0.000000 0.000000
3 1767199019 0.000000 1 0.000000 0.000000 0.000000
4 1767199019 0.000000 1 0.000000 0.000000 0.000000
1 1767199020 44.000000 1 44.000000 44.000000 0.000000
2 1767199020 0.000000 1 0.000000 0.000000 0.000000
3 1767199020 0.000000 1 0.000000 0.000000 0.000000
4 1767199020 0.000000 1 0.000000 0.000000 0.000000
1 1767199021 44.000000 1 44.000000 44.000000 0.000000
2 1767199021 0.000000 1 0.000000 0.000000 0.000000
3 1767199021 0.000000 1 0.000000 0.000000 0.000000
4 1767199021 0.000000 1 0.000000 0.000000 0.000000
1 1767199022 44.000000 1 44.000000 44.000000 0.000000
2 1767199022 0.000000 1 0.000000 0.000000 0.000000
3 1767199022 0.000000 1 0.000000 0.000000 0.000000
4 1767199022 0.000000 1 0.000000 0.000000 0.000000
1 1767199023 44.000000 1 44.000000 44.000000 0.000000
2 1767199023 0.000000 1 0.000000 0.000000 0.000000
3 1767199023 0.000000 1 0.000000 0.000000 0.000000
4 1767199023 0.000000 1 0.000000 0.000000 0.000000
1 1767199024 44.000000 1 44.000000 44.000000 0.000000
2 1767199024 0.000000 1 0.000000 0.000000 0.000000
3 1767199024 0.000000 1 0.000000 0.000000 0.000000
4 1767199024 0.000000 1 0.000000 0.000000 0.000000
1 1767199025 44.000000 1 44.000000 44.000000 0.000000
2 1767199025 0.000000 1 0.000000 0.000000 0.000000
3 1767199025 0.000000 1 0.000000 0.000000 0.000000
4 1767199025 0.000000 1 0.000000 0.000000 0.000000
1 1767199026 44.000000 1 44.000000 44.000000 0.000000
2 1767199026 0.000000 1 0.000000 0.000000 0.000000
3 1767199026 0.000000 1 0.000000 0.000000 0.000000
4 1767199026 0.000000 1 0.000000 0.000000 0.000000
1 1767199027 44.000000 1 44.000000 44.000000 0.000000
2 1767199027 0.000000 1 0.000000 0.000000 0.000000
3 1767199027 0.000000 1 0.000000 0.000000 0.000000
4 1767199027 0.000000 1 0.000000 0.000000 0.000000
1 1767199028 44.000000 1 44.000000 44.000000 0.000000
2 1767199028 0.000000 1 0.000000 0.000000 0.000000
3 1767199028 0.000000 1 0.000000 0.000000 0.000000
4 1767199028 0.000000 1 0.000000 0.000000 0.000000
1 1767199029 44.000000 1 44.000000 44.000000 0.000000
2 1767199029 0.000000 1 0.000000 0.000000 0.000000
3 1767199029 0.000000 1 0.000000 0.000000 0.000000
4 1767199029 0.000000 1 0.000000 0.000000 0.000000
1 1767199030 44.000000 1 44.000000 44.000000 0.000000
2 1767199030 0.000000 1 0.000000 0.000000 0.000000
3 1767199030 0.000000 1 0.000000 0.000000 0.000000
4 1767199030 0.000000 1 0.000000 0.000000 0.000000
1 1767199031 44.000000 1 44.000000 44.000000 0.000000
2 1767199031 0.000000 1 0.000000 0.000000 0.000000
3 1767199031 0.000000 1 0.000000 0.000000 0.000000
4 1767199031 0.000000 1 0.000000 0.000000 0.000000
1 1767199032 44.000000 1 44.000000 44.000000 0.000000
2 1767199032 0.000000 1 0.000000 0.000000 0.000000
3 1767199032 0.000000 1 0.000000 0.000000 0.000000
4 1767199032 0.000000 1 0.000000 0.000000 0.000000
1 1767199033 44.000000 1 44.000000 44.000000 0.000000
2 1767199033 0.000000 1 0.000000 0.000000 0.000000
3 1767199033 0.000000 1 0.000000 0.000000 0.000000
4 1767199033 0.000000 1 0.000000 0.000000 0.000000
1 1767199034 44.000000 1 44.000000 44.000000 0.000000
2 1767199034 0.000000 1 0.000000 0.000000 0.000000
3 1767199034 0.000000 1 0.000000 0.000000 0.000000
4 1767199034 0.000000 1 0.000000 0.000000 0.000000
1 1767199035 44.000000 1 44.000000 44.000000 0.000000
2 1767199035 0.000000 1 0.000000 0.000000 0.000000
3 1767199035 0.000000 1 0.000000 0.000000 0.000000
4 1767199035 0.000000 1 0.000000 0.000000 0.000000
1 1767199036 44.000000 1 44.000000 44.000000 0.000000
2 1767199036 0.000000 1 0.000000 0.000000 0.000000
3 1767199036 0.000000 1 0.000000 0.000000 0.000000
4 1767199036 0.000000 1 0.000000 0.000000 0.000000
1 1767199037 44.000000 1 44.000000 44.000000 0.000000
2 1767199037 0.000000 1 0.000000 0.000000 0.000000
3 1767199037 0.000000 1 0.000000 0.000000 0.000000
4 1767199037 0.000000 1 0.000000 0.000000 0.000000
1 1767199038 44.000000 1 44.000000 44.000000 0.000000
2 1767199038 0.000000 1 0.000000 0.000000 0.000000
3 1767199038 0.000000 1 0.000000 0.000000 0.000000
4 1767199038 0.000000 1 0.000000 0.000000 0.000000
1 1767199039 44.000000 1 44.000000 44.000000 0.000000
2 1767199039 0.000000 1 0.000000 0.000000 0.000000
3 1767199039 0.000000 1 0.000000 0.000000 0.000000
4 1767199039 0.000000 1 0.000000 0.000000 0.000000
1 1767199040 44.000000 1 44.000000 44.000000 0.000000
2 1767199040 0.000000 1 0.000000 0.000000 0.000000
3 1767199040 0.000000 1 0.000000 0.000000 0.000000
4 1767199040 0.000000 1 0.000000 0.000000 0.000000
1 1767199041 44.000000 1 44.000000 44.000000 0.000000
2 1767199041 0.000000 1 0.000000 0.000000 0.000000
3 1767199041 0.000000 1 0.000000 0.000000 0.000000
4 1767199041 0.000000 1 0.000000 0.000000 0.000000
1 1767199042 44.000000 1 44.000000 44.000000 0.000000
2 1767199042 0.000000 1 0.000000 0.000000 0.000000
3 1767199042 0.000000 1 0.000000 0.000000 0.000000
4 1767199042 0.000000 1 0.000000 0.000000 0.000000
1 1767199043 44.000000 1 44.000000 44.000000 0.000000
2 1767199043 0.000000 1 0.000000 0.000000 0.000000
3 1767199043 0.000000 1 0.000000 0.000000 0.000000
4 1767199043 0.000000 1 0.000000 0.000000 0.000000
1 1767199044 44.000000 1 44.000000 44.000000 0.000000
2 1767199044 0.000000 1 0.000000 0.000000 0.000000
3 1767199044 0.000000 1 0.000000 0.000000 0.000000
4 1767199044 0.000000 1 0.000000 0.000000 0.000000
1 1767199045 44.000000 1 44.000000 44.000000 0.000000
2 1767199045 0.000000 1 0.000000 0.000000 0.000000
3 1767199045 0.000000 1 0.000000 0.000000 0.000000
4 1767199045 0.000000 1 0.000000 0.000000 0.000000
1 1767199046 44.000000 1 44.000000 44.000000 0.000000
2 1767199046 0.000000 1 0.000000 0.000000 0.000000
3 1767199046 0.000000 1 0.000000 0.000000 0.000000
4 1767199046 0.000000 1 0.000000 0.000000 0.000000
1 1767199047 44.000000 1 44.000000 44.000000 0.000000
2 1767199047 0.000000 1 0.000000 0.000000 0.000000
3 1767199047 0.000000 1 0.000000 0.000000 0.000000
4 1767199047 0.000000 1 0.000000 0.000000 0.000000
1 1767199048 44.000000 1 44.000000 44.000000 0.000000
2 1767199048 0.000000 1 0.000000 0.000000 0.000000
3 1767199048 0.000000 1 0.000000 0.000000 0.000000
4 1767199048 0.000000 1 0.000000 0.000000 0.000000
1 1767199049 44.000000 1 44.000000 44.000000 0.000000
2 1767199049 0.000000 1 0.000000 0.000000 0.000000
3 1767199049 0.000000 1 0.000000 0.000000 0.000000
4 1767199049 0.000000 1 0.000000 0.000000 0.000000
1 1767199050 44.000000 1 44.000000 44.000000 0.000000
2 1767199050 0.000000 1 0.000000 0.000000 0.000000
3 1767199050 0.000000 1 0.000000 0.000000 0.000000
4 1767199050 0.000000 1 0.000000 0.000000 0.000000
1 1767199051 44.000000 1 44.000000 44.000000 0.000000
2 1767199051 0.000000 1 0.000000 0.000000 0.000000
3 1767199051 0.000000 1 0.000000 0.000000 0.000000
4 1767199051 0.000000 1 0.000000 0.000000 0.000000
1 1767199052 44.000000 1 44.000000 44.000000 0.000000
2 1767199052 0.000000 1 0.000000 0.000000 0.000000
3 1767199052 0.000000 1 0.000000 0.000000 0.000000
4 1767199052 0.000000 1 0.000000 0.000000 0.000000
1 1767199053 44.000000 1 44.000000 44.000000 0.000000
2 1767199053 0.000000 1 0.000000 0.000000 0.000000
3 1767199053 0.000000 1 0.000000 0.000000 0.000000
4 1767199053 0.000000 1 0.000000 0.000000 0.000000
1 1767199054 44.000000 1 44.000000 44.000000 0.000000
2 1767199054 0.000000 1 0.000000 0.000000 0.000000
3 1767199054 0.000000 1 0.000000 0.000000 0.000000
4 1767199054 0.000000 1 0.000000 0.000000 0.000000
1 1767199055 44.000000 1 44.000000 44.000000 0.000000
2 1767199055 0.000000 1 0.000000 0.000000 0.000000
3 1767199055 0.000000 1 0.000000 0.000000 0.000000
4 1767199055 0.000000 1 0.000000 0.000000 0.000000
1 1767199056 44.000000 1 44.000000 44.000000 0.000000
2 1767199056 0.000000 1 0.000000 0.000000 0.000000
3 1767199056 0.000000 1 0.000000 0.000000 0.000000
4 1767199056 0.000000 1 0.000000 0.000000 0.000000
1 1767199057 44.000000 1 44.000000 44.000000 0.000000
2 1767199057 0.000000 1 0.000000 0.000000 0.000000
3 1767199057 0.000000 1 0.000000 0.000000 0.000000
4 1767199057 0.000000 1 0.000000 0.000000 0.000000
1 1767199058 44.000000 1 44.000000 44.000000 0.000000
2 1767199058 0.000000 1 0.000000 0.000000 0.000000
3 1767199058 0.000000 1 0.000000 0.000000 0.000000
4 1767199058 0.000000 1 0.000000 0.000000 0.000000
1 1767199059 44.000000 1 44.000000 44.000000 0.000000
2 1767199059 0.000000 1 0.000000 0.000000 0.000000
3 1767199059 0.000000 1 0.000000 0.000000 0.000000
4 1767199059 0.000000 1 0.000000 0.000000 0.000000
1 1767199060 44.000000 1 44.000000 44.000000 0.000000
2 1767199060 0.000000 1 0.000000 0.000000 0.000000
3 1767199060 0.000000 1 0.000000 0.000000 0.000000
4 1767199060 0.000000 1 0.000000 0.000000 0.000000
1 1767199061 44.000000 1 44.000000 44.000000 0.000000
2 1767199061 0.000000 1 0.000000 0.000000 0.000000
3 1767199061 0.000000 1 0.000000 0.000000 0.000000
4 1767199061 0.000000 1 0.000000 0.000000 0.000000
1 1767199062 44.000000 1 44.000000 44.000000 0.000000
2 1767199062 0.000000 1 0.000000 0.000000 0.000000
3 1767199062 0.000000 1 0.000000 0.000000 0.000000
4 1767199062 0.000000 1 0.000000 0.000000 0.000000
1 1767199063 44.000000 1 44.000000 44.000000 0.000000
2 1767199063 0.000000 1 0.000000 0.000000 0.000000
3 1767199063 0.000000 1 0.000000 0.000000 0.000000
4 1767199063 0.000000 1 0.000000 0.000000 0.000000
1 1767199064 44.000000 1 44.000000 44.000000 0.000000
2 1767199064 0.000000 1 0.000000 0.000000 0.000000
3 1767199064 0.000000 1 0.000000 0.000000 0.000000
4 1767199064 0.000000 1 0.000000 0.000000 0.000000
1 1767199065 44.000000 1 44.000000 44.000000 0.000000
2 1767199065 0.000000 1 0.000000 0.000000 0.000000
3 1767199065 0.000000 1 0.000000 0.000000 0.000000
4 1767199065 0.000000 1 0.000000 0.000000 0.000000
1 1767199066 44.000000 1 44.000000 44.000000 0.000000
2 1767199066 0.000000 1 0.000000 0.000000 0.000000
3 1767199066 0.000000 1 0.000000 0.000000 0.000000
4 1767199066 0.000000 1 0.000000 0.000000 0.000000
1 1767199067 44.000000 1 44.000000 44.000000 0.000000
2 1767199067 0.000000 1 0.000000 0.000000 0.000000
3 1767199067 0.000000 1 0.000000 0.000000 0.000000
4 1767199067 0.000000 1 0.000000 0.000000 0.000000
1 1767199068 44.000000 1 44.000000 44.000000 0.000000
2 1767199068 0.000000 1 0.000000 0.000000 0.000000
3 1767199068 0.000000 1 0.000000 0.000000 0.000000
4 1767199068 0.000000 1 0.000000 0.000000 0.000000
1 1767199069 44.000000 1 44.000000 44.000000 0.000000
2 1767199069 0.000000 1 0.000000 0.000000 0.000000
3 1767199069 0.000000 1 0.000000 0.000000 0.000000
4 1767199069 0.000000 1 0.000000 0.000000 0.000000
1 1767199070 44.000000 1 44.000000 44.000000 0.000000
2 1767199070 0.000000 1 0.000000 0.000000 0.000000
3 1767199070 0.000000 1 0.000000 0.000000 0.000000
4 1767199070 0.000000 1 0.000000 0.000000 0.000000
1 1767199071 44.000000 1 44.000000 44.000000 0.000000
2 1767199071 0.000000 1 0.000000 0.000000 0.000000
3 1767199071 0.000000 1 0.000000 0.000000 0.000000
4 1767199071 0.000000 1 0.000000 0.000000 0.000000
1 1767199072 44.000000 1 44.000000 44.000000 0.000000
2 1767199072 0.000000 1 0.000000 0.000000 0.000000
3 1767199072 0.000000 1 0.000000 0.000000 0.000000
4 1767199072 0.000000 1 0.000000 0.000000 0.000000
1 1767199073 44.000000 1 44.000000 44.000000 0.000000
2 1767199073 0.000000 1 0.000000 0.000000 0.000000
3 1767199073 0.000000 1 0.000000 0.000000 0.000000
4 1767199073 0.000000 1 0.000000 0.000000 0.000000
1 1767199074 44.000000 1 44.000000 44.000000 0.000000
2 1767199074 0.000000 1 0.000000 0.000000 0.000000
3 1767199074 0.000000 1 0.000000 0.000000 0.000000
4 1767199074 0.000000 1 0.000000 0.000000 0.000000
1 1767199075 44.000000 1 44.000000 44.000000 0.000000
2 1767199075 0.000000 1 0.000000 0.000000 0.000000
3 1767199075 0.000000 1 0.000000 0.000000 0.000000
4 1767199075 0.000000 1 0.000000 0.000000 0.000000
1 1767199077 44.000000 1 44.000000 44.000000 0.000000
2 1767199077 0.000000 1 0.000000 0.000000 0.000000
3 1767199077 0.000000 1 0.000000 0.000000 0.000000
4 1767199077 0.000000 1 0.000000 0.000000 0.000000
1 1767199078 44.000000 1 44.000000 44.000000 0.000000
2 1767199078 0.000000 1 0.000000 0.000000 0.000000
3 1767199078 0.000000 1 0.000000 0.000000 0.000000
4 1767199078 0.000000 1 0.000000 0.000000 0.000000
1 1767199079 44.000000 1 44.000000 44.000000 0.000000
2 1767199079 0.000000 1 0.000000 0.000000 0.000000
3 1767199079 0.000000 1 0.000000 0.000000 0.000000
4 1767199079 0.000000 1 0.000000 0.000000 0.000000
1 1767199080 44.000000 1 44.000000 44.000000 0.000000
2 1767199080 0.000000 1 0.000000 0.000000 0.000000
3 1767199080 0.000000 1 0.000000 0.000000 0.000000
4 1767199080 0.000000 1 0.000000 0.000000 0.000000
1 1767199081 44.000000 1 44.000000 44.000000 0.000000
2 1767199081 0.000000 1 0.000000 0.000000 0.000000
3 1767199081 0.000000 1 0.000000 0.000000 0.000000
4 1767199081 0.000000 1 0.000000 0.000000 0.000000
1 1767199082 44.000000 1 44.000000 44.000000 0.000000
2 1767199082 0.000000 1 0.000000 0.000000 0.000000
3 1767199082 0.000000 1 0.000000 0.000000 0.000000
4 1767199082 0.000000 1 0.000000 0.000000 0.000000
1 1767199083 44.000000 1 44.000000 44.000000 0.000000
2 1767199083 0.000000 1 0.000000 0.000000 0.000000
3 1767199083 0.000000 1 0.000000 0.000000 0.000000
4 1767199083 0.000000 1 0.000000 0.000000 0.000000
1 1767199084 44.000000 1 44.000000 44.000000 0.000000
2 1767199084 0.000000 1 0.000000 0.000000 0.000000
3 1767199084 0.000000 1 0.000000 0.000000 0.000000
4 1767199084 0.000000 1 0.000000 0.000000 0.000000
1 1767199085 44.000000 1 44.000000 44.000000 0.000000
2 1767199085 0.000000 1 0.000000 0.000000 0.000000
3 1767199085 0.000000 1 0.000000 0.000000 0.000000
4 1767199085 0.000000 1 0.000000 0.000000 0.000000
1 1767199086 44.000000 1 44.000000 44.000000 0.000000
2 1767199086 0.000000 1 0.000000 0.000000 0.000000
3 1767199086 0.000000 1 0.000000 0.000000 0.000000
4 1767199086 0.000000 1 0.000000 0.000000 0.000000
1 1767199087 44.000000 1 44.000000 44.000000 0.000000
2 1767199087 0.000000 1 0.000000 0.000000 0.000000
3 1767199087 0.000000 1 0.000000 0.000000 0.000000
4 1767199087 0.000000 1 0.000000 0.000000 0.000000
1 1767199088 44.000000 1 44.000000 44.000000 0.000000
2 1767199088 0.000000 1 0.000000 0.000000 0.000000
3 1767199088 0.000000 1 0.000000 0.000000 0.000000
4 1767199088 0.000000 1 0.000000 0.000000 0.000000
1 1767199089 44.000000 1 44.000000 44.000000 0.000000
2 1767199089 0.000000 1 0.000000 0.000000 0.000000
3 1767199089 0.000000 1 0.000000 0.000000 0.000000
4 1767199089 0.000000 1 0.000000 0.000000 0.000000
1 1767199090 44.000000 1 44.000000 44.000000 0.000000
2 1767199090 0.000000 1 0.000000 0.000000 0.000000
3 1767199090 0.000000 1 0.000000 0.000000 0.000000
4 1767199090 0.000000 1 0.000000 0.000000 0.000000
1 1767199091 44.000000 1 44.000000 44.000000 0.000000
2 1767199091 0.000000 1 0.000000 0.000000 0.000000
3 1767199091 0.000000 1 0.000000 0.000000 0.000000
4 1767199091 0.000000 1 0.000000 0.000000 0.000000
1 1767199092 44.000000 1 44.000000 44.000000 0.000000
2 1767199092 0.000000 1 0.000000 0.000000 0.000000
3 1767199092 0.000000 1 0.000000 0.000000 0.000000
4 1767199092 0.000000 1 0.000000 0.000000 0.000000
1 1767199093 44.000000 1 44.000000 44.000000 0.000000
2 1767199093 0.000000 1 0.000000 0.000000 0.000000
3 1767199093 0.000000 1 0.000000 0.000000 0.000000
4 1767199093 0.000000 1 0.000000 0.000000 0.000000
1 1767199094 44.000000 1 44.000000 44.000000 0.000000
2 1767199094 0.000000 1 0.000000 0.000000 0.000000
3 1767199094 0.000000 1 0.000000 0.000000 0.000000
4 1767199094 0.000000 1 0.000000 0.000000 0.000000
1 1767199095 44.000000 1 44.000000 44.000000 0.000000
2 1767199095 0.000000 1 0.000000 0.000000 0.000000
3 1767199095 0.000000 1 0.000000 0.000000 0.000000
4 1767199095 0.000000 1 0.000000 0.000000 0.000000
1 1767199096 44.000000 1 44.000000 44.000000 0.000000
2 1767199096 0.000000 1 0.000000 0.000000 0.000000
3 1767199096 0.000000 1 0.000000 0.000000 0.000000
4 1767199096 0.000000 1 0.000000 0.000000 0.000000
1 1767199097 44.000000 1 44.000000 44.000000 0.000000
2 1767199097 0.000000 1 0.000000 0.000000 0.000000
3 1767199097 0.000000 1 0.000000 0.000000 0.000000
4 1767199097 0.000000 1 0.000000 0.000000 0.000000
1 1767199098 44.000000 1 44.000000 44.000000 0.000000
2 1767199098 0.000000 1 0.000000 0.000000 0.000000
3 1767199098 0.000000 1 0.000000 0.000000 0.000000
4 1767199098 0.000000 1 0.000000 0.000000 0.000000
1 1767199099 44.000000 1 44.000000 44.000000 0.000000
2 1767199099 0.000000 1 0.000000 0.000000 0.000000
3 1767199099 0.000000 1 0.000000 0.000000 0.000000
4 1767199099 0.000000 1 0.000000 0.000000 0.000000
1 1767199100 44.000000 1 44.000000 44.000000 0.000000
2 1767199100 0.000000 1 0.000000 0.000000 0.000000
3 1767199100 0.000000 1 0.000000 0.000000 0.000000
4 1767199100 0.000000 1 0.000000 0.000000 0.000000
1 1767199101 44.000000 1 44.000000 44.000000 0.000000
2 1767199101 0.000000 1 0.000000 0.000000 0.000000
3 1767199101 0.000000 1 0.000000 0.000000 0.000000
4 1767199101 0.000000 1 0.000000 0.000000 0.000000
1 1767199102 44.000000 1 44.000000 44.000000 0.000000
2 1767199102 0.000000 1 0.000000 0.000000 0.000000
3 1767199102 0.000000 1 0.000000 0.000000 0.000000
4 1767199102 0.000000 1 0.000000 0.000000 0.000000
1 1767199103 44.000000 1 44.000000 44.000000 0.000000
2 1767199103 0.000000 1 0.000000 0.000000 0.000000
3 1767199103 0.000000 1 0.000000 0.000000 0.000000
4 1767199103 0.000000 1 0.000000 0.000000 0.000000
1 1767199104 44.000000 1 44.000000 44.000000 0.000000
2 1767199104 0.000000 1 0.000000 0.000000 0.000000
3 1767199104 0.000000 1 0.000000 0.000000 0.000000
4 1767199104 0.000000 1 0.000000 0.000000 0.000000
1 1767199105 44.000000 1 44.000000 44.000000 0.000000
2 1767199105 0.000000 1 0.000000 0.000000 0.000000
3 1767199105 0.000000 1 0.000000 0.000000 0.000000
4 1767199105 0.000000 1 0.000000 0.000000 0.000000
1 1767199106 44.000000 1 44.000000 44.000000 0.000000
2 1767199106 0.000000 1 0.000000 0.000000 0.000000
3 1767199106 0.000000 1 0.000000 0.000000 0.000000
4 1767199106 0.000000 1 0.000000 0.000000 0.000000
1 1767199107 44.000000 1 44.000000 44.000000 0.000000
2 1767199107 0.000000 1 0.000000 0.000000 0.000000
3 1767199107 0.000000 1 0.000000 0.000000 0.000000
4 1767199107 0.000000 1 0.000000 0.000000 0.000000
1 1767199108 44.000000 1 44.000000 44.000000 0.000000
2 1767199108 0.000000 1 0.000000 0.000000 0.000000
3 1767199108 0.000000 1 0.000000 0.000000 0.000000
4 1767199108 0.000000 1 0.000000 0.000000 0.000000
1 1767199109 44.000000 1 44.000000 44.000000 0.000000
2 1767199109 0.000000 1 0.000000 0.000000 0.000000
3 1767199109 0.000000 1 0.000000 0.000000 0.000000
4 1767199109 0.000000 1 0.000000 0.000000 0.000000
1 1767199110 44.000000 1 44.000000 44.000000 0.000000
2 1767199110 0.000000 1 0.000000 0.000000 0.000000
3 1767199110 0.000000 1 0.000000 0.000000 0.000000
4 1767199110 0.000000 1 0.000000 0.000000 0.000000
1 1767199111 44.000000 1 44.000000 44.000000 0.000000
2 1767199111 0.000000 1 0.000000 0.000000 0.000000
3 1767199111 0.000000 1 0.000000 0.000000 0.000000
4 1767199111 0.000000 1 0.000000 0.000000 0.000000
1 1767199112 44.000000 1 44.000000 44.000000 0.000000
2 1767199112 0.000000 1 0.000000 0.000000 0.000000
3 1767199112 0.000000 1 0.000000 0.000000 0.000000
4 1767199112 0.000000 1 0.000000 0.000000 0.000000
1 1767199113 44.000000 1 44.000000 44.000000 0.000000
2 1767199113 0.000000 1 0.000000 0.000000 0.000000
3 1767199113 0.000000 1 0.000000 0.000000 0.000000
4 1767199113 0.000000 1 0.000000 0.000000 0.000000
1 1767199114 44.000000 1 44.000000 44.000000 0.000000
2 1767199114 0.000000 1 0.000000 0.000000 0.000000
3 1767199114 0.000000 1 0.000000 0.000000 0.000000
4 1767199114 0.000000 1 0.000000 0.000000 0.000000
1 1767199115 44.000000 1 44.000000 44.000000 0.000000
2 1767199115 0.000000 1 0.000000 0.000000 0.000000
3 1767199115 0.000000 1 0.000000 0.000000 0.000000
4 1767199115 0.000000 1 0.000000 0.000000 0.000000
1 1767199116 44.000000 1 44.000000 44.000000 0.000000
2 1767199116 0.000000 1 0.000000 0.000000 0.000000
3 1767199116 0.000000 1 0.000000 0.000000 0.000000
4 1767199116 0.000000 1 0.000000 0.000000 0.000000
1 1767199117 44.000000 1 44.000000 44.000000 0.000000
2 1767199117 0.000000 1 0.000000 0.000000 0.000000
3 1767199117 0.000000 1 0.000000 0.000000 0.000000
4 1767199117 0.000000 1 0.000000 0.000000 0.000000
1 1767199118 44.000000 1 44.000000 44.000000 0.000000
2 1767199118 0.000000 1 0.000000 0.000000 0.000000
3 1767199118 0.000000 1 0.000000 0.000000 0.000000
4 1767199118 0.000000 1 0.000000 0.000000 0.000000
1 1767199119 44.000000 1 44.000000 44.000000 0.000000
2 1767199119 0.000000 1 0.000000 0.000000 0.000000
3 1767199119 0.000000 1 0.000000 0.000000 0.000000
4 1767199119 0.000000 1 0.000000 0.000000 0.000000
1 1767199120 44.000000 1 44.000000 44.000000 0.000000
2 1767199120 0.000000 1 0.000000 0.000000 0.000000
3 1767199120 0.000000 1 0.000000 0.000000 0.000000
4 1767199120 0.000000 1 0.000000 0.000000 0.000000
1 1767199121 44.000000 1 44.000000 44.000000 0.000000
2 1767199121 0.000000 1 0.000000 0.000000 0.000000
3 1767199121 0.000000 1 0.000000 0.000000 0.000000
4 1767199121 0.000000 1 0.000000 0.000000 0.000000
1 1767199122 44.000000 1 44.000000 44.000000 0.000000
2 1767199122 0.000000 1 0.000000 0.000000 0.000000
3 1767199122 0.000000 1 0.000000 0.000000 0.000000
4 1767199122 0.000000 1 0.000000 0.000000 0.000000
1 1767199123 40.000000 1 40.000000 40.000000 0.000000
2 1767199123 0.000000 1 0.000000 0.000000 0.000000
3 1767199123 4.000000 1 4.000000 4.000000 0.000000
4 1767199123 0.000000 1 0.000000 0.000000 0.000000
1 1767199124 39.000000 1 39.000000 39.000000 0.000000
2 1767199124 0.000000 1 0.000000 0.000000 0.000000
3 1767199124 5.000000 1 5.000000 5.000000 0.000000
4 1767199124 0.000000 1 0.000000 0.000000 0.000000
1 1767199125 39.000000 1 39.000000 39.000000 0.000000
2 1767199125 0.000000 1 0.000000 0.000000 0.000000
3 1767199125 5.000000 1 5.000000 5.000000 0.000000
4 1767199125 0.000000 1 0.000000 0.000000 0.000000
1 1767199126 39.000000 1 39.000000 39.000000 0.000000
2 1767199126 0.000000 1 0.000000 0.000000 0.000000
3 1767199126 5.000000 1 5.000000 5.000000 0.000000
4 1767199126 0.000000 1 0.000000 0.000000 0.000000
1 1767199127 39.000000 1 39.000000 39.000000 0.000000
2 1767199127 0.000000 1 0.000000 0.000000 0.000000
3 1767199127 5.000000 1 5.000000 5.000000 0.000000
4 1767199127 0.000000 1 0.000000 0.000000 0.000000
1 1767199128 39.000000 1 39.000000 39.000000 0.000000
2 1767199128 0.000000 1 0.000000 0.000000 0.000000
3 1767199128 5.000000 1 5.000000 5.000000 0.000000
4 1767199128 0.000000 1 0.000000 0.000000 0.000000
1 1767199129 39.000000 1 39.000000 39.000000 0.000000
2 1767199129 0.000000 1 0.000000 0.000000 0.000000
3 1767199129 5.000000 1 5.000000 5.000000 0.000000
4 1767199129 0.000000 1 0.000000 0.000000 0.000000
1 1767199130 39.000000 1 39.000000 39.000000 0.000000
2 1767199130 0.000000 1 0.000000 0.000000 0.000000
3 1767199130 5.000000 1 5.000000 5.000000 0.000000
4 1767199130 0.000000 1 0.000000 0.000000 0.000000
1 1767199131 39.000000 1 39.000000 39.000000 0.000000
2 1767199131 0.000000 1 0.000000 0.000000 0.000000
3 1767199131 5.000000 1 5.000000 5.000000 0.000000
4 1767199131 0.000000 1 0.000000 0.000000 0.000000
1 1767199132 39.000000 1 39.000000 39.000000 0.000000
2 1767199132 0.000000 1 0.000000 0.000000 0.000000
3 1767199132 5.000000 1 5.000000 5.000000 0.000000
4 1767199132 0.000000 1 0.000000 0.000000 0.000000
1 1767199133 39.000000 1 39.000000 39.000000 0.000000
2 1767199133 0.000000 1 0.000000 0.000000 0.000000
3 1767199133 5.000000 1 5.000000 5.000000 0.000000
4 1767199133 0.000000 1 0.000000 0.000000 0.000000
1 1767199134 39.000000 1 39.000000 39.000000 0.000000
2 1767199134 0.000000 1 0.000000 0.000000 0.000000
3 1767199134 5.000000 1 5.000000 5.000000 0.000000
4 1767199134 0.000000 1 0.000000 0.000000 0.000000
1 1767199135 39.000000 1 39.000000 39.000000 0.000000
2 1767199135 0.000000 1 0.000000 0.000000 0.000000
3 1767199135 5.000000 1 5.000000 5.000000 0.000000
4 1767199135 0.000000 1 0.000000 0.000000 0.000000
1 1767199136 39.000000 1 39.000000 39.000000 0.000000
2 1767199136 0.000000 1 0.000000 0.000000 0.000000
3 1767199136 5.000000 1 5.000000 5.000000 0.000000
4 1767199136 0.000000 1 0.000000 0.000000 0.000000
1 1767199137 39.000000 1 39.000000 39.000000 0.000000
2 1767199137 0.000000 1 0.000000 0.000000 0.000000
3 1767199137 5.000000 1 5.000000 5.000000 0.000000
4 1767199137 0.000000 1 0.000000 0.000000 0.000000
1 1767199138 34.000000 1 34.000000 34.000000 0.000000
2 1767199138 0.000000 1 0.000000 0.000000 0.000000
3 1767199138 10.000000 1 10.000000 10.000000 0.000000
4 1767199138 0.000000 1 0.000000 0.000000 0.000000
1 1767199139 34.000000 1 34.000000 34.000000 0.000000
2 1767199139 0.000000 1 0.000000 0.000000 0.000000
3 1767199139 10.000000 1 10.000000 10.000000 0.000000
4 1767199139 0.000000 1 0.000000 0.000000 0.000000
1 1767199140 34.000000 1 34.000000 34.000000 0.000000
2 1767199140 0.000000 1 0.000000 0.000000 0.000000
3 1767199140 10.000000 1 10.000000 10.000000 0.000000
4 1767199140 0.000000 1 0.000000 0.000000 0.000000
1 1767199142 34.000000 1 34.000000 34.000000 0.000000
2 1767199142 0.000000 1 0.000000 0.000000 0.000000
3 1767199142 10.000000 1 10.000000 10.000000 0.000000
4 1767199142 0.000000 1 0.000000 0.000000 0.000000
1 1767199143 34.000000 1 34.000000 34.000000 0.000000
2 1767199143 0.000000 1 0.000000 0.000000 0.000000
3 1767199143 10.000000 1 10.000000 10.000000 0.000000
4 1767199143 0.000000 1 0.000000 0.000000 0.000000
1 1767199144 34.000000 1 34.000000 34.000000 0.000000
2 1767199144 0.000000 1 0.000000 0.000000 0.000000
3 1767199144 10.000000 1 10.000000 10.000000 0.000000
4 1767199144 0.000000 1 0.000000 0.000000 0.000000
1 1767199145 34.000000 1 34.000000 34.000000 0.000000
2 1767199145 0.000000 1 0.000000 0.000000 0.000000
3 1767199145 10.000000 1 10.000000 10.000000 0.000000
4 1767199145 0.000000 1 0.000000 0.000000 0.000000
1 1767199146 34.000000 1 34.000000 34.000000 0.000000
2 1767199146 0.000000 1 0.000000 0.000000 0.000000
3 1767199146 10.000000 1 10.000000 10.000000 0.000000
4 1767199146 0.000000 1 0.000000 0.000000 0.000000
1 1767199147 34.000000 1 34.000000 34.000000 0.000000
2 1767199147 0.000000 1 0.000000 0.000000 0.000000
3 1767199147 10.000000 1 10.000000 10.000000 0.000000
4 1767199147 0.000000 1 0.000000 0.000000 0.000000
1 1767199148 34.000000 1 34.000000 34.000000 0.000000
2 1767199148 0.000000 1 0.000000 0.000000 0.000000
3 1767199148 10.000000 1 10.000000 10.000000 0.000000
4 1767199148 0.000000 1 0.000000 0.000000 0.000000
1 1767199149 34.000000 1 34.000000 34.000000 0.000000
2 1767199149 0.000000 1 0.000000 0.000000 0.000000
3 1767199149 10.000000 1 10.000000 10.000000 0.000000
4 1767199149 0.000000 1 0.000000 0.000000 0.000000
1 1767199150 34.000000 1 34.000000 34.000000 0.000000
2 1767199150 0.000000 1 0.000000 0.000000 0.000000
3 1767199150 10.000000 1 10.000000 10.000000 0.000000
4 1767199150 0.000000 1 0.000000 0.000000 0.000000
1 1767199151 34.000000 1 34.000000 34.000000 0.000000
2 1767199151 0.000000 1 0.000000 0.000000 0.000000
3 1767199151 10.000000 1 10.000000 10.000000 0.000000
4 1767199151 0.000000 1 0.000000 0.000000 0.000000
1 1767199152 34.000000 1 34.000000 34.000000 0.000000
2 1767199152 0.000000 1 0.000000 0.000000 0.000000
3 1767199152 10.000000 1 10.000000 10.000000 0.000000
4 1767199152 0.000000 1 0.000000 0.000000 0.000000
1 1767199153 34.000000 1 34.000000 34.000000 0.000000
2 1767199153 0.000000 1 0.000000 0.000000 0.000000
3 1767199153 10.000000 1 10.000000 10.000000 0.000000
4 1767199153 0.000000 1 0.000000 0.000000 0.000000
1 1767199154 29.000000 1 29.000000 29.000000 0.000000
2 1767199154 0.000000 1 0.000000 0.000000 0.000000
3 1767199154 15.000000 1 15.000000 15.000000 0.000000
4 1767199154 0.000000 1 0.000000 0.000000 0.000000
1 1767199155 29.000000 1 29.000000 29.000000 0.000000
2 1767199155 0.000000 1 0.000000 0.000000 0.000000
3 1767199155 15.000000 1 15.000000 15.000000 0.000000
4 1767199155 0.000000 1 0.000000 0.000000 0.000000
1 1767199156 29.000000 1 29.000000 29.000000 0.000000
2 1767199156 0.000000 1 0.000000 0.000000 0.000000
3 1767199156 15.000000 1 15.000000 15.000000 0.000000
4 1767199156 0.000000 1 0.000000 0.000000 0.000000
1 1767199157 29.000000 1 29.000000 29.000000 0.000000
2 1767199157 0.000000 1 0.000000 0.000000 0.000000
3 1767199157 15.000000 1 15.000000 15.000000 0.000000
4 1767199157 0.000000 1 0.000000 0.000000 0.000000
1 1767199158 29.000000 1 29.000000 29.000000 0.000000
2 1767199158 0.000000 1 0.000000 0.000000 0.000000
3 1767199158 15.000000 1 15.000000 15.000000 0.000000
4 1767199158 0.000000 1 0.000000 0.000000 0.000000
1 1767199159 29.000000 1 29.000000 29.000000 0.000000
2 1767199159 0.000000 1 0.000000 0.000000 0.000000
3 1767199159 15.000000 1 15.000000 15.000000 0.000000
4 1767199159 0.000000 1 0.000000 0.000000 0.000000
1 1767199160 29.000000 1 29.000000 29.000000 0.000000
2 1767199160 0.000000 1 0.000000 0.000000 0.000000
3 1767199160 15.000000 1 15.000000 15.000000 0.000000
4 1767199160 0.000000 1 0.000000 0.000000 0.000000
1 1767199161 29.000000 1 29.000000 29.000000 0.000000
2 1767199161 0.000000 1 0.000000 0.000000 0.000000
3 1767199161 15.000000 1 15.000000 15.000000 0.000000
4 1767199161 0.000000 1 0.000000 0.000000 0.000000
1 1767199162 29.000000 1 29.000000 29.000000 0.000000
2 1767199162 0.000000 1 0.000000 0.000000 0.000000
3 1767199162 15.000000 1 15.000000 15.000000 0.000000
4 1767199162 0.000000 1 0.000000 0.000000 0.000000
1 1767199163 29.000000 1 29.000000 29.000000 0.000000
2 1767199163 0.000000 1 0.000000 0.000000 0.000000
3 1767199163 15.000000 1 15.000000 15.000000 0.000000
4 1767199163 0.000000 1 0.000000 0.000000 0.000000
1 1767199164 29.000000 1 29.000000 29.000000 0.000000
2 1767199164 0.000000 1 0.000000 0.000000 0.000000
3 1767199164 15.000000 1 15.000000 15.000000 0.000000
4 1767199164 0.000000 1 0.000000 0.000000 0.000000
1 1767199165 29.000000 1 29.000000 29.000000 0.000000
2 1767199165 0.000000 1 0.000000 0.000000 0.000000
3 1767199165 15.000000 1 15.000000 15.000000 0.000000
4 1767199165 0.000000 1 0.000000 0.000000 0.000000
1 1767199166 29.000000 1 29.000000 29.000000 0.000000
2 1767199166 0.000000 1 0.000000 0.000000 0.000000
3 1767199166 15.000000 1 15.000000 15.000000 0.000000
4 1767199166 0.000000 1 0.000000 0.000000 0.000000
1 1767199167 29.000000 1 29.000000 29.000000 0.000000
2 1767199167 0.000000 1 0.000000 0.000000 0.000000
3 1767199167 15.000000 1 15.000000 15.000000 0.000000
4 1767199167 0.000000 1 0.000000 0.000000 0.000000
1 1767199168 25.000000 1 25.000000 25.000000 0.000000
2 1767199168 0.000000 1 0.000000 0.000000 0.000000
3 1767199168 19.000000 1 19.000000 19.000000 0.000000
4 1767199168 0.000000 1 0.000000 0.000000 0.000000
1 1767199169 24.000000 1 24.000000 24.000000 0.000000
2 1767199169 0.000000 1 0.000000 0.000000 0.000000
3 1767199169 20.000000 1 20.000000 20.000000 0.000000
4 1767199169 0.000000 1 0.000000 0.000000 0.000000
1 1767199170 24.000000 1 24.000000 24.000000 0.000000
2 1767199170 0.000000 1 0.000000 0.000000 0.000000
3 1767199170 20.000000 1 20.000000 20.000000 0.000000
4 1767199170 0.000000 1 0.000000 0.000000 0.000000
1 1767199171 24.000000 1 24.000000 24.000000 0.000000
2 1767199171 0.000000 1 0.000000 0.000000 0.000000
3 1767199171 20.000000 1 20.000000 20.000000 0.000000
4 1767199171 0.000000 1 0.000000 0.000000 0.000000
1 1767199172 24.000000 1 24.000000 24.000000 0.000000
2 1767199172 0.000000 1 0.000000 0.000000 0.000000
3 1767199172 20.000000 1 20.000000 20.000000 0.000000
4 1767199172 0.000000 1 0.000000 0.000000 0.000000
1 1767199173 24.000000 1 24.000000 24.000000 0.000000
2 1767199173 0.000000 1 0.000000 0.000000 0.000000
3 1767199173 20.000000 1 20.000000 20.000000 0.000000
4 1767199173 0.000000 1 0.000000 0.000000 0.000000
1 1767199174 24.000000 1 24.000000 24.000000 0.000000
2 1767199174 0.000000 1 0.000000 0.000000 0.000000
3 1767199174 20.000000 1 20.000000 20.000000 0.000000
4 1767199174 0.000000 1 0.000000 0.000000 0.000000
1 1767199175 24.000000 1 24.000000 24.000000 0.000000
2 1767199175 0.000000 1 0.000000 0.000000 0.000000
3 1767199175 20.000000 1 20.000000 20.000000 0.000000
4 1767199175 0.000000 1 0.000000 0.000000 0.000000
1 1767199176 24.000000 1 24.000000 24.000000 0.000000
2 1767199176 0.000000 1 0.000000 0.000000 0.000000
3 1767199176 20.000000 1 20.000000 20.000000 0.000000
4 1767199176 0.000000 1 0.000000 0.000000 0.000000
1 1767199177 24.000000 1 24.000000 24.000000 0.000000
2 1767199177 0.000000 1 0.000000 0.000000 0.000000
3 1767199177 20.000000 1 20.000000 20.000000 0.000000
4 1767199177 0.000000 1 0.000000 0.000000 0.000000
1 1767199178 24.000000 1 24.000000 24.000000 0.000000
2 1767199178 0.000000 1 0.000000 0.000000 0.000000
3 1767199178 20.000000 1 20.000000 20.000000 0.000000
4 1767199178 0.000000 1 0.000000 0.000000 0.000000
1 1767199179 24.000000 1 24.000000 24.000000 0.000000
2 1767199179 0.000000 1 0.000000 0.000000 0.000000
3 1767199179 20.000000 1 20.000000 20.000000 0.000000
4 1767199179 0.000000 1 0.000000 0.000000 0.000000
1 1767199180 24.000000 1 24.000000 24.000000 0.000000
2 1767199180 0.000000 1 0.000000 0.000000 0.000000
3 1767199180 20.000000 1 20.000000 20.000000 0.000000
4 1767199180 0.000000 1 0.000000 0.000000 0.000000
1 1767199181 24.000000 1 24.000000 24.000000 0.000000
2 1767199181 0.000000 1 0.000000 0.000000 0.000000
3 1767199181 20.000000 1 20.000000 20.000000 0.000000
4 1767199181 0.000000 1 0.000000 0.000000 0.000000
1 1767199182 24.000000 1 24.000000 24.000000 0.000000
2 1767199182 0.000000 1 0.000000 0.000000 0.000000
3 1767199182 20.000000 1 20.000000 20.000000 0.000000
4 1767199182 0.000000 1 0.000000 0.000000 0.000000
1 1767199183 19.000000 1 19.000000 19.000000 0.000000
2 1767199183 0.000000 1 0.000000 0.000000 0.000000
3 1767199183 25.000000 1 25.000000 25.000000 0.000000
4 1767199183 0.000000 1 0.000000 0.000000 0.000000
1 1767199184 19.000000 1 19.000000 19.000000 0.000000
2 1767199184 0.000000 1 0.000000 0.000000 0.000000
3 1767199184 25.000000 1 25.000000 25.000000 0.000000
4 1767199184 0.000000 1 0.000000 0.000000 0.000000
1 1767199185 19.000000 1 19.000000 19.000000 0.000000
2 1767199185 0.000000 1 0.000000 0.000000 0.000000
3 1767199185 25.000000 1 25.000000 25.000000 0.000000
4 1767199185 0.000000 1 0.000000 0.000000 0.000000
1 1767199186 19.000000 1 19.000000 19.000000 0.000000
2 1767199186 0.000000 1 0.000000 0.000000 0.000000
3 1767199186 25.000000 1 25.000000 25.000000 0.000000
4 1767199186 0.000000 1 0.000000 0.000000 0.000000
1 1767199187 19.000000 1 19.000000 19.000000 0.000000
2 1767199187 0.000000 1 0.000000 0.000000 0.000000
3 1767199187 25.000000 1 25.000000 25.000000 0.000000
4 1767199187 0.000000 1 0.000000 0.000000 0.000000
1 1767199188 19.000000 1 19.000000 19.000000 0.000000
2 1767199188 0.000000 1 0.000000 0.000000 0.000000
3 1767199188 25.000000 1 25.000000 25.000000 0.000000
4 1767199188 0.000000 1 0.000000 0.000000 0.000000
1 1767199189 19.000000 1 19.000000 19.000000 0.000000
2 1767199189 0.000000 1 0.000000 0.000000 0.000000
3 1767199189 25.000000 1 25.000000 25.000000 0.000000
4 1767199189 0.000000 1 0.000000 0.000000 0.000000
1 1767199190 19.000000 1 19.000000 19.000000 0.000000
2 1767199190 0.000000 1 0.000000 0.000000 0.000000
3 1767199190 25.000000 1 25.000000 25.000000 0.000000
4 1767199190 0.000000 1 0.000000 0.000000 0.000000
1 1767199191 19.000000 1 19.000000 19.000000 0.000000
2 1767199191 0.000000 1 0.000000 0.000000 0.000000
3 1767199191 25.000000 1 25.000000 25.000000 0.000000
4 1767199191 0.000000 1 0.000000 0.000000 0.000000
1 1767199192 19.000000 1 19.000000 19.000000 0.000000
2 1767199192 0.000000 1 0.000000 0.000000 0.000000
3 1767199192 25.000000 1 25.000000 25.000000 0.000000
4 1767199192 0.000000 1 0.000000 0.000000 0.000000
1 1767199193 19.000000 1 19.000000 19.000000 0.000000
2 1767199193 0.000000 1 0.000000 0.000000 0.000000
3 1767199193 25.000000 1 25.000000 25.000000 0.000000
4 1767199193 0.000000 1 0.000000 0.000000 0.000000
1 1767199194 19.000000 1 19.000000 19.000000 0.000000
2 1767199194 0.000000 1 0.000000 0.000000 0.000000
3 1767199194 25.000000 1 25.000000 25.000000 0.000000
4 1767199194 0.000000 1 0.000000 0.000000 0.000000
1 1767199195 19.000000 1 19.000000 19.000000 0.000000
2 1767199195 0.000000 1 0.000000 0.000000 0.000000
3 1767199195 25.000000 1 25.000000 25.000000 0.000000
4 1767199195 0.000000 1 0.000000 0.000000 0.000000
1 1767199196 19.000000 1 19.000000 19.000000 0.000000
2 1767199196 0.000000 1 0.000000 0.000000 0.000000
3 1767199196 25.000000 1 25.000000 25.000000 0.000000
4 1767199196 0.000000 1 0.000000 0.000000 0.000000
1 1767199197 19.000000 1 19.000000 19.000000 0.000000
2 1767199197 0.000000 1 0.000000 0.000000 0.000000
3 1767199197 25.000000 1 25.000000 25.000000 0.000000
4 1767199197 0.000000 1 0.000000 0.000000 0.000000
1 1767199198 14.000000 1 14.000000 14.000000 0.000000
2 1767199198 0.000000 1 0.000000 0.000000 0.000000
3 1767199198 30.000000 1 30.000000 30.000000 0.000000
4 1767199198 0.000000 1 0.000000 0.000000 0.000000
1 1767199199 14.000000 1 14.000000 14.000000 0.000000
2 1767199199 0.000000 1 0.000000 0.000000 0.000000
3 1767199199 30.000000 1 30.000000 30.000000 0.000000
4 1767199199 0.000000 1 0.000000 0.000000 0.000000
1 1767199200 14.000000 1 14.000000 14.000000 0.000000
2 1767199200 0.000000 1 0.000000 0.000000 0.000000
3 1767199200 30.000000 1 30.000000 30.000000 0.000000
4 1767199200 0.000000 1 0.000000 0.000000 0.000000
1 1767199201 14.000000 1 14.000000 14.000000 0.000000
2 1767199201 0.000000 1 0.000000 0.000000 0.000000
3 1767199201 30.000000 1 30.000000 30.000000 0.000000
4 1767199201 0.000000 1 0.000000 0.000000 0.000000
1 1767199202 14.000000 1 14.000000 14.000000 0.000000
2 1767199202 0.000000 1 0.000000 0.000000 0.000000
3 1767199202 30.000000 1 30.000000 30.000000 0.000000
4 1767199202 0.000000 1 0.000000 0.000000 0.000000
1 1767199203 14.000000 1 14.000000 14.000000 0.000000
2 1767199203 0.000000 1 0.000000 0.000000 0.000000
3 1767199203 30.000000 1 30.000000 30.000000 0.000000
4 1767199203 0.000000 1 0.000000 0.000000 0.000000
1 1767199204 14.000000 1 14.000000 14.000000 0.000000
2 1767199204 0.000000 1 0.000000 0.000000 0.000000
3 1767199204 30.000000 1 30.000000 30.000000 0.000000
4 1767199204 0.000000 1 0.000000 0.000000 0.000000
1 1767199205 14.000000 1 14.000000 14.000000 0.000000
2 1767199205 0.000000 1 0.000000 0.000000 0.000000
3 1767199205 30.000000 1 30.000000 30.000000 0.000000
4 1767199205 0.000000 1 0.000000 0.000000 0.000000
1 1767199206 14.000000 1 14.000000 14.000000 0.000000
2 1767199206 0.000000 1 0.000000 0.000000 0.000000
3 1767199206 30.000000 1 30.000000 30.000000 0.000000
4 1767199206 0.000000 1 0.000000 0.000000 0.000000
1 1767199208 14.000000 1 14.000000 14.000000 0.000000
2 1767199208 0.000000 1 0.000000 0.000000 0.000000
3 1767199208 30.000000 1 30.000000 30.000000 0.000000
4 1767199208 0.000000 1 0.000000 0.000000 0.000000
1 1767199209 14.000000 1 14.000000 14.000000 0.000000
2 1767199209 0.000000 1 0.000000 0.000000 0.000000
3 1767199209 30.000000 1 30.000000 30.000000 0.000000
4 1767199209 0.000000 1 0.000000 0.000000 0.000000
1 1767199210 14.000000 1 14.000000 14.000000 0.000000
2 1767199210 0.000000 1 0.000000 0.000000 0.000000
3 1767199210 30.000000 1 30.000000 30.000000 0.000000
4 1767199210 0.000000 1 0.000000 0.000000 0.000000
1 1767199211 14.000000 1 14.000000 14.000000 0.000000
2 1767199211 0.000000 1 0.000000 0.000000 0.000000
3 1767199211 30.000000 1 30.000000 30.000000 0.000000
4 1767199211 0.000000 1 0.000000 0.000000 0.000000
1 1767199212 14.000000 1 14.000000 14.000000 0.000000
2 1767199212 0.000000 1 0.000000 0.000000 0.000000
3 1767199212 30.000000 1 30.000000 30.000000 0.000000
4 1767199212 0.000000 1 0.000000 0.000000 0.000000
1 1767199213 14.000000 1 14.000000 14.000000 0.000000
2 1767199213 0.000000 1 0.000000 0.000000 0.000000
3 1767199213 30.000000 1 30.000000 30.000000 0.000000
4 1767199213 0.000000 1 0.000000 0.000000 0.000000
1 1767199214 9.000000 1 9.000000 9.000000 0.000000
2 1767199214 0.000000 1 0.000000 0.000000 0.000000
3 1767199214 35.000000 1 35.000000 35.000000 0.000000
4 1767199214 0.000000 1 0.000000 0.000000 0.000000
1 1767199215 9.000000 1 9.000000 9.000000 0.000000
2 1767199215 0.000000 1 0.000000 0.000000 0.000000
3 1767199215 35.000000 1 35.000000 35.000000 0.000000
4 1767199215 0.000000 1 0.000000 0.000000 0.000000
1 1767199216 9.000000 1 9.000000 9.000000 0.000000
2 1767199216 0.000000 1 0.000000 0.000000 0.000000
3 1767199216 35.000000 1 35.000000 35.000000 0.000000
4 1767199216 0.000000 1 0.000000 0.000000 0.000000
1 1767199217 9.000000 1 9.000000 9.000000 0.000000
2 1767199217 0.000000 1 0.000000 0.000000 0.000000
3 1767199217 35.000000 1 35.000000 35.000000 0.000000
4 1767199217 0.000000 1 0.000000 0.000000 0.000000
1 1767199218 9.000000 1 9.000000 9.000000 0.000000
2 1767199218 0.000000 1 0.000000 0.000000 0.000000
3 1767199218 35.000000 1 35.000000 35.000000 0.000000
4 1767199218 0.000000 1 0.000000 0.000000 0.000000
1 1767199219 9.000000 1 9.000000 9.000000 0.000000
2 1767199219 0.000000 1 0.000000 0.000000 0.000000
3 1767199219 35.000000 1 35.000000 35.000000 0.000000
4 1767199219 0.000000 1 0.000000 0.000000 0.000000
1 1767199220 9.000000 1 9.000000 9.000000 0.000000
2 1767199220 0.000000 1 0.000000 0.000000 0.000000
3 1767199220 35.000000 1 35.000000 35.000000 0.000000
4 1767199220 0.000000 1 0.000000 0.000000 0.000000
1 1767199221 9.000000 1 9.000000 9.000000 0.000000
2 1767199221 0.000000 1 0.000000 0.000000 0.000000
3 1767199221 35.000000 1 35.000000 35.000000 0.000000
4 1767199221 0.000000 1 0.000000 0.000000 0.000000
1 1767199222 9.000000 1 9.000000 9.000000 0.000000
2 1767199222 0.000000 1 0.000000 0.000000 0.000000
3 1767199222 35.000000 1 35.000000 35.000000 0.000000
4 1767199222 0.000000 1 0.000000 0.000000 0.000000
1 1767199223 9.000000 1 9.000000 9.000000 0.000000
2 1767199223 0.000000 1 0.000000 0.000000 0.000000
3 1767199223 35.000000 1 35.000000 35.000000 0.000000
4 1767199223 0.000000 1 0.000000 0.000000 0.000000
1 1767199224 9.000000 1 9.000000 9.000000 0.000000
2 1767199224 0.000000 1 0.000000 0.000000 0.000000
3 1767199224 35.000000 1 35.000000 35.000000 0.000000
4 1767199224 0.000000 1 0.000000 0.000000 0.000000
1 1767199225 9.000000 1 9.000000 9.000000 0.000000
2 1767199225 0.000000 1 0.000000 0.000000 0.000000
3 1767199225 35.000000 1 35.000000 35.000000 0.000000
4 1767199225 0.000000 1 0.000000 0.000000 0.000000
1 1767199226 9.000000 1 9.000000 9.000000 0.000000
2 1767199226 0.000000 1 0.000000 0.000000 0.000000
3 1767199226 35.000000 1 35.000000 35.000000 0.000000
4 1767199226 0.000000 1 0.000000 0.000000 0.000000
1 1767199227 9.000000 1 9.000000 9.000000 0.000000
2 1767199227 0.000000 1 0.000000 0.000000 0.000000
3 1767199227 35.000000 1 35.000000 35.000000 0.000000
4 1767199227 0.000000 1 0.000000 0.000000 0.000000
1 1767199228 6.000000 1 6.000000 6.000000 0.000000
2 1767199228 0.000000 1 0.000000 0.000000 0.000000
3 1767199228 38.000000 1 38.000000 38.000000 0.000000
4 1767199228 0.000000 1 0.000000 0.000000 0.000000
1 1767199229 4.000000 1 4.000000 4.000000 0.000000
2 1767199229 0.000000 1 0.000000 0.000000 0.000000
3 1767199229 40.000000 1 40.000000 40.000000 0.000000
4 1767199229 0.000000 1 0.000000 0.000000 0.000000
1 1767199230 4.000000 1 4.000000 4.000000 0.000000
2 1767199230 0.000000 1 0.000000 0.000000 0.000000
3 1767199230 40.000000 1 40.000000 40.000000 0.000000
4 1767199230 0.000000 1 0.000000 0.000000 0.000000
1 1767199231 4.000000 1 4.000000 4.000000 0.000000
2 1767199231 0.000000 1 0.000000 0.000000 0.000000
3 1767199231 40.000000 1 40.000000 40.000000 0.000000
4 1767199231 0.000000 1 0.000000 0.000000 0.000000
1 1767199232 4.000000 1 4.000000 4.000000 0.000000
2 1767199232 0.000000 1 0.000000 0.000000 0.000000
3 1767199232 40.000000 1 40.000000 40.000000 0.000000
4 1767199232 0.000000 1 0.000000 0.000000 0.000000
1 1767199233 4.000000 1 4.000000 4.000000 0.000000
2 1767199233 0.000000 1 0.000000 0.000000 0.000000
3 1767199233 40.000000 1 40.000000 40.000000 0.000000
4 1767199233 0.000000 1 0.000000 0.000000 0.000000
1 1767199234 4.000000 1 4.000000 4.000000 0.000000
2 1767199234 0.000000 1 0.000000 0.000000 0.000000
3 1767199234 40.000000 1 40.000000 40.000000 0.000000
4 1767199234 0.000000 1 0.000000 0.000000 0.000000
1 1767199235 4.000000 1 4.000000 4.000000 0.000000
2 1767199235 0.000000 1 0.000000 0.000000 0.000000
3 1767199235 40.000000 1 40.000000 40.000000 0.000000
4 1767199235 0.000000 1 0.000000 0.000000 0.000000
1 1767199236 4.000000 1 4.000000 4.000000 0.000000
2 1767199236 0.000000 1 0.000000 0.000000 0.000000
3 1767199236 40.000000 1 40.000000 40.000000 0.000000
4 1767199236 0.000000 1 0.000000 0.000000 0.000000
1 1767199237 4.000000 1 4.000000 4.000000 0.000000
2 1767199237 0.000000 1 0.000000 0.000000 0.000000
3 1767199237 40.000000 1 40.000000 40.000000 0.000000
4 1767199237 0.000000 1 0.000000 0.000000 0.000000
1 1767199238 4.000000 1 4.000000 4.000000 0.000000
2 1767199238 0.000000 1 0.000000 0.000000 0.000000
3 1767199238 40.000000 1 40.000000 40.000000 0.000000
4 1767199238 0.000000 1 0.000000 0.000000 0.000000
1 1767199239 4.000000 1 4.000000 4.000000 0.000000
2 1767199239 0.000000 1 0.000000 0.000000 0.000000
3 1767199239 40.000000 1 40.000000 40.000000 0.000000
4 1767199239 0.000000 1 0.000000 0.000000 0.000000
1 1767199240 4.000000 1 4.000000 4.000000 0.000000
2 1767199240 0.000000 1 0.000000 0.000000 0.000000
3 1767199240 40.000000 1 40.000000 40.000000 0.000000
4 1767199240 0.000000 1 0.000000 0.000000 0.000000
1 1767199241 4.000000 1 4.000000 4.000000 0.000000
2 1767199241 0.000000 1 0.000000 0.000000 0.000000
3 1767199241 40.000000 1 40.000000 40.000000 0.000000
4 1767199241 0.000000 1 0.000000 0.000000 0.000000
1 1767199242 4.000000 1 4.000000 4.000000 0.000000
2 1767199242 0.000000 1 0.000000 0.000000 0.000000
3 1767199242 40.000000 1 40.000000 40.000000 0.000000
4 1767199242 0.000000 1 0.000000 0.000000 0.000000
1 1767199243 0.000000 1 0.000000 0.000000 0.000000
2 1767199243 0.000000 1 0.000000 0.000000 0.000000
3 1767199243 44.000000 1 44.000000 44.000000 0.000000
4 1767199243 0.000000 1 0.000000 0.000000 0.000000
