Action.c(4): Detected non-resource "https://support.mozilla.org/kb/captive-portal" in "http://detectportal.firefox.com/canonical.html"  	[MsgId: MMSG-26573]
Action.c(4): Error -35196: HTTP Status-Code=429 (Retry With) for "https://support.mozilla.org/kb/captive-portal"  	[MsgId: MERR-35196]
End auto log messages stack.	[MsgId: MMSG-10544]


Start auto log messages stack - Iteration 940.	[MsgId: MMSG-10545]
Starting action Action.	[MsgId: MMSG-15919]
Action.c(4): web_url("canonical.html") started  	[MsgId: MMSG-26355]
Action.c(4): Detected non-resource "https://support.mozilla.org/kb/captive-portal" in "http://detectportal.firefox.com/canonical.html"  	[MsgId: MMSG-26573]
Action.c(4): Error -35196: HTTP Status-Code=429 (Retry With) for "https://support.mozilla.org/kb/captive-portal"  	[MsgId: MERR-35196]
End auto log messages stack.	[MsgId: MMSG-10544]


Start auto log messages stack - Iteration 1038.	[MsgId: MMSG-10545]
Starting action Action.	[MsgId: MMSG-15919]
Action.c(4): web_url("canonical.html") started  	[MsgId: MMSG-26355]
Action.c(4): Detected non-resource "https://support.mozilla.org/kb/captive-portal" in "http://detectportal.firefox.com/canonical.html"  	[MsgId: MMSG-26573]
Action.c(4): Error -35196: HTTP Status-Code=429 (Retry With) for "https://support.mozilla.org/kb/captive-portal"  	[MsgId: MERR-35196]
End auto log messages stack.	[MsgId: MMSG-10544]


Start auto log messages stack - Iteration 1036.	[MsgId: MMSG-10545]
Starting action Action.	[MsgId: MMSG-15919]
Action.c(4): web_url("canonical.html") started  	[MsgId: MMSG-26355]
Action.c(4): Detected non-resource "https://support.mozilla.org/kb/captive-portal" in "http://detectportal.firefox.com/canonical.html"  	[MsgId: MMSG-26573]
Action.c(4): Error -35196: HTTP Status-Code=429 (Retry With) for "https://support.mozilla.org/kb/captive-portal"  	[MsgId: MERR-35196]
End auto log messages stack.	[MsgId: MMSG-10544]


Start auto log messages stack - Iteration 1094.	[MsgId: MMSG-10545]
Starting action Action.	[MsgId: MMSG-15919]
Action.c(4): web_url("canonical.html") started  	[MsgId: MMSG-26355]
Action.c(4): Detected non-resource "https://support.mozilla.org/kb/captive-portal" in "http://detectportal.firefox.com/canonical.html"  	[MsgId: MMSG-26573]
Action.c(4): Error -35196: HTTP Status-Code=429 (Retry With) for "https://support.mozilla.org/kb/captive-portal"  	[MsgId: MERR-35196]
End auto log messages stack.	[MsgId: MMSG-10544]
Start auto log messages stack - Iteration 1196.	[MsgId: MMSG-10545]


Starting action Action.	[MsgId: MMSG-15919]
Action.c(4): web_url("canonical.html") started  	[MsgId: MMSG-26355]
Action.c(4): Detected non-resource "https://support.mozilla.org/kb/captive-portal" in "http://detectportal.firefox.com/canonical.html"  	[MsgId: MMSG-26573]
Action.c(4): Error -35196: HTTP Status-Code=429 (Retry With) for "https://support.mozilla.org/kb/captive-portal"  	[MsgId: MERR-35196]
End auto log messages stack.	[MsgId: MMSG-10544]


Start auto log messages stack - Iteration 932.	[MsgId: MMSG-10545]
Starting action Action.	[MsgId: MMSG-15919]
Action.c(4): web_url("canonical.html") started  	[MsgId: MMSG-26355]
Action.c(4): Detected non-resource "https://support.mozilla.org/kb/captive-portal" in "http://detectportal.firefox.com/canonical.html"  	[MsgId: MMSG-26573]
Action.c(4): Error -35196: HTTP Status-Code=429 (Retry With) for "https://support.mozilla.org/kb/captive-portal"  	[MsgId: MERR-35196]
End auto log messages stack.	[MsgId: MMSG-10544]


Start auto log messages stack - Iteration 1039.	[MsgId: MMSG-10545]
Starting action Action.	[MsgId: MMSG-15919]
Action.c(4): web_url("canonical.html") started  	[MsgId: MMSG-26355]
Action.c(4): Detected non-resource "https://support.mozilla.org/kb/captive-portal" in "http://detectportal.firefox.com/canonical.html"  	[MsgId: MMSG-26573]
Action.c(4): Error -35196: HTTP Status-Code=429 (Retry With) for "https://support.mozilla.org/kb/captive-portal"  	[MsgId: MERR-35196]
End auto log messages stack.	[MsgId: MMSG-10544]


Start auto log messages stack - Iteration 988.	[MsgId: MMSG-10545]
Starting action Action.	[MsgId: MMSG-15919]
Action.c(4): web_url("canonical.html") started  	[MsgId: MMSG-26355]
Action.c(4): Detected non-resource "https://support.mozilla.org/kb/captive-portal" in "http://detectportal.firefox.com/canonical.html"  	[MsgId: MMSG-26573]
Action.c(4): Error -35196: HTTP Status-Code=429 (Retry With) for "https://support.mozilla.org/kb/captive-portal"  	[MsgId: MERR-35196]
End auto log messages stack.	[MsgId: MMSG-10544]


Start auto log messages stack - Iteration 1037.	[MsgId: MMSG-10545]
Starting action Action.	[MsgId: MMSG-15919]
Action.c(4): web_url("canonical.html") started  	[MsgId: MMSG-26355]
Action.c(4): Detected non-resource "https://support.mozilla.org/kb/captive-portal" in "http://detectportal.firefox.com/canonical.html"  	[MsgId: MMSG-26573]
Action.c(4): Error -35196: HTTP Status-Code=429 (Retry With) for "https://support.mozilla.org/kb/captive-portal"  	[MsgId: MERR-35196]
End auto log messages stack.	[MsgId: MMSG-10544]
Start auto log messages stack - Iteration 1179.	[MsgId: MMSG-10545]
Start auto log messages stack - Iteration 1184.	[MsgId: MMSG-10545]
Starting action Action.	[MsgId: MMSG-15919]
Action.c(4): web_url("canonical.html") started  	[MsgId: MMSG-26355]
Action.c(4): Detected non-resource "https://support.mozilla.org/kb/captive-portal" in "http://detectportal.firefox.com/canonical.html"  	[MsgId: MMSG-26573]
Action.c(4): Error -35196: HTTP Status-Code=429 (Retry With) for "https://support.mozilla.org/kb/captive-portal"  	[MsgId: MERR-35196]
End auto log messages stack.	[MsgId: MMSG-10544]


Starting action Action.	[MsgId: MMSG-15919]
Action.c(4): web_url("canonical.html") started  	[MsgId: MMSG-26355]
Action.c(4): Detected non-resource "https://support.mozilla.org/kb/captive-portal" in "http://detectportal.firefox.com/canonical.html"  	[MsgId: MMSG-26573]
Action.c(4): Error -35196: HTTP Status-Code=429 (Retry With) for "https://support.mozilla.org/kb/captive-portal"  	[MsgId: MERR-35196]


End auto log messages stack.	[MsgId: MMSG-10544]


Start auto log messages stack - Iteration 1197.	[MsgId: MMSG-10545]
Starting action Action.	[MsgId: MMSG-15919]
Action.c(4): web_url("canonical.html") started  	[MsgId: MMSG-26355]
Action.c(4): Detected non-resource "https://support.mozilla.org/kb/captive-portal" in "http://detectportal.firefox.com/canonical.html"  	[MsgId: MMSG-26573]
Action.c(4): Error -35196: HTTP Status-Code=429 (Retry With) for "https://support.mozilla.org/kb/captive-portal"  	[MsgId: MERR-35196]
End auto log messages stack.	[MsgId: MMSG-10544]


Start auto log messages stack - Iteration 1095.	[MsgId: MMSG-10545]
Starting action Action.	[MsgId: MMSG-15919]
Action.c(4): web_url("canonical.html") started  	[MsgId: MMSG-26355]
Action.c(4): Detected non-resource "https://support.mozilla.org/kb/captive-portal" in "http://detectportal.firefox.com/canonical.html"  	[MsgId: MMSG-26573]
Action.c(4): Error -35196: HTTP Status-Code=429 (Retry With) for "https://support.mozilla.org/kb/captive-portal"  	[MsgId: MERR-35196]
End auto log messages stack.	[MsgId: MMSG-10544]


Start auto log messages stack - Iteration 989.	[MsgId: MMSG-10545]
Starting action Action.	[MsgId: MMSG-15919]
Action.c(4): web_url("canonical.html") started  	[MsgId: MMSG-26355]
Action.c(4): Detected non-resource "https://support.mozilla.org/kb/captive-portal" in "http://detectportal.firefox.com/canonical.html"  	[MsgId: MMSG-26573]
Action.c(4): Error -35196: HTTP Status-Code=429 (Retry With) for "https://support.mozilla.org/kb/captive-portal"  	[MsgId: MERR-35196]
End auto log messages stack.	[MsgId: MMSG-10544]


Start auto log messages stack - Iteration 933.	[MsgId: MMSG-10545]
Starting action Action.	[MsgId: MMSG-15919]
Action.c(4): web_url("canonical.html") started  	[MsgId: MMSG-26355]
Action.c(4): Detected non-resource "https://support.mozilla.org/kb/captive-portal" in "http://detectportal.firefox.com/canonical.html"  	[MsgId: MMSG-26573]
Action.c(4): Error -35196: HTTP Status-Code=429 (Retry With) for "https://support.mozilla.org/kb/captive-portal"  	[MsgId: MERR-35196]
End auto log messages stack.	[MsgId: MMSG-10544]


Start auto log messages stack - Iteration 1040.	[MsgId: MMSG-10545]
Starting action Action.	[MsgId: MMSG-15919]
Action.c(4): web_url("canonical.html") started  	[MsgId: MMSG-26355]
Action.c(4): Detected non-resource "https://support.mozilla.org/kb/captive-portal" in "http://detectportal.firefox.com/canonical.html"  	[MsgId: MMSG-26573]
Action.c(4): Error -35196: HTTP Status-Code=429 (Retry With) for "https://support.mozilla.org/kb/captive-portal"  	[MsgId: MERR-35196]
End auto log messages stack.	[MsgId: MMSG-10544]


Start auto log messages stack - Iteration 1185.	[MsgId: MMSG-10545]
Starting action Action.	[MsgId: MMSG-15919]
Action.c(4): web_url("canonical.html") started  	[MsgId: MMSG-26355]
Action.c(4): Detected non-resource "https://support.mozilla.org/kb/captive-portal" in "http://detectportal.firefox.com/canonical.html"  	[MsgId: MMSG-26573]
Action.c(4): Error -35196: HTTP Status-Code=429 (Retry With) for "https://support.mozilla.org/kb/captive-portal"  	[MsgId: MERR-35196]
End auto log messages stack.	[MsgId: MMSG-10544]


Start auto log messages stack - Iteration 1038.	[MsgId: MMSG-10545]
Starting action Action.	[MsgId: MMSG-15919]
Action.c(4): web_url("canonical.html") started  	[MsgId: MMSG-26355]
Action.c(4): Detected non-resource "https://support.mozilla.org/kb/captive-portal" in "http://detectportal.firefox.com/canonical.html"  	[MsgId: MMSG-26573]
Action.c(4): Error -35196: HTTP Status-Code=429 (Retry With) for "https://support.mozilla.org/kb/captive-portal"  	[MsgId: MERR-35196]
End auto log messages stack.	[MsgId: MMSG-10544]


Start auto log messages stack - Iteration 1096.	[MsgId: MMSG-10545]
Starting action Action.	[MsgId: MMSG-15919]
Action.c(4): web_url("canonical.html") started  	[MsgId: MMSG-26355]
Start auto log messages stack - Iteration 1180.	[MsgId: MMSG-10545]
Action.c(4): Detected non-resource "https://support.mozilla.org/kb/captive-portal" in "http://detectportal.firefox.com/canonical.html"  	[MsgId: MMSG-26573]
Action.c(4): Error -35196: HTTP Status-Code=429 (Retry With) for "https://support.mozilla.org/kb/captive-portal"  	[MsgId: MERR-35196]
Starting action Action.	[MsgId: MMSG-15919]
Action.c(4): web_url("canonical.html") started  	[MsgId: MMSG-26355]
Action.c(4): Detected non-resource "https://support.mozilla.org/kb/captive-portal" in "http://detectportal.firefox.com/canonical.html"  	[MsgId: MMSG-26573]
End auto log messages stack.	[MsgId: MMSG-10544]
Action.c(4): Error -35196: HTTP Status-Code=429 (Retry With) for "https://support.mozilla.org/kb/captive-portal"  	[MsgId: MERR-35196]


End auto log messages stack.	[MsgId: MMSG-10544]


Start auto log messages stack - Iteration 1198.	[MsgId: MMSG-10545]
Starting action Action.	[MsgId: MMSG-15919]
Action.c(4): web_url("canonical.html") started  	[MsgId: MMSG-26355]
Action.c(4): Detected non-resource "https://support.mozilla.org/kb/captive-portal" in "http://detectportal.firefox.com/canonical.html"  	[MsgId: MMSG-26573]
Action.c(4): Error -35196: HTTP Status-Code=429 (Retry With) for "https://support.mozilla.org/kb/captive-portal"  	[MsgId: MERR-35196]
End auto log messages stack.	[MsgId: MMSG-10544]


Start auto log messages stack - Iteration 990.	[MsgId: MMSG-10545]
Starting action Action.	[MsgId: MMSG-15919]
Action.c(4): web_url("canonical.html") started  	[MsgId: MMSG-26355]
Action.c(4): Detected non-resource "https://support.mozilla.org/kb/captive-portal" in "http://detectportal.firefox.com/canonical.html"  	[MsgId: MMSG-26573]
Action.c(4): Error -35196: HTTP Status-Code=429 (Retry With) for "https://support.mozilla.org/kb/captive-portal"  	[MsgId: MERR-35196]
End auto log messages stack.	[MsgId: MMSG-10544]


Start auto log messages stack - Iteration 934.	[MsgId: MMSG-10545]
Starting action Action.	[MsgId: MMSG-15919]
Action.c(4): web_url("canonical.html") started  	[MsgId: MMSG-26355]
Action.c(4): Detected non-resource "https://support.mozilla.org/kb/captive-portal" in "http://detectportal.firefox.com/canonical.html"  	[MsgId: MMSG-26573]
Action.c(4): Error -35196: HTTP Status-Code=429 (Retry With) for "https://support.mozilla.org/kb/captive-portal"  	[MsgId: MERR-35196]
End auto log messages stack.	[MsgId: MMSG-10544]


Start auto log messages stack - Iteration 1041.	[MsgId: MMSG-10545]
Starting action Action.	[MsgId: MMSG-15919]
Action.c(4): web_url("canonical.html") started  	[MsgId: MMSG-26355]
Action.c(4): Detected non-resource "https://support.mozilla.org/kb/captive-portal" in "http://detectportal.firefox.com/canonical.html"  	[MsgId: MMSG-26573]
Action.c(4): Error -35196: HTTP Status-Code=429 (Retry With) for "https://support.mozilla.org/kb/captive-portal"  	[MsgId: MERR-35196]
End auto log messages stack.	[MsgId: MMSG-10544]


Start auto log messages stack - Iteration 1186.	[MsgId: MMSG-10545]
Starting action Action.	[MsgId: MMSG-15919]
Action.c(4): web_url("canonical.html") started  	[MsgId: MMSG-26355]
Action.c(4): Detected non-resource "https://support.mozilla.org/kb/captive-portal" in "http://detectportal.firefox.com/canonical.html"  	[MsgId: MMSG-26573]
Action.c(4): Error -35196: HTTP Status-Code=429 (Retry With) for "https://support.mozilla.org/kb/captive-portal"  	[MsgId: MERR-35196]
End auto log messages stack.	[MsgId: MMSG-10544]


Start auto log messages stack - Iteration 1039.	[MsgId: MMSG-10545]
Starting action Action.	[MsgId: MMSG-15919]
Action.c(4): web_url("canonical.html") started  	[MsgId: MMSG-26355]
Action.c(4): Detected non-resource "https://support.mozilla.org/kb/captive-portal" in "http://detectportal.firefox.com/canonical.html"  	[MsgId: MMSG-26573]
Action.c(4): Error -35196: HTTP Status-Code=429 (Retry With) for "https://support.mozilla.org/kb/captive-portal"  	[MsgId: MERR-35196]
End auto log messages stack.	[MsgId: MMSG-10544]


Start auto log messages stack - Iteration 1199.	[MsgId: MMSG-10545]
Starting action Action.	[MsgId: MMSG-15919]
Action.c(4): web_url("canonical.html") started  	[MsgId: MMSG-26355]
Action.c(4): Detected non-resource "https://support.mozilla.org/kb/captive-portal" in "http://detectportal.firefox.com/canonical.html"  	[MsgId: MMSG-26573]
Action.c(4): Error -35196: HTTP Status-Code=429 (Retry With) for "https://support.mozilla.org/kb/captive-portal"  	[MsgId: MERR-35196]
End auto log messages stack.	[MsgId: MMSG-10544]


Start auto log messages stack - Iteration 1097.	[MsgId: MMSG-10545]
Starting action Action.	[MsgId: MMSG-15919]
Action.c(4): web_url("canonical.html") started  	[MsgId: MMSG-26355]
Action.c(4): Detected non-resource "https://support.mozilla.org/kb/captive-portal" in "http://detectportal.firefox.com/canonical.html"  	[MsgId: MMSG-26573]
Action.c(4): Error -35196: HTTP Status-Code=429 (Retry With) for "https://support.mozilla.org/kb/captive-portal"  	[MsgId: MERR-35196]
End auto log messages stack.	[MsgId: MMSG-10544]


Start auto log messages stack - Iteration 1181.	[MsgId: MMSG-10545]
Starting action Action.	[MsgId: MMSG-15919]
Action.c(4): web_url("canonical.html") started  	[MsgId: MMSG-26355]
Action.c(4): Detected non-resource "https://support.mozilla.org/kb/captive-portal" in "http://detectportal.firefox.com/canonical.html"  	[MsgId: MMSG-26573]
Action.c(4): Error -35196: HTTP Status-Code=429 (Retry With) for "https://support.mozilla.org/kb/captive-portal"  	[MsgId: MERR-35196]
End auto log messages stack.	[MsgId: MMSG-10544]


Start auto log messages stack - Iteration 991.	[MsgId: MMSG-10545]
Starting action Action.	[MsgId: MMSG-15919]
Action.c(4): web_url("canonical.html") started  	[MsgId: MMSG-26355]
Action.c(4): Detected non-resource "https://support.mozilla.org/kb/captive-portal" in "http://detectportal.firefox.com/canonical.html"  	[MsgId: MMSG-26573]
Action.c(4): Error -35196: HTTP Status-Code=429 (Retry With) for "https://support.mozilla.org/kb/captive-portal"  	[MsgId: MERR-35196]
End auto log messages stack.	[MsgId: MMSG-10544]


Start auto log messages stack - Iteration 1042.	[MsgId: MMSG-10545]
Starting action Action.	[MsgId: MMSG-15919]
Start auto log messages stack - Iteration 1187.	[MsgId: MMSG-10545]
Starting action Action.	[MsgId: MMSG-15919]
Action.c(4): web_url("canonical.html") started  	[MsgId: MMSG-26355]
Action.c(4): Detected non-resource "https://support.mozilla.org/kb/captive-portal" in "http://detectportal.firefox.com/canonical.html"  	[MsgId: MMSG-26573]
Action.c(4): Error -35196: HTTP Status-Code=429 (Retry With) for "https://support.mozilla.org/kb/captive-portal"  	[MsgId: MERR-35196]
Start auto log messages stack - Iteration 935.	[MsgId: MMSG-10545]
Starting action Action.	[MsgId: MMSG-15919]
Action.c(4): web_url("canonical.html") started  	[MsgId: MMSG-26355]
Action.c(4): Detected non-resource "https://support.mozilla.org/kb/captive-portal" in "http://detectportal.firefox.com/canonical.html"  	[MsgId: MMSG-26573]
End auto log messages stack.	[MsgId: MMSG-10544]
Action.c(4): Error -35196: HTTP Status-Code=429 (Retry With) for "https://support.mozilla.org/kb/captive-portal"  	[MsgId: MERR-35196]


End auto log messages stack.	[MsgId: MMSG-10544]


Action.c(4): web_url("canonical.html") started  	[MsgId: MMSG-26355]
Action.c(4): Detected non-resource "https://support.mozilla.org/kb/captive-portal" in "http://detectportal.firefox.com/canonical.html"  	[MsgId: MMSG-26573]
Action.c(4): Error -35196: HTTP Status-Code=429 (Retry With) for "https://support.mozilla.org/kb/captive-portal"  	[MsgId: MERR-35196]
End auto log messages stack.	[MsgId: MMSG-10544]


Start auto log messages stack - Iteration 1040.	[MsgId: MMSG-10545]
Starting action Action.	[MsgId: MMSG-15919]
Action.c(4): web_url("canonical.html") started  	[MsgId: MMSG-26355]
Action.c(4): Detected non-resource "https://support.mozilla.org/kb/captive-portal" in "http://detectportal.firefox.com/canonical.html"  	[MsgId: MMSG-26573]
Action.c(4): Error -35196: HTTP Status-Code=429 (Retry With) for "https://support.mozilla.org/kb/captive-portal"  	[MsgId: MERR-35196]
End auto log messages stack.	[MsgId: MMSG-10544]


Start auto log messages stack - Iteration 1182.	[MsgId: MMSG-10545]
Starting action Action.	[MsgId: MMSG-15919]
Action.c(4): web_url("canonical.html") started  	[MsgId: MMSG-26355]
Action.c(4): Detected non-resource "https://support.mozilla.org/kb/captive-portal" in "http://detectportal.firefox.com/canonical.html"  	[MsgId: MMSG-26573]
Action.c(4): Error -35196: HTTP Status-Code=429 (Retry With) for "https://support.mozilla.org/kb/captive-portal"  	[MsgId: MERR-35196]
End auto log messages stack.	[MsgId: MMSG-10544]


Start auto log messages stack - Iteration 1200.	[MsgId: MMSG-10545]
Starting action Action.	[MsgId: MMSG-15919]
Action.c(4): web_url("canonical.html") started  	[MsgId: MMSG-26355]
Action.c(4): Detected non-resource "https://support.mozilla.org/kb/captive-portal" in "http://detectportal.firefox.com/canonical.html"  	[MsgId: MMSG-26573]
Action.c(4): Error -35196: HTTP Status-Code=429 (Retry With) for "https://support.mozilla.org/kb/captive-portal"  	[MsgId: MERR-35196]
End auto log messages stack.	[MsgId: MMSG-10544]


Start auto log messages stack - Iteration 941.	[MsgId: MMSG-10545]
Starting action Action.	[MsgId: MMSG-15919]
Action.c(4): web_url("canonical.html") started  	[MsgId: MMSG-26355]
Action.c(4): Detected non-resource "https://support.mozilla.org/kb/captive-portal" in "http://detectportal.firefox.com/canonical.html"  	[MsgId: MMSG-26573]
Action.c(4): Error -35196: HTTP Status-Code=429 (Retry With) for "https://support.mozilla.org/kb/captive-portal"  	[MsgId: MERR-35196]
End auto log messages stack.	[MsgId: MMSG-10544]


Start auto log messages stack - Iteration 1098.	[MsgId: MMSG-10545]
Starting action Action.	[MsgId: MMSG-15919]
Action.c(4): web_url("canonical.html") started  	[MsgId: MMSG-26355]
Action.c(4): Detected non-resource "https://support.mozilla.org/kb/captive-portal" in "http://detectportal.firefox.com/canonical.html"  	[MsgId: MMSG-26573]
Action.c(4): Error -35196: HTTP Status-Code=429 (Retry With) for "https://support.mozilla.org/kb/captive-portal"  	[MsgId: MERR-35196]
End auto log messages stack.	[MsgId: MMSG-10544]


Start auto log messages stack - Iteration 992.	[MsgId: MMSG-10545]
Starting action Action.	[MsgId: MMSG-15919]
Action.c(4): web_url("canonical.html") started  	[MsgId: MMSG-26355]
Action.c(4): Detected non-resource "https://support.mozilla.org/kb/captive-portal" in "http://detectportal.firefox.com/canonical.html"  	[MsgId: MMSG-26573]
Action.c(4): Error -35196: HTTP Status-Code=429 (Retry With) for "https://support.mozilla.org/kb/captive-portal"  	[MsgId: MERR-35196]
End auto log messages stack.	[MsgId: MMSG-10544]


Start auto log messages stack - Iteration 936.	[MsgId: MMSG-10545]
Start auto log messages stack - Iteration 1183.	[MsgId: MMSG-10545]
Starting action Action.	[MsgId: MMSG-15919]
Action.c(4): web_url("canonical.html") started  	[MsgId: MMSG-26355]
Start auto log messages stack - Iteration 1188.	[MsgId: MMSG-10545]
Start auto log messages stack - Iteration 1041.	[MsgId: MMSG-10545]
Action.c(4): Detected non-resource "https://support.mozilla.org/kb/captive-portal" in "http://detectportal.firefox.com/canonical.html"  	[MsgId: MMSG-26573]
Starting action Action.	[MsgId: MMSG-15919]
Starting action Action.	[MsgId: MMSG-15919]
Action.c(4): web_url("canonical.html") started  	[MsgId: MMSG-26355]
Action.c(4): Error -35196: HTTP Status-Code=429 (Retry With) for "https://support.mozilla.org/kb/captive-portal"  	[MsgId: MERR-35196]
Action.c(4): Detected non-resource "https://support.mozilla.org/kb/captive-portal" in "http://detectportal.firefox.com/canonical.html"  	[MsgId: MMSG-26573]
Action.c(4): web_url("canonical.html") started  	[MsgId: MMSG-26355]
Action.c(4): Error -35196: HTTP Status-Code=429 (Retry With) for "https://support.mozilla.org/kb/captive-portal"  	[MsgId: MERR-35196]
Action.c(4): Detected non-resource "https://support.mozilla.org/kb/captive-portal" in "http://detectportal.firefox.com/canonical.html"  	[MsgId: MMSG-26573]
Action.c(4): Error -35196: HTTP Status-Code=429 (Retry With) for "https://support.mozilla.org/kb/captive-portal"  	[MsgId: MERR-35196]
End auto log messages stack.	[MsgId: MMSG-10544]
End auto log messages stack.	[MsgId: MMSG-10544]




End auto log messages stack.	[MsgId: MMSG-10544]


Start auto log messages stack - Iteration 1201.	[MsgId: MMSG-10545]
Starting action Action.	[MsgId: MMSG-15919]
Action.c(4): web_url("canonical.html") started  	[MsgId: MMSG-26355]
Action.c(4): Detected non-resource "https://support.mozilla.org/kb/captive-portal" in "http://detectportal.firefox.com/canonical.html"  	[MsgId: MMSG-26573]
Action.c(4): Error -35196: HTTP Status-Code=429 (Retry With) for "https://support.mozilla.org/kb/captive-portal"  	[MsgId: MERR-35196]
End auto log messages stack.	[MsgId: MMSG-10544]


Start auto log messages stack - Iteration 1043.	[MsgId: MMSG-10545]
Starting action Action.	[MsgId: MMSG-15919]
Action.c(4): web_url("canonical.html") started  	[MsgId: MMSG-26355]
Action.c(4): Detected non-resource "https://support.mozilla.org/kb/captive-portal" in "http://detectportal.firefox.com/canonical.html"  	[MsgId: MMSG-26573]
Action.c(4): Error -35196: HTTP Status-Code=429 (Retry With) for "https://support.mozilla.org/kb/captive-portal"  	[MsgId: MERR-35196]
Starting action Action.	[MsgId: MMSG-15919]
Action.c(4): web_url("canonical.html") started  	[MsgId: MMSG-26355]
Action.c(4): Detected non-resource "https://support.mozilla.org/kb/captive-portal" in "http://detectportal.firefox.com/canonical.html"  	[MsgId: MMSG-26573]
Action.c(4): Error -35196: HTTP Status-Code=429 (Retry With) for "https://support.mozilla.org/kb/captive-portal"  	[MsgId: MERR-35196]
End auto log messages stack.	[MsgId: MMSG-10544]


End auto log messages stack.	[MsgId: MMSG-10544]


Start auto log messages stack - Iteration 1099.	[MsgId: MMSG-10545]
Starting action Action.	[MsgId: MMSG-15919]
Action.c(4): web_url("canonical.html") started  	[MsgId: MMSG-26355]
Action.c(4): Detected non-resource "https://support.mozilla.org/kb/captive-portal" in "http://detectportal.firefox.com/canonical.html"  	[MsgId: MMSG-26573]
Action.c(4): Error -35196: HTTP Status-Code=429 (Retry With) for "https://support.mozilla.org/kb/captive-portal"  	[MsgId: MERR-35196]
End auto log messages stack.	[MsgId: MMSG-10544]


Start auto log messages stack - Iteration 942.	[MsgId: MMSG-10545]
Starting action Action.	[MsgId: MMSG-15919]
Action.c(4): web_url("canonical.html") started  	[MsgId: MMSG-26355]
Action.c(4): Detected non-resource "https://support.mozilla.org/kb/captive-portal" in "http://detectportal.firefox.com/canonical.html"  	[MsgId: MMSG-26573]
Action.c(4): Error -35196: HTTP Status-Code=429 (Retry With) for "https://support.mozilla.org/kb/captive-portal"  	[MsgId: MERR-35196]
End auto log messages stack.	[MsgId: MMSG-10544]


Start auto log messages stack - Iteration 1189.	[MsgId: MMSG-10545]
Starting action Action.	[MsgId: MMSG-15919]
Start auto log messages stack - Iteration 1184.	[MsgId: MMSG-10545]
Starting action Action.	[MsgId: MMSG-15919]
Action.c(4): web_url("canonical.html") started  	[MsgId: MMSG-26355]
Action.c(4): Detected non-resource "https://support.mozilla.org/kb/captive-portal" in "http://detectportal.firefox.com/canonical.html"  	[MsgId: MMSG-26573]
Action.c(4): Error -35196: HTTP Status-Code=429 (Retry With) for "https://support.mozilla.org/kb/captive-portal"  	[MsgId: MERR-35196]
Action.c(4): web_url("canonical.html") started  	[MsgId: MMSG-26355]
End auto log messages stack.	[MsgId: MMSG-10544]


Start auto log messages stack - Iteration 1042.	[MsgId: MMSG-10545]
Start auto log messages stack - Iteration 1044.	[MsgId: MMSG-10545]
Starting action Action.	[MsgId: MMSG-15919]
Action.c(4): web_url("canonical.html") started  	[MsgId: MMSG-26355]
Action.c(4): Detected non-resource "https://support.mozilla.org/kb/captive-portal" in "http://detectportal.firefox.com/canonical.html"  	[MsgId: MMSG-26573]
Action.c(4): Error -35196: HTTP Status-Code=429 (Retry With) for "https://support.mozilla.org/kb/captive-portal"  	[MsgId: MERR-35196]
End auto log messages stack.	[MsgId: MMSG-10544]


Starting action Action.	[MsgId: MMSG-15919]
Action.c(4): web_url("canonical.html") started  	[MsgId: MMSG-26355]
Action.c(4): Detected non-resource "https://support.mozilla.org/kb/captive-portal" in "http://detectportal.firefox.com/canonical.html"  	[MsgId: MMSG-26573]
Action.c(4): Error -35196: HTTP Status-Code=429 (Retry With) for "https://support.mozilla.org/kb/captive-portal"  	[MsgId: MERR-35196]
End auto log messages stack.	[MsgId: MMSG-10544]


Action.c(4): Detected non-resource "https://support.mozilla.org/kb/captive-portal" in "http://detectportal.firefox.com/canonical.html"  	[MsgId: MMSG-26573]
Action.c(4): Error -35196: HTTP Status-Code=429 (Retry With) for "https://support.mozilla.org/kb/captive-portal"  	[MsgId: MERR-35196]
End auto log messages stack.	[MsgId: MMSG-10544]


Start auto log messages stack - Iteration 937.	[MsgId: MMSG-10545]
Starting action Action.	[MsgId: MMSG-15919]
Action.c(4): web_url("canonical.html") started  	[MsgId: MMSG-26355]
Action.c(4): Detected non-resource "https://support.mozilla.org/kb/captive-portal" in "http://detectportal.firefox.com/canonical.html"  	[MsgId: MMSG-26573]
Action.c(4): Error -35196: HTTP Status-Code=429 (Retry With) for "https://support.mozilla.org/kb/captive-portal"  	[MsgId: MERR-35196]
End auto log messages stack.	[MsgId: MMSG-10544]


Start auto log messages stack - Iteration 993.	[MsgId: MMSG-10545]
Starting action Action.	[MsgId: MMSG-15919]
Action.c(4): web_url("canonical.html") started  	[MsgId: MMSG-26355]
Action.c(4): Detected non-resource "https://support.mozilla.org/kb/captive-portal" in "http://detectportal.firefox.com/canonical.html"  	[MsgId: MMSG-26573]
Action.c(4): Error -35196: HTTP Status-Code=429 (Retry With) for "https://support.mozilla.org/kb/captive-portal"  	[MsgId: MERR-35196]
Start auto log messages stack - Iteration 1202.	[MsgId: MMSG-10545]
Starting action Action.	[MsgId: MMSG-15919]
Action.c(4): web_url("canonical.html") started  	[MsgId: MMSG-26355]
Action.c(4): Detected non-resource "https://support.mozilla.org/kb/captive-portal" in "http://detectportal.firefox.com/canonical.html"  	[MsgId: MMSG-26573]
Action.c(4): Error -35196: HTTP Status-Code=429 (Retry With) for "https://support.mozilla.org/kb/captive-portal"  	[MsgId: MERR-35196]
End auto log messages stack.	[MsgId: MMSG-10544]


End auto log messages stack.	[MsgId: MMSG-10544]


Start auto log messages stack - Iteration 1100.	[MsgId: MMSG-10545]
Starting action Action.	[MsgId: MMSG-15919]
Action.c(4): web_url("canonical.html") started  	[MsgId: MMSG-26355]
Action.c(4): Detected non-resource "https://support.mozilla.org/kb/captive-portal" in "http://detectportal.firefox.com/canonical.html"  	[MsgId: MMSG-26573]
Action.c(4): Error -35196: HTTP Status-Code=429 (Retry With) for "https://support.mozilla.org/kb/captive-portal"  	[MsgId: MERR-35196]
End auto log messages stack.	[MsgId: MMSG-10544]


Start auto log messages stack - Iteration 943.	[MsgId: MMSG-10545]
Starting action Action.	[MsgId: MMSG-15919]
Action.c(4): web_url("canonical.html") started  	[MsgId: MMSG-26355]
Action.c(4): Detected non-resource "https://support.mozilla.org/kb/captive-portal" in "http://detectportal.firefox.com/canonical.html"  	[MsgId: MMSG-26573]
Action.c(4): Error -35196: HTTP Status-Code=429 (Retry With) for "https://support.mozilla.org/kb/captive-portal"  	[MsgId: MERR-35196]
End auto log messages stack.	[MsgId: MMSG-10544]


Start auto log messages stack - Iteration 1185.	[MsgId: MMSG-10545]
Starting action Action.	[MsgId: MMSG-15919]
Action.c(4): web_url("canonical.html") started  	[MsgId: MMSG-26355]
Action.c(4): Detected non-resource "https://support.mozilla.org/kb/captive-portal" in "http://detectportal.firefox.com/canonical.html"  	[MsgId: MMSG-26573]
Action.c(4): Error -35196: HTTP Status-Code=429 (Retry With) for "https://support.mozilla.org/kb/captive-portal"  	[MsgId: MERR-35196]
End auto log messages stack.	[MsgId: MMSG-10544]


Start auto log messages stack - Iteration 938.	[MsgId: MMSG-10545]
Starting action Action.	[MsgId: MMSG-15919]
Action.c(4): web_url("canonical.html") started  	[MsgId: MMSG-26355]
Action.c(4): Detected non-resource "https://support.mozilla.org/kb/captive-portal" in "http://detectportal.firefox.com/canonical.html"  	[MsgId: MMSG-26573]
Action.c(4): Error -35196: HTTP Status-Code=429 (Retry With) for "https://support.mozilla.org/kb/captive-portal"  	[MsgId: MERR-35196]
End auto log messages stack.	[MsgId: MMSG-10544]


Start auto log messages stack - Iteration 1045.	[MsgId: MMSG-10545]
Starting action Action.	[MsgId: MMSG-15919]
Action.c(4): web_url("canonical.html") started  	[MsgId: MMSG-26355]
Action.c(4): Detected non-resource "https://support.mozilla.org/kb/captive-portal" in "http://detectportal.firefox.com/canonical.html"  	[MsgId: MMSG-26573]
Action.c(4): Error -35196: HTTP Status-Code=429 (Retry With) for "https://support.mozilla.org/kb/captive-portal"  	[MsgId: MERR-35196]
Start auto log messages stack - Iteration 994.	[MsgId: MMSG-10545]
Starting action Action.	[MsgId: MMSG-15919]
Action.c(4): web_url("canonical.html") started  	[MsgId: MMSG-26355]
End auto log messages stack.	[MsgId: MMSG-10544]
Action.c(4): Detected non-resource "https://support.mozilla.org/kb/captive-portal" in "http://detectportal.firefox.com/canonical.html"  	[MsgId: MMSG-26573]


Action.c(4): Error -35196: HTTP Status-Code=429 (Retry With) for "https://support.mozilla.org/kb/captive-portal"  	[MsgId: MERR-35196]
End auto log messages stack.	[MsgId: MMSG-10544]


Start auto log messages stack - Iteration 1203.	[MsgId: MMSG-10545]
Starting action Action.	[MsgId: MMSG-15919]
Action.c(4): web_url("canonical.html") started  	[MsgId: MMSG-26355]
Action.c(4): Detected non-resource "https://support.mozilla.org/kb/captive-portal" in "http://detectportal.firefox.com/canonical.html"  	[MsgId: MMSG-26573]
Action.c(4): Error -35196: HTTP Status-Code=429 (Retry With) for "https://support.mozilla.org/kb/captive-portal"  	[MsgId: MERR-35196]
End auto log messages stack.	[MsgId: MMSG-10544]


Start auto log messages stack - Iteration 1043.	[MsgId: MMSG-10545]
Starting action Action.	[MsgId: MMSG-15919]
Action.c(4): web_url("canonical.html") started  	[MsgId: MMSG-26355]
Start auto log messages stack - Iteration 1190.	[MsgId: MMSG-10545]
Action.c(4): Detected non-resource "https://support.mozilla.org/kb/captive-portal" in "http://detectportal.firefox.com/canonical.html"  	[MsgId: MMSG-26573]
Starting action Action.	[MsgId: MMSG-15919]
Action.c(4): web_url("canonical.html") started  	[MsgId: MMSG-26355]
Action.c(4): Detected non-resource "https://support.mozilla.org/kb/captive-portal" in "http://detectportal.firefox.com/canonical.html"  	[MsgId: MMSG-26573]
Action.c(4): Error -35196: HTTP Status-Code=429 (Retry With) for "https://support.mozilla.org/kb/captive-portal"  	[MsgId: MERR-35196]
Start auto log messages stack - Iteration 944.	[MsgId: MMSG-10545]
Starting action Action.	[MsgId: MMSG-15919]
Action.c(4): web_url("canonical.html") started  	[MsgId: MMSG-26355]
Action.c(4): Detected non-resource "https://support.mozilla.org/kb/captive-portal" in "http://detectportal.firefox.com/canonical.html"  	[MsgId: MMSG-26573]
Action.c(4): Error -35196: HTTP Status-Code=429 (Retry With) for "https://support.mozilla.org/kb/captive-portal"  	[MsgId: MERR-35196]
End auto log messages stack.	[MsgId: MMSG-10544]


Action.c(4): Error -35196: HTTP Status-Code=429 (Retry With) for "https://support.mozilla.org/kb/captive-portal"  	[MsgId: MERR-35196]
End auto log messages stack.	[MsgId: MMSG-10544]


End auto log messages stack.	[MsgId: MMSG-10544]


Start auto log messages stack - Iteration 1101.	[MsgId: MMSG-10545]
Starting action Action.	[MsgId: MMSG-15919]
Action.c(4): web_url("canonical.html") started  	[MsgId: MMSG-26355]
Action.c(4): Detected non-resource "https://support.mozilla.org/kb/captive-portal" in "http://detectportal.firefox.com/canonical.html"  	[MsgId: MMSG-26573]
Action.c(4): Error -35196: HTTP Status-Code=429 (Retry With) for "https://support.mozilla.org/kb/captive-portal"  	[MsgId: MERR-35196]
End auto log messages stack.	[MsgId: MMSG-10544]


Start auto log messages stack - Iteration 995.	[MsgId: MMSG-10545]
Starting action Action.	[MsgId: MMSG-15919]
Action.c(4): web_url("canonical.html") started  	[MsgId: MMSG-26355]
Action.c(4): Detected non-resource "https://support.mozilla.org/kb/captive-portal" in "http://detectportal.firefox.com/canonical.html"  	[MsgId: MMSG-26573]
Action.c(4): Error -35196: HTTP Status-Code=429 (Retry With) for "https://support.mozilla.org/kb/captive-portal"  	[MsgId: MERR-35196]
Start auto log messages stack - Iteration 939.	[MsgId: MMSG-10545]
Starting action Action.	[MsgId: MMSG-15919]
Action.c(4): web_url("canonical.html") started  	[MsgId: MMSG-26355]
Action.c(4): Detected non-resource "https://support.mozilla.org/kb/captive-portal" in "http://detectportal.firefox.com/canonical.html"  	[MsgId: MMSG-26573]
Action.c(4): Error -35196: HTTP Status-Code=429 (Retry With) for "https://support.mozilla.org/kb/captive-portal"  	[MsgId: MERR-35196]
End auto log messages stack.	[MsgId: MMSG-10544]


Start auto log messages stack - Iteration 1204.	[MsgId: MMSG-10545]
Starting action Action.	[MsgId: MMSG-15919]
Action.c(4): web_url("canonical.html") started  	[MsgId: MMSG-26355]
Action.c(4): Detected non-resource "https://support.mozilla.org/kb/captive-portal" in "http://detectportal.firefox.com/canonical.html"  	[MsgId: MMSG-26573]
Action.c(4): Error -35196: HTTP Status-Code=429 (Retry With) for "https://support.mozilla.org/kb/captive-portal"  	[MsgId: MERR-35196]
End auto log messages stack.	[MsgId: MMSG-10544]


Start auto log messages stack - Iteration 1046.	[MsgId: MMSG-10545]
Starting action Action.	[MsgId: MMSG-15919]
Action.c(4): web_url("canonical.html") started  	[MsgId: MMSG-26355]
Action.c(4): Detected non-resource "https://support.mozilla.org/kb/captive-portal" in "http://detectportal.firefox.com/canonical.html"  	[MsgId: MMSG-26573]
Action.c(4): Error -35196: HTTP Status-Code=429 (Retry With) for "https://support.mozilla.org/kb/captive-portal"  	[MsgId: MERR-35196]
End auto log messages stack.	[MsgId: MMSG-10544]


End auto log messages stack.	[MsgId: MMSG-10544]


Start auto log messages stack - Iteration 1186.	[MsgId: MMSG-10545]
Starting action Action.	[MsgId: MMSG-15919]
Action.c(4): web_url("canonical.html") started  	[MsgId: MMSG-26355]
Action.c(4): Detected non-resource "https://support.mozilla.org/kb/captive-portal" in "http://detectportal.firefox.com/canonical.html"  	[MsgId: MMSG-26573]
Action.c(4): Error -35196: HTTP Status-Code=429 (Retry With) for "https://support.mozilla.org/kb/captive-portal"  	[MsgId: MERR-35196]
End auto log messages stack.	[MsgId: MMSG-10544]


Start auto log messages stack - Iteration 945.	[MsgId: MMSG-10545]
Starting action Action.	[MsgId: MMSG-15919]
Action.c(4): web_url("canonical.html") started  	[MsgId: MMSG-26355]
Action.c(4): Detected non-resource "https://support.mozilla.org/kb/captive-portal" in "http://detectportal.firefox.com/canonical.html"  	[MsgId: MMSG-26573]
Action.c(4): Error -35196: HTTP Status-Code=429 (Retry With) for "https://support.mozilla.org/kb/captive-portal"  	[MsgId: MERR-35196]
End auto log messages stack.	[MsgId: MMSG-10544]


Start auto log messages stack - Iteration 1044.	[MsgId: MMSG-10545]
Starting action Action.	[MsgId: MMSG-15919]
Action.c(4): web_url("canonical.html") started  	[MsgId: MMSG-26355]
Action.c(4): Detected non-resource "https://support.mozilla.org/kb/captive-portal" in "http://detectportal.firefox.com/canonical.html"  	[MsgId: MMSG-26573]
Action.c(4): Error -35196: HTTP Status-Code=429 (Retry With) for "https://support.mozilla.org/kb/captive-portal"  	[MsgId: MERR-35196]
End auto log messages stack.	[MsgId: MMSG-10544]


Start auto log messages stack - Iteration 1191.	[MsgId: MMSG-10545]
Starting action Action.	[MsgId: MMSG-15919]
Action.c(4): web_url("canonical.html") started  	[MsgId: MMSG-26355]
Action.c(4): Detected non-resource "https://support.mozilla.org/kb/captive-portal" in "http://detectportal.firefox.com/canonical.html"  	[MsgId: MMSG-26573]
Action.c(4): Error -35196: HTTP Status-Code=429 (Retry With) for "https://support.mozilla.org/kb/captive-portal"  	[MsgId: MERR-35196]
End auto log messages stack.	[MsgId: MMSG-10544]


Start auto log messages stack - Iteration 1102.	[MsgId: MMSG-10545]
Starting action Action.	[MsgId: MMSG-15919]
Action.c(4): web_url("canonical.html") started  	[MsgId: MMSG-26355]
Action.c(4): Detected non-resource "https://support.mozilla.org/kb/captive-portal" in "http://detectportal.firefox.com/canonical.html"  	[MsgId: MMSG-26573]
Action.c(4): Error -35196: HTTP Status-Code=429 (Retry With) for "https://support.mozilla.org/kb/captive-portal"  	[MsgId: MERR-35196]
End auto log messages stack.	[MsgId: MMSG-10544]


Start auto log messages stack - Iteration 1205.	[MsgId: MMSG-10545]
Starting action Action.	[MsgId: MMSG-15919]
Action.c(4): web_url("canonical.html") started  	[MsgId: MMSG-26355]
Action.c(4): Detected non-resource "https://support.mozilla.org/kb/captive-portal" in "http://detectportal.firefox.com/canonical.html"  	[MsgId: MMSG-26573]
Action.c(4): Error -35196: HTTP Status-Code=429 (Retry With) for "https://support.mozilla.org/kb/captive-portal"  	[MsgId: MERR-35196]
End auto log messages stack.	[MsgId: MMSG-10544]


Start auto log messages stack - Iteration 940.	[MsgId: MMSG-10545]
Starting action Action.	[MsgId: MMSG-15919]
Action.c(4): web_url("canonical.html") started  	[MsgId: MMSG-26355]
Action.c(4): Detected non-resource "https://support.mozilla.org/kb/captive-portal" in "http://detectportal.firefox.com/canonical.html"  	[MsgId: MMSG-26573]
Action.c(4): Error -35196: HTTP Status-Code=429 (Retry With) for "https://support.mozilla.org/kb/captive-portal"  	[MsgId: MERR-35196]
End auto log messages stack.	[MsgId: MMSG-10544]


Start auto log messages stack - Iteration 1047.	[MsgId: MMSG-10545]
Starting action Action.	[MsgId: MMSG-15919]
Action.c(4): web_url("canonical.html") started  	[MsgId: MMSG-26355]
Action.c(4): Detected non-resource "https://support.mozilla.org/kb/captive-portal" in "http://detectportal.firefox.com/canonical.html"  	[MsgId: MMSG-26573]
Action.c(4): Error -35196: HTTP Status-Code=429 (Retry With) for "https://support.mozilla.org/kb/captive-portal"  	[MsgId: MERR-35196]
Start auto log messages stack - Iteration 996.	[MsgId: MMSG-10545]
Starting action Action.	[MsgId: MMSG-15919]
Action.c(4): web_url("canonical.html") started  	[MsgId: MMSG-26355]
Action.c(4): Detected non-resource "https://support.mozilla.org/kb/captive-portal" in "http://detectportal.firefox.com/canonical.html"  	[MsgId: MMSG-26573]
Action.c(4): Error -35196: HTTP Status-Code=429 (Retry With) for "https://support.mozilla.org/kb/captive-portal"  	[MsgId: MERR-35196]
End auto log messages stack.	[MsgId: MMSG-10544]


Start auto log messages stack - Iteration 1187.	[MsgId: MMSG-10545]
Starting action Action.	[MsgId: MMSG-15919]
Action.c(4): web_url("canonical.html") started  	[MsgId: MMSG-26355]
Action.c(4): Detected non-resource "https://support.mozilla.org/kb/captive-portal" in "http://detectportal.firefox.com/canonical.html"  	[MsgId: MMSG-26573]
Action.c(4): Error -35196: HTTP Status-Code=429 (Retry With) for "https://support.mozilla.org/kb/captive-portal"  	[MsgId: MERR-35196]
End auto log messages stack.	[MsgId: MMSG-10544]


End auto log messages stack.	[MsgId: MMSG-10544]


Start auto log messages stack - Iteration 1045.	[MsgId: MMSG-10545]
Starting action Action.	[MsgId: MMSG-15919]
Action.c(4): web_url("canonical.html") started  	[MsgId: MMSG-26355]
Action.c(4): Detected non-resource "https://support.mozilla.org/kb/captive-portal" in "http://detectportal.firefox.com/canonical.html"  	[MsgId: MMSG-26573]
Action.c(4): Error -35196: HTTP Status-Code=429 (Retry With) for "https://support.mozilla.org/kb/captive-portal"  	[MsgId: MERR-35196]
Start auto log messages stack - Iteration 946.	[MsgId: MMSG-10545]
Starting action Action.	[MsgId: MMSG-15919]
Action.c(4): web_url("canonical.html") started  	[MsgId: MMSG-26355]
Action.c(4): Detected non-resource "https://support.mozilla.org/kb/captive-portal" in "http://detectportal.firefox.com/canonical.html"  	[MsgId: MMSG-26573]
Action.c(4): Error -35196: HTTP Status-Code=429 (Retry With) for "https://support.mozilla.org/kb/captive-portal"  	[MsgId: MERR-35196]
End auto log messages stack.	[MsgId: MMSG-10544]


End auto log messages stack.	[MsgId: MMSG-10544]


Start auto log messages stack - Iteration 1192.	[MsgId: MMSG-10545]
Starting action Action.	[MsgId: MMSG-15919]
Action.c(4): web_url("canonical.html") started  	[MsgId: MMSG-26355]
Action.c(4): Detected non-resource "https://support.mozilla.org/kb/captive-portal" in "http://detectportal.firefox.com/canonical.html"  	[MsgId: MMSG-26573]
Action.c(4): Error -35196: HTTP Status-Code=429 (Retry With) for "https://support.mozilla.org/kb/captive-portal"  	[MsgId: MERR-35196]
Start auto log messages stack - Iteration 1048.	[MsgId: MMSG-10545]
Starting action Action.	[MsgId: MMSG-15919]
Action.c(4): web_url("canonical.html") started  	[MsgId: MMSG-26355]
Action.c(4): Detected non-resource "https://support.mozilla.org/kb/captive-portal" in "http://detectportal.firefox.com/canonical.html"  	[MsgId: MMSG-26573]
Action.c(4): Error -35196: HTTP Status-Code=429 (Retry With) for "https://support.mozilla.org/kb/captive-portal"  	[MsgId: MERR-35196]
Start auto log messages stack - Iteration 1103.	[MsgId: MMSG-10545]
Starting action Action.	[MsgId: MMSG-15919]
Action.c(4): web_url("canonical.html") started  	[MsgId: MMSG-26355]
Action.c(4): Detected non-resource "https://support.mozilla.org/kb/captive-portal" in "http://detectportal.firefox.com/canonical.html"  	[MsgId: MMSG-26573]
Action.c(4): Error -35196: HTTP Status-Code=429 (Retry With) for "https://support.mozilla.org/kb/captive-portal"  	[MsgId: MERR-35196]
Start auto log messages stack - Iteration 997.	[MsgId: MMSG-10545]
Starting action Action.	[MsgId: MMSG-15919]
Action.c(4): web_url("canonical.html") started  	[MsgId: MMSG-26355]
Action.c(4): Detected non-resource "https://support.mozilla.org/kb/captive-portal" in "http://detectportal.firefox.com/canonical.html"  	[MsgId: MMSG-26573]
Action.c(4): Error -35196: HTTP Status-Code=429 (Retry With) for "https://support.mozilla.org/kb/captive-portal"  	[MsgId: MERR-35196]
End auto log messages stack.	[MsgId: MMSG-10544]
End auto log messages stack.	[MsgId: MMSG-10544]




Start auto log messages stack - Iteration 1206.	[MsgId: MMSG-10545]
Start auto log messages stack - Iteration 1188.	[MsgId: MMSG-10545]
Starting action Action.	[MsgId: MMSG-15919]
Action.c(4): web_url("canonical.html") started  	[MsgId: MMSG-26355]
Action.c(4): Detected non-resource "https://support.mozilla.org/kb/captive-portal" in "http://detectportal.firefox.com/canonical.html"  	[MsgId: MMSG-26573]
Action.c(4): Error -35196: HTTP Status-Code=429 (Retry With) for "https://support.mozilla.org/kb/captive-portal"  	[MsgId: MERR-35196]
End auto log messages stack.	[MsgId: MMSG-10544]


End auto log messages stack.	[MsgId: MMSG-10544]


End auto log messages stack.	[MsgId: MMSG-10544]


Starting action Action.	[MsgId: MMSG-15919]
Action.c(4): web_url("canonical.html") started  	[MsgId: MMSG-26355]
Action.c(4): Detected non-resource "https://support.mozilla.org/kb/captive-portal" in "http://detectportal.firefox.com/canonical.html"  	[MsgId: MMSG-26573]
Action.c(4): Error -35196: HTTP Status-Code=429 (Retry With) for "https://support.mozilla.org/kb/captive-portal"  	[MsgId: MERR-35196]
End auto log messages stack.	[MsgId: MMSG-10544]


Start auto log messages stack - Iteration 941.	[MsgId: MMSG-10545]
Starting action Action.	[MsgId: MMSG-15919]
Action.c(4): web_url("canonical.html") started  	[MsgId: MMSG-26355]
Action.c(4): Detected non-resource "https://support.mozilla.org/kb/captive-portal" in "http://detectportal.firefox.com/canonical.html"  	[MsgId: MMSG-26573]
Action.c(4): Error -35196: HTTP Status-Code=429 (Retry With) for "https://support.mozilla.org/kb/captive-portal"  	[MsgId: MERR-35196]
End auto log messages stack.	[MsgId: MMSG-10544]


Start auto log messages stack - Iteration 1046.	[MsgId: MMSG-10545]
Starting action Action.	[MsgId: MMSG-15919]
Action.c(4): web_url("canonical.html") started  	[MsgId: MMSG-26355]
Action.c(4): Detected non-resource "https://support.mozilla.org/kb/captive-portal" in "http://detectportal.firefox.com/canonical.html"  	[MsgId: MMSG-26573]
Action.c(4): Error -35196: HTTP Status-Code=429 (Retry With) for "https://support.mozilla.org/kb/captive-portal"  	[MsgId: MERR-35196]
End auto log messages stack.	[MsgId: MMSG-10544]


Start auto log messages stack - Iteration 947.	[MsgId: MMSG-10545]
Starting action Action.	[MsgId: MMSG-15919]
Action.c(4): web_url("canonical.html") started  	[MsgId: MMSG-26355]
Action.c(4): Detected non-resource "https://support.mozilla.org/kb/captive-portal" in "http://detectportal.firefox.com/canonical.html"  	[MsgId: MMSG-26573]
Action.c(4): Error -35196: HTTP Status-Code=429 (Retry With) for "https://support.mozilla.org/kb/captive-portal"  	[MsgId: MERR-35196]
End auto log messages stack.	[MsgId: MMSG-10544]


Start auto log messages stack - Iteration 1193.	[MsgId: MMSG-10545]
Starting action Action.	[MsgId: MMSG-15919]
Action.c(4): web_url("canonical.html") started  	[MsgId: MMSG-26355]
Action.c(4): Detected non-resource "https://support.mozilla.org/kb/captive-portal" in "http://detectportal.firefox.com/canonical.html"  	[MsgId: MMSG-26573]
Action.c(4): Error -35196: HTTP Status-Code=429 (Retry With) for "https://support.mozilla.org/kb/captive-portal"  	[MsgId: MERR-35196]
End auto log messages stack.	[MsgId: MMSG-10544]


Start auto log messages stack - Iteration 1207.	[MsgId: MMSG-10545]
Starting action Action.	[MsgId: MMSG-15919]
Action.c(4): web_url("canonical.html") started  	[MsgId: MMSG-26355]
Action.c(4): Detected non-resource "https://support.mozilla.org/kb/captive-portal" in "http://detectportal.firefox.com/canonical.html"  	[MsgId: MMSG-26573]
Action.c(4): Error -35196: HTTP Status-Code=429 (Retry With) for "https://support.mozilla.org/kb/captive-portal"  	[MsgId: MERR-35196]
End auto log messages stack.	[MsgId: MMSG-10544]


Start auto log messages stack - Iteration 1049.	[MsgId: MMSG-10545]
Starting action Action.	[MsgId: MMSG-15919]
Action.c(4): web_url("canonical.html") started  	[MsgId: MMSG-26355]
Action.c(4): Detected non-resource "https://support.mozilla.org/kb/captive-portal" in "http://detectportal.firefox.com/canonical.html"  	[MsgId: MMSG-26573]
Action.c(4): Error -35196: HTTP Status-Code=429 (Retry With) for "https://support.mozilla.org/kb/captive-portal"  	[MsgId: MERR-35196]
End auto log messages stack.	[MsgId: MMSG-10544]


Start auto log messages stack - Iteration 998.	[MsgId: MMSG-10545]
Starting action Action.	[MsgId: MMSG-15919]
Action.c(4): web_url("canonical.html") started  	[MsgId: MMSG-26355]
Action.c(4): Detected non-resource "https://support.mozilla.org/kb/captive-portal" in "http://detectportal.firefox.com/canonical.html"  	[MsgId: MMSG-26573]
Action.c(4): Error -35196: HTTP Status-Code=429 (Retry With) for "https://support.mozilla.org/kb/captive-portal"  	[MsgId: MERR-35196]
End auto log messages stack.	[MsgId: MMSG-10544]


Start auto log messages stack - Iteration 1189.	[MsgId: MMSG-10545]
Starting action Action.	[MsgId: MMSG-15919]
Action.c(4): web_url("canonical.html") started  	[MsgId: MMSG-26355]
Action.c(4): Detected non-resource "https://support.mozilla.org/kb/captive-portal" in "http://detectportal.firefox.com/canonical.html"  	[MsgId: MMSG-26573]
Action.c(4): Error -35196: HTTP Status-Code=429 (Retry With) for "https://support.mozilla.org/kb/captive-portal"  	[MsgId: MERR-35196]
End auto log messages stack.	[MsgId: MMSG-10544]


Start auto log messages stack - Iteration 1104.	[MsgId: MMSG-10545]
Starting action Action.	[MsgId: MMSG-15919]
Action.c(4): web_url("canonical.html") started  	[MsgId: MMSG-26355]
Action.c(4): Detected non-resource "https://support.mozilla.org/kb/captive-portal" in "http://detectportal.firefox.com/canonical.html"  	[MsgId: MMSG-26573]
Action.c(4): Error -35196: HTTP Status-Code=429 (Retry With) for "https://support.mozilla.org/kb/captive-portal"  	[MsgId: MERR-35196]
End auto log messages stack.	[MsgId: MMSG-10544]


Start auto log messages stack - Iteration 942.	[MsgId: MMSG-10545]
Starting action Action.	[MsgId: MMSG-15919]
Action.c(4): web_url("canonical.html") started  	[MsgId: MMSG-26355]
Action.c(4): Detected non-resource "https://support.mozilla.org/kb/captive-portal" in "http://detectportal.firefox.com/canonical.html"  	[MsgId: MMSG-26573]
Action.c(4): Error -35196: HTTP Status-Code=429 (Retry With) for "https://support.mozilla.org/kb/captive-portal"  	[MsgId: MERR-35196]
End auto log messages stack.	[MsgId: MMSG-10544]


Start auto log messages stack - Iteration 1194.	[MsgId: MMSG-10545]
Starting action Action.	[MsgId: MMSG-15919]
Action.c(4): web_url("canonical.html") started  	[MsgId: MMSG-26355]
Action.c(4): Detected non-resource "https://support.mozilla.org/kb/captive-portal" in "http://detectportal.firefox.com/canonical.html"  	[MsgId: MMSG-26573]
Action.c(4): Error -35196: HTTP Status-Code=429 (Retry With) for "https://support.mozilla.org/kb/captive-portal"  	[MsgId: MERR-35196]
End auto log messages stack.	[MsgId: MMSG-10544]


Start auto log messages stack - Iteration 1047.	[MsgId: MMSG-10545]
Starting action Action.	[MsgId: MMSG-15919]
Action.c(4): web_url("canonical.html") started  	[MsgId: MMSG-26355]
Action.c(4): Detected non-resource "https://support.mozilla.org/kb/captive-portal" in "http://detectportal.firefox.com/canonical.html"  	[MsgId: MMSG-26573]
Action.c(4): Error -35196: HTTP Status-Code=429 (Retry With) for "https://support.mozilla.org/kb/captive-portal"  	[MsgId: MERR-35196]
End auto log messages stack.	[MsgId: MMSG-10544]


Start auto log messages stack - Iteration 948.	[MsgId: MMSG-10545]
Starting action Action.	[MsgId: MMSG-15919]
Action.c(4): web_url("canonical.html") started  	[MsgId: MMSG-26355]
Action.c(4): Detected non-resource "https://support.mozilla.org/kb/captive-portal" in "http://detectportal.firefox.com/canonical.html"  	[MsgId: MMSG-26573]
Action.c(4): Error -35196: HTTP Status-Code=429 (Retry With) for "https://support.mozilla.org/kb/captive-portal"  	[MsgId: MERR-35196]
End auto log messages stack.	[MsgId: MMSG-10544]


Start auto log messages stack - Iteration 1190.	[MsgId: MMSG-10545]
Starting action Action.	[MsgId: MMSG-15919]
Action.c(4): web_url("canonical.html") started  	[MsgId: MMSG-26355]
Action.c(4): Detected non-resource "https://support.mozilla.org/kb/captive-portal" in "http://detectportal.firefox.com/canonical.html"  	[MsgId: MMSG-26573]
Action.c(4): Error -35196: HTTP Status-Code=429 (Retry With) for "https://support.mozilla.org/kb/captive-portal"  	[MsgId: MERR-35196]
End auto log messages stack.	[MsgId: MMSG-10544]


Start auto log messages stack - Iteration 1208.	[MsgId: MMSG-10545]
Starting action Action.	[MsgId: MMSG-15919]
Action.c(4): web_url("canonical.html") started  	[MsgId: MMSG-26355]
Action.c(4): Detected non-resource "https://support.mozilla.org/kb/captive-portal" in "http://detectportal.firefox.com/canonical.html"  	[MsgId: MMSG-26573]
Action.c(4): Error -35196: HTTP Status-Code=429 (Retry With) for "https://support.mozilla.org/kb/captive-portal"  	[MsgId: MERR-35196]
Start auto log messages stack - Iteration 999.	[MsgId: MMSG-10545]
Starting action Action.	[MsgId: MMSG-15919]
Action.c(4): web_url("canonical.html") started  	[MsgId: MMSG-26355]
Action.c(4): Detected non-resource "https://support.mozilla.org/kb/captive-portal" in "http://detectportal.firefox.com/canonical.html"  	[MsgId: MMSG-26573]
Action.c(4): Error -35196: HTTP Status-Code=429 (Retry With) for "https://support.mozilla.org/kb/captive-portal"  	[MsgId: MERR-35196]
End auto log messages stack.	[MsgId: MMSG-10544]


End auto log messages stack.	[MsgId: MMSG-10544]


Start auto log messages stack - Iteration 1050.	[MsgId: MMSG-10545]
Starting action Action.	[MsgId: MMSG-15919]
Action.c(4): web_url("canonical.html") started  	[MsgId: MMSG-26355]
Action.c(4): Detected non-resource "https://support.mozilla.org/kb/captive-portal" in "http://detectportal.firefox.com/canonical.html"  	[MsgId: MMSG-26573]
Action.c(4): Error -35196: HTTP Status-Code=429 (Retry With) for "https://support.mozilla.org/kb/captive-portal"  	[MsgId: MERR-35196]
End auto log messages stack.	[MsgId: MMSG-10544]


Start auto log messages stack - Iteration 1105.	[MsgId: MMSG-10545]
Starting action Action.	[MsgId: MMSG-15919]
Action.c(4): web_url("canonical.html") started  	[MsgId: MMSG-26355]
Action.c(4): Detected non-resource "https://support.mozilla.org/kb/captive-portal" in "http://detectportal.firefox.com/canonical.html"  	[MsgId: MMSG-26573]
Action.c(4): Error -35196: HTTP Status-Code=429 (Retry With) for "https://support.mozilla.org/kb/captive-portal"  	[MsgId: MERR-35196]
End auto log messages stack.	[MsgId: MMSG-10544]


Start auto log messages stack - Iteration 943.	[MsgId: MMSG-10545]
Starting action Action.	[MsgId: MMSG-15919]
Action.c(4): web_url("canonical.html") started  	[MsgId: MMSG-26355]
Action.c(4): Detected non-resource "https://support.mozilla.org/kb/captive-portal" in "http://detectportal.firefox.com/canonical.html"  	[MsgId: MMSG-26573]
Action.c(4): Error -35196: HTTP Status-Code=429 (Retry With) for "https://support.mozilla.org/kb/captive-portal"  	[MsgId: MERR-35196]
Start auto log messages stack - Iteration 1195.	[MsgId: MMSG-10545]
Starting action Action.	[MsgId: MMSG-15919]
Action.c(4): web_url("canonical.html") started  	[MsgId: MMSG-26355]
Action.c(4): Detected non-resource "https://support.mozilla.org/kb/captive-portal" in "http://detectportal.firefox.com/canonical.html"  	[MsgId: MMSG-26573]
Action.c(4): Error -35196: HTTP Status-Code=429 (Retry With) for "https://support.mozilla.org/kb/captive-portal"  	[MsgId: MERR-35196]
End auto log messages stack.	[MsgId: MMSG-10544]


End auto log messages stack.	[MsgId: MMSG-10544]


Start auto log messages stack - Iteration 1048.	[MsgId: MMSG-10545]
Starting action Action.	[MsgId: MMSG-15919]
Action.c(4): web_url("canonical.html") started  	[MsgId: MMSG-26355]
Action.c(4): Detected non-resource "https://support.mozilla.org/kb/captive-portal" in "http://detectportal.firefox.com/canonical.html"  	[MsgId: MMSG-26573]
Action.c(4): Error -35196: HTTP Status-Code=429 (Retry With) for "https://support.mozilla.org/kb/captive-portal"  	[MsgId: MERR-35196]
End auto log messages stack.	[MsgId: MMSG-10544]


Start auto log messages stack - Iteration 949.	[MsgId: MMSG-10545]
Starting action Action.	[MsgId: MMSG-15919]
Action.c(4): web_url("canonical.html") started  	[MsgId: MMSG-26355]
Action.c(4): Detected non-resource "https://support.mozilla.org/kb/captive-portal" in "http://detectportal.firefox.com/canonical.html"  	[MsgId: MMSG-26573]
Action.c(4): Error -35196: HTTP Status-Code=429 (Retry With) for "https://support.mozilla.org/kb/captive-portal"  	[MsgId: MERR-35196]
End auto log messages stack.	[MsgId: MMSG-10544]


Start auto log messages stack - Iteration 1191.	[MsgId: MMSG-10545]
Starting action Action.	[MsgId: MMSG-15919]
Action.c(4): web_url("canonical.html") started  	[MsgId: MMSG-26355]
Action.c(4): Detected non-resource "https://support.mozilla.org/kb/captive-portal" in "http://detectportal.firefox.com/canonical.html"  	[MsgId: MMSG-26573]
Action.c(4): Error -35196: HTTP Status-Code=429 (Retry With) for "https://support.mozilla.org/kb/captive-portal"  	[MsgId: MERR-35196]
Start auto log messages stack - Iteration 1000.	[MsgId: MMSG-10545]
Starting action Action.	[MsgId: MMSG-15919]
Action.c(4): web_url("canonical.html") started  	[MsgId: MMSG-26355]
End auto log messages stack.	[MsgId: MMSG-10544]
Action.c(4): Detected non-resource "https://support.mozilla.org/kb/captive-portal" in "http://detectportal.firefox.com/canonical.html"  	[MsgId: MMSG-26573]


Action.c(4): Error -35196: HTTP Status-Code=429 (Retry With) for "https://support.mozilla.org/kb/captive-portal"  	[MsgId: MERR-35196]
End auto log messages stack.	[MsgId: MMSG-10544]


Start auto log messages stack - Iteration 1106.	[MsgId: MMSG-10545]
Starting action Action.	[MsgId: MMSG-15919]
Action.c(4): web_url("canonical.html") started  	[MsgId: MMSG-26355]
Action.c(4): Detected non-resource "https://support.mozilla.org/kb/captive-portal" in "http://detectportal.firefox.com/canonical.html"  	[MsgId: MMSG-26573]
Action.c(4): Error -35196: HTTP Status-Code=429 (Retry With) for "https://support.mozilla.org/kb/captive-portal"  	[MsgId: MERR-35196]
End auto log messages stack.	[MsgId: MMSG-10544]


Start auto log messages stack - Iteration 1209.	[MsgId: MMSG-10545]
Starting action Action.	[MsgId: MMSG-15919]
Action.c(4): web_url("canonical.html") started  	[MsgId: MMSG-26355]
Action.c(4): Detected non-resource "https://support.mozilla.org/kb/captive-portal" in "http://detectportal.firefox.com/canonical.html"  	[MsgId: MMSG-26573]
Action.c(4): Error -35196: HTTP Status-Code=429 (Retry With) for "https://support.mozilla.org/kb/captive-portal"  	[MsgId: MERR-35196]
End auto log messages stack.	[MsgId: MMSG-10544]


Start auto log messages stack - Iteration 1051.	[MsgId: MMSG-10545]
Starting action Action.	[MsgId: MMSG-15919]
Action.c(4): web_url("canonical.html") started  	[MsgId: MMSG-26355]
Action.c(4): Detected non-resource "https://support.mozilla.org/kb/captive-portal" in "http://detectportal.firefox.com/canonical.html"  	[MsgId: MMSG-26573]
Action.c(4): Error -35196: HTTP Status-Code=429 (Retry With) for "https://support.mozilla.org/kb/captive-portal"  	[MsgId: MERR-35196]
End auto log messages stack.	[MsgId: MMSG-10544]


Start auto log messages stack - Iteration 944.	[MsgId: MMSG-10545]
Starting action Action.	[MsgId: MMSG-15919]
Action.c(4): web_url("canonical.html") started  	[MsgId: MMSG-26355]
Action.c(4): Detected non-resource "https://support.mozilla.org/kb/captive-portal" in "http://detectportal.firefox.com/canonical.html"  	[MsgId: MMSG-26573]
Action.c(4): Error -35196: HTTP Status-Code=429 (Retry With) for "https://support.mozilla.org/kb/captive-portal"  	[MsgId: MERR-35196]
End auto log messages stack.	[MsgId: MMSG-10544]


Start auto log messages stack - Iteration 1196.	[MsgId: MMSG-10545]
Starting action Action.	[MsgId: MMSG-15919]
Action.c(4): web_url("canonical.html") started  	[MsgId: MMSG-26355]
Action.c(4): Detected non-resource "https://support.mozilla.org/kb/captive-portal" in "http://detectportal.firefox.com/canonical.html"  	[MsgId: MMSG-26573]
Action.c(4): Error -35196: HTTP Status-Code=429 (Retry With) for "https://support.mozilla.org/kb/captive-portal"  	[MsgId: MERR-35196]
End auto log messages stack.	[MsgId: MMSG-10544]


Start auto log messages stack - Iteration 1049.	[MsgId: MMSG-10545]
Starting action Action.	[MsgId: MMSG-15919]
Action.c(4): web_url("canonical.html") started  	[MsgId: MMSG-26355]
Action.c(4): Detected non-resource "https://support.mozilla.org/kb/captive-portal" in "http://detectportal.firefox.com/canonical.html"  	[MsgId: MMSG-26573]
Action.c(4): Error -35196: HTTP Status-Code=429 (Retry With) for "https://support.mozilla.org/kb/captive-portal"  	[MsgId: MERR-35196]
End auto log messages stack.	[MsgId: MMSG-10544]


Start auto log messages stack - Iteration 1192.	[MsgId: MMSG-10545]
Starting action Action.	[MsgId: MMSG-15919]
Action.c(4): web_url("canonical.html") started  	[MsgId: MMSG-26355]
Action.c(4): Detected non-resource "https://support.mozilla.org/kb/captive-portal" in "http://detectportal.firefox.com/canonical.html"  	[MsgId: MMSG-26573]
Action.c(4): Error -35196: HTTP Status-Code=429 (Retry With) for "https://support.mozilla.org/kb/captive-portal"  	[MsgId: MERR-35196]
End auto log messages stack.	[MsgId: MMSG-10544]


Start auto log messages stack - Iteration 950.	[MsgId: MMSG-10545]
Starting action Action.	[MsgId: MMSG-15919]
Action.c(4): web_url("canonical.html") started  	[MsgId: MMSG-26355]
Action.c(4): Detected non-resource "https://support.mozilla.org/kb/captive-portal" in "http://detectportal.firefox.com/canonical.html"  	[MsgId: MMSG-26573]
Action.c(4): Error -35196: HTTP Status-Code=429 (Retry With) for "https://support.mozilla.org/kb/captive-portal"  	[MsgId: MERR-35196]
End auto log messages stack.	[MsgId: MMSG-10544]


Start auto log messages stack - Iteration 1001.	[MsgId: MMSG-10545]
Starting action Action.	[MsgId: MMSG-15919]
Action.c(4): web_url("canonical.html") started  	[MsgId: MMSG-26355]
Action.c(4): Detected non-resource "https://support.mozilla.org/kb/captive-portal" in "http://detectportal.firefox.com/canonical.html"  	[MsgId: MMSG-26573]
Action.c(4): Error -35196: HTTP Status-Code=429 (Retry With) for "https://support.mozilla.org/kb/captive-portal"  	[MsgId: MERR-35196]
End auto log messages stack.	[MsgId: MMSG-10544]


Start auto log messages stack - Iteration 1210.	[MsgId: MMSG-10545]
Starting action Action.	[MsgId: MMSG-15919]
Action.c(4): web_url("canonical.html") started  	[MsgId: MMSG-26355]
Action.c(4): Detected non-resource "https://support.mozilla.org/kb/captive-portal" in "http://detectportal.firefox.com/canonical.html"  	[MsgId: MMSG-26573]
Action.c(4): Error -35196: HTTP Status-Code=429 (Retry With) for "https://support.mozilla.org/kb/captive-portal"  	[MsgId: MERR-35196]
End auto log messages stack.	[MsgId: MMSG-10544]


Start auto log messages stack - Iteration 1197.	[MsgId: MMSG-10545]
Starting action Action.	[MsgId: MMSG-15919]
Action.c(4): web_url("canonical.html") started  	[MsgId: MMSG-26355]
Action.c(4): Detected non-resource "https://support.mozilla.org/kb/captive-portal" in "http://detectportal.firefox.com/canonical.html"  	[MsgId: MMSG-26573]
Action.c(4): Error -35196: HTTP Status-Code=429 (Retry With) for "https://support.mozilla.org/kb/captive-portal"  	[MsgId: MERR-35196]
End auto log messages stack.	[MsgId: MMSG-10544]


Start auto log messages stack - Iteration 1050.	[MsgId: MMSG-10545]
Starting action Action.	[MsgId: MMSG-15919]
Action.c(4): web_url("canonical.html") started  	[MsgId: MMSG-26355]
Action.c(4): Detected non-resource "https://support.mozilla.org/kb/captive-portal" in "http://detectportal.firefox.com/canonical.html"  	[MsgId: MMSG-26573]
Action.c(4): Error -35196: HTTP Status-Code=429 (Retry With) for "https://support.mozilla.org/kb/captive-portal"  	[MsgId: MERR-35196]
End auto log messages stack.	[MsgId: MMSG-10544]


Start auto log messages stack - Iteration 1193.	[MsgId: MMSG-10545]
Starting action Action.	[MsgId: MMSG-15919]
Action.c(4): web_url("canonical.html") started  	[MsgId: MMSG-26355]
Action.c(4): Detected non-resource "https://support.mozilla.org/kb/captive-portal" in "http://detectportal.firefox.com/canonical.html"  	[MsgId: MMSG-26573]
Action.c(4): Error -35196: HTTP Status-Code=429 (Retry With) for "https://support.mozilla.org/kb/captive-portal"  	[MsgId: MERR-35196]
End auto log messages stack.	[MsgId: MMSG-10544]


Start auto log messages stack - Iteration 951.	[MsgId: MMSG-10545]
Starting action Action.	[MsgId: MMSG-15919]
Action.c(4): web_url("canonical.html") started  	[MsgId: MMSG-26355]
Action.c(4): Detected non-resource "https://support.mozilla.org/kb/captive-portal" in "http://detectportal.firefox.com/canonical.html"  	[MsgId: MMSG-26573]
Action.c(4): Error -35196: HTTP Status-Code=429 (Retry With) for "https://support.mozilla.org/kb/captive-portal"  	[MsgId: MERR-35196]
End auto log messages stack.	[MsgId: MMSG-10544]


Start auto log messages stack - Iteration 1002.	[MsgId: MMSG-10545]
Starting action Action.	[MsgId: MMSG-15919]
Action.c(4): web_url("canonical.html") started  	[MsgId: MMSG-26355]
Action.c(4): Detected non-resource "https://support.mozilla.org/kb/captive-portal" in "http://detectportal.firefox.com/canonical.html"  	[MsgId: MMSG-26573]
Action.c(4): Error -35196: HTTP Status-Code=429 (Retry With) for "https://support.mozilla.org/kb/captive-portal"  	[MsgId: MERR-35196]
End auto log messages stack.	[MsgId: MMSG-10544]


Start auto log messages stack - Iteration 1211.	[MsgId: MMSG-10545]
Starting action Action.	[MsgId: MMSG-15919]
Action.c(4): web_url("canonical.html") started  	[MsgId: MMSG-26355]
Action.c(4): Detected non-resource "https://support.mozilla.org/kb/captive-portal" in "http://detectportal.firefox.com/canonical.html"  	[MsgId: MMSG-26573]
Action.c(4): Error -35196: HTTP Status-Code=429 (Retry With) for "https://support.mozilla.org/kb/captive-portal"  	[MsgId: MERR-35196]
End auto log messages stack.	[MsgId: MMSG-10544]


Start auto log messages stack - Iteration 1198.	[MsgId: MMSG-10545]
Starting action Action.	[MsgId: MMSG-15919]
Action.c(4): web_url("canonical.html") started  	[MsgId: MMSG-26355]
Action.c(4): Detected non-resource "https://support.mozilla.org/kb/captive-portal" in "http://detectportal.firefox.com/canonical.html"  	[MsgId: MMSG-26573]
Action.c(4): Error -35196: HTTP Status-Code=429 (Retry With) for "https://support.mozilla.org/kb/captive-portal"  	[MsgId: MERR-35196]
End auto log messages stack.	[MsgId: MMSG-10544]


Start auto log messages stack - Iteration 1051.	[MsgId: MMSG-10545]
Starting action Action.	[MsgId: MMSG-15919]
Action.c(4): web_url("canonical.html") started  	[MsgId: MMSG-26355]
Action.c(4): Detected non-resource "https://support.mozilla.org/kb/captive-portal" in "http://detectportal.firefox.com/canonical.html"  	[MsgId: MMSG-26573]
Action.c(4): Error -35196: HTTP Status-Code=429 (Retry With) for "https://support.mozilla.org/kb/captive-portal"  	[MsgId: MERR-35196]
End auto log messages stack.	[MsgId: MMSG-10544]


Start auto log messages stack - Iteration 1194.	[MsgId: MMSG-10545]
Starting action Action.	[MsgId: MMSG-15919]
Action.c(4): web_url("canonical.html") started  	[MsgId: MMSG-26355]
Action.c(4): Detected non-resource "https://support.mozilla.org/kb/captive-portal" in "http://detectportal.firefox.com/canonical.html"  	[MsgId: MMSG-26573]
Action.c(4): Error -35196: HTTP Status-Code=429 (Retry With) for "https://support.mozilla.org/kb/captive-portal"  	[MsgId: MERR-35196]
End auto log messages stack.	[MsgId: MMSG-10544]


Start auto log messages stack - Iteration 1003.	[MsgId: MMSG-10545]
Starting action Action.	[MsgId: MMSG-15919]
Action.c(4): web_url("canonical.html") started  	[MsgId: MMSG-26355]
Action.c(4): Detected non-resource "https://support.mozilla.org/kb/captive-portal" in "http://detectportal.firefox.com/canonical.html"  	[MsgId: MMSG-26573]
Action.c(4): Error -35196: HTTP Status-Code=429 (Retry With) for "https://support.mozilla.org/kb/captive-portal"  	[MsgId: MERR-35196]
End auto log messages stack.	[MsgId: MMSG-10544]


Start auto log messages stack - Iteration 952.	[MsgId: MMSG-10545]
Starting action Action.	[MsgId: MMSG-15919]
Action.c(4): web_url("canonical.html") started  	[MsgId: MMSG-26355]
Action.c(4): Detected non-resource "https://support.mozilla.org/kb/captive-portal" in "http://detectportal.firefox.com/canonical.html"  	[MsgId: MMSG-26573]
Action.c(4): Error -35196: HTTP Status-Code=429 (Retry With) for "https://support.mozilla.org/kb/captive-portal"  	[MsgId: MERR-35196]
End auto log messages stack.	[MsgId: MMSG-10544]


Start auto log messages stack - Iteration 1212.	[MsgId: MMSG-10545]
Starting action Action.	[MsgId: MMSG-15919]
Action.c(4): web_url("canonical.html") started  	[MsgId: MMSG-26355]
Start auto log messages stack - Iteration 1199.	[MsgId: MMSG-10545]
Action.c(4): Detected non-resource "https://support.mozilla.org/kb/captive-portal" in "http://detectportal.firefox.com/canonical.html"  	[MsgId: MMSG-26573]
Action.c(4): Error -35196: HTTP Status-Code=429 (Retry With) for "https://support.mozilla.org/kb/captive-portal"  	[MsgId: MERR-35196]
Starting action Action.	[MsgId: MMSG-15919]
Action.c(4): web_url("canonical.html") started  	[MsgId: MMSG-26355]
Action.c(4): Detected non-resource "https://support.mozilla.org/kb/captive-portal" in "http://detectportal.firefox.com/canonical.html"  	[MsgId: MMSG-26573]
Action.c(4): Error -35196: HTTP Status-Code=429 (Retry With) for "https://support.mozilla.org/kb/captive-portal"  	[MsgId: MERR-35196]
End auto log messages stack.	[MsgId: MMSG-10544]


End auto log messages stack.	[MsgId: MMSG-10544]


Start auto log messages stack - Iteration 1052.	[MsgId: MMSG-10545]
Starting action Action.	[MsgId: MMSG-15919]
Action.c(4): web_url("canonical.html") started  	[MsgId: MMSG-26355]
Action.c(4): Detected non-resource "https://support.mozilla.org/kb/captive-portal" in "http://detectportal.firefox.com/canonical.html"  	[MsgId: MMSG-26573]
Action.c(4): Error -35196: HTTP Status-Code=429 (Retry With) for "https://support.mozilla.org/kb/captive-portal"  	[MsgId: MERR-35196]
End auto log messages stack.	[MsgId: MMSG-10544]


Start auto log messages stack - Iteration 1195.	[MsgId: MMSG-10545]
Starting action Action.	[MsgId: MMSG-15919]
Action.c(4): web_url("canonical.html") started  	[MsgId: MMSG-26355]
Action.c(4): Detected non-resource "https://support.mozilla.org/kb/captive-portal" in "http://detectportal.firefox.com/canonical.html"  	[MsgId: MMSG-26573]
Action.c(4): Error -35196: HTTP Status-Code=429 (Retry With) for "https://support.mozilla.org/kb/captive-portal"  	[MsgId: MERR-35196]
End auto log messages stack.	[MsgId: MMSG-10544]


Start auto log messages stack - Iteration 1004.	[MsgId: MMSG-10545]
Starting action Action.	[MsgId: MMSG-15919]
Action.c(4): web_url("canonical.html") started  	[MsgId: MMSG-26355]
Action.c(4): Detected non-resource "https://support.mozilla.org/kb/captive-portal" in "http://detectportal.firefox.com/canonical.html"  	[MsgId: MMSG-26573]
Action.c(4): Error -35196: HTTP Status-Code=429 (Retry With) for "https://support.mozilla.org/kb/captive-portal"  	[MsgId: MERR-35196]
End auto log messages stack.	[MsgId: MMSG-10544]


Start auto log messages stack - Iteration 953.	[MsgId: MMSG-10545]
Starting action Action.	[MsgId: MMSG-15919]
Action.c(4): web_url("canonical.html") started  	[MsgId: MMSG-26355]
Action.c(4): Detected non-resource "https://support.mozilla.org/kb/captive-portal" in "http://detectportal.firefox.com/canonical.html"  	[MsgId: MMSG-26573]
Action.c(4): Error -35196: HTTP Status-Code=429 (Retry With) for "https://support.mozilla.org/kb/captive-portal"  	[MsgId: MERR-35196]
End auto log messages stack.	[MsgId: MMSG-10544]


Start auto log messages stack - Iteration 1200.	[MsgId: MMSG-10545]
Starting action Action.	[MsgId: MMSG-15919]
Action.c(4): web_url("canonical.html") started  	[MsgId: MMSG-26355]
Action.c(4): Detected non-resource "https://support.mozilla.org/kb/captive-portal" in "http://detectportal.firefox.com/canonical.html"  	[MsgId: MMSG-26573]
Action.c(4): Error -35196: HTTP Status-Code=429 (Retry With) for "https://support.mozilla.org/kb/captive-portal"  	[MsgId: MERR-35196]
End auto log messages stack.	[MsgId: MMSG-10544]


Start auto log messages stack - Iteration 1213.	[MsgId: MMSG-10545]
Starting action Action.	[MsgId: MMSG-15919]
Action.c(4): web_url("canonical.html") started  	[MsgId: MMSG-26355]
Action.c(4): Detected non-resource "https://support.mozilla.org/kb/captive-portal" in "http://detectportal.firefox.com/canonical.html"  	[MsgId: MMSG-26573]
Action.c(4): Error -35196: HTTP Status-Code=429 (Retry With) for "https://support.mozilla.org/kb/captive-portal"  	[MsgId: MERR-35196]
End auto log messages stack.	[MsgId: MMSG-10544]


Start auto log messages stack - Iteration 954.	[MsgId: MMSG-10545]
Starting action Action.	[MsgId: MMSG-15919]
Action.c(4): web_url("canonical.html") started  	[MsgId: MMSG-26355]
Action.c(4): Detected non-resource "https://support.mozilla.org/kb/captive-portal" in "http://detectportal.firefox.com/canonical.html"  	[MsgId: MMSG-26573]
Action.c(4): Error -35196: HTTP Status-Code=429 (Retry With) for "https://support.mozilla.org/kb/captive-portal"  	[MsgId: MERR-35196]
End auto log messages stack.	[MsgId: MMSG-10544]


Start auto log messages stack - Iteration 1053.	[MsgId: MMSG-10545]
Starting action Action.	[MsgId: MMSG-15919]
Action.c(4): web_url("canonical.html") started  	[MsgId: MMSG-26355]
Action.c(4): Detected non-resource "https://support.mozilla.org/kb/captive-portal" in "http://detectportal.firefox.com/canonical.html"  	[MsgId: MMSG-26573]
Action.c(4): Error -35196: HTTP Status-Code=429 (Retry With) for "https://support.mozilla.org/kb/captive-portal"  	[MsgId: MERR-35196]
End auto log messages stack.	[MsgId: MMSG-10544]


Start auto log messages stack - Iteration 1005.	[MsgId: MMSG-10545]
Starting action Action.	[MsgId: MMSG-15919]
Action.c(4): web_url("canonical.html") started  	[MsgId: MMSG-26355]
Action.c(4): Detected non-resource "https://support.mozilla.org/kb/captive-portal" in "http://detectportal.firefox.com/canonical.html"  	[MsgId: MMSG-26573]
Action.c(4): Error -35196: HTTP Status-Code=429 (Retry With) for "https://support.mozilla.org/kb/captive-portal"  	[MsgId: MERR-35196]
End auto log messages stack.	[MsgId: MMSG-10544]


Start auto log messages stack - Iteration 1196.	[MsgId: MMSG-10545]
Starting action Action.	[MsgId: MMSG-15919]
Action.c(4): web_url("canonical.html") started  	[MsgId: MMSG-26355]
Action.c(4): Detected non-resource "https://support.mozilla.org/kb/captive-portal" in "http://detectportal.firefox.com/canonical.html"  	[MsgId: MMSG-26573]
Action.c(4): Error -35196: HTTP Status-Code=429 (Retry With) for "https://support.mozilla.org/kb/captive-portal"  	[MsgId: MERR-35196]
End auto log messages stack.	[MsgId: MMSG-10544]


Start auto log messages stack - Iteration 1214.	[MsgId: MMSG-10545]
Starting action Action.	[MsgId: MMSG-15919]
Action.c(4): web_url("canonical.html") started  	[MsgId: MMSG-26355]
Action.c(4): Detected non-resource "https://support.mozilla.org/kb/captive-portal" in "http://detectportal.firefox.com/canonical.html"  	[MsgId: MMSG-26573]
Action.c(4): Error -35196: HTTP Status-Code=429 (Retry With) for "https://support.mozilla.org/kb/captive-portal"  	[MsgId: MERR-35196]
End auto log messages stack.	[MsgId: MMSG-10544]


Start auto log messages stack - Iteration 1201.	[MsgId: MMSG-10545]
Starting action Action.	[MsgId: MMSG-15919]
Action.c(4): web_url("canonical.html") started  	[MsgId: MMSG-26355]
Action.c(4): Detected non-resource "https://support.mozilla.org/kb/captive-portal" in "http://detectportal.firefox.com/canonical.html"  	[MsgId: MMSG-26573]
Action.c(4): Error -35196: HTTP Status-Code=429 (Retry With) for "https://support.mozilla.org/kb/captive-portal"  	[MsgId: MERR-35196]
End auto log messages stack.	[MsgId: MMSG-10544]


Start auto log messages stack - Iteration 1197.	[MsgId: MMSG-10545]
Starting action Action.	[MsgId: MMSG-15919]
Action.c(4): web_url("canonical.html") started  	[MsgId: MMSG-26355]
Action.c(4): Detected non-resource "https://support.mozilla.org/kb/captive-portal" in "http://detectportal.firefox.com/canonical.html"  	[MsgId: MMSG-26573]
Action.c(4): Error -35196: HTTP Status-Code=429 (Retry With) for "https://support.mozilla.org/kb/captive-portal"  	[MsgId: MERR-35196]
End auto log messages stack.	[MsgId: MMSG-10544]


Start auto log messages stack - Iteration 955.	[MsgId: MMSG-10545]
Starting action Action.	[MsgId: MMSG-15919]
Action.c(4): web_url("canonical.html") started  	[MsgId: MMSG-26355]
Action.c(4): Detected non-resource "https://support.mozilla.org/kb/captive-portal" in "http://detectportal.firefox.com/canonical.html"  	[MsgId: MMSG-26573]
Action.c(4): Error -35196: HTTP Status-Code=429 (Retry With) for "https://support.mozilla.org/kb/captive-portal"  	[MsgId: MERR-35196]
End auto log messages stack.	[MsgId: MMSG-10544]


Start auto log messages stack - Iteration 1006.	[MsgId: MMSG-10545]
Starting action Action.	[MsgId: MMSG-15919]
Action.c(4): web_url("canonical.html") started  	[MsgId: MMSG-26355]
Action.c(4): Detected non-resource "https://support.mozilla.org/kb/captive-portal" in "http://detectportal.firefox.com/canonical.html"  	[MsgId: MMSG-26573]
Action.c(4): Error -35196: HTTP Status-Code=429 (Retry With) for "https://support.mozilla.org/kb/captive-portal"  	[MsgId: MERR-35196]
End auto log messages stack.	[MsgId: MMSG-10544]
Start auto log messages stack - Iteration 945.	[MsgId: MMSG-10545]
Starting action Action.	[MsgId: MMSG-15919]
Action.c(4): web_url("canonical.html") started  	[MsgId: MMSG-26355]
Action.c(4): Detected non-resource "https://support.mozilla.org/kb/captive-portal" in "http://detectportal.firefox.com/canonical.html"  	[MsgId: MMSG-26573]
Action.c(4): Error -35196: HTTP Status-Code=429 (Retry With) for "https://support.mozilla.org/kb/captive-portal"  	[MsgId: MERR-35196]
End auto log messages stack.	[MsgId: MMSG-10544]


Start auto log messages stack - Iteration 1054.	[MsgId: MMSG-10545]
Starting action Action.	[MsgId: MMSG-15919]
Action.c(4): web_url("canonical.html") started  	[MsgId: MMSG-26355]
Action.c(4): Detected non-resource "https://support.mozilla.org/kb/captive-portal" in "http://detectportal.firefox.com/canonical.html"  	[MsgId: MMSG-26573]
Action.c(4): Error -35196: HTTP Status-Code=429 (Retry With) for "https://support.mozilla.org/kb/captive-portal"  	[MsgId: MERR-35196]
End auto log messages stack.	[MsgId: MMSG-10544]




Start auto log messages stack - Iteration 1202.	[MsgId: MMSG-10545]
Starting action Action.	[MsgId: MMSG-15919]
Action.c(4): web_url("canonical.html") started  	[MsgId: MMSG-26355]
Action.c(4): Detected non-resource "https://support.mozilla.org/kb/captive-portal" in "http://detectportal.firefox.com/canonical.html"  	[MsgId: MMSG-26573]
Action.c(4): Error -35196: HTTP Status-Code=429 (Retry With) for "https://support.mozilla.org/kb/captive-portal"  	[MsgId: MERR-35196]
End auto log messages stack.	[MsgId: MMSG-10544]


Start auto log messages stack - Iteration 1107.	[MsgId: MMSG-10545]
Starting action Action.	[MsgId: MMSG-15919]
Action.c(4): web_url("canonical.html") started  	[MsgId: MMSG-26355]
Action.c(4): Detected non-resource "https://support.mozilla.org/kb/captive-portal" in "http://detectportal.firefox.com/canonical.html"  	[MsgId: MMSG-26573]
Action.c(4): Error -35196: HTTP Status-Code=429 (Retry With) for "https://support.mozilla.org/kb/captive-portal"  	[MsgId: MERR-35196]
End auto log messages stack.	[MsgId: MMSG-10544]


Start auto log messages stack - Iteration 1052.	[MsgId: MMSG-10545]
Starting action Action.	[MsgId: MMSG-15919]
Action.c(4): web_url("canonical.html") started  	[MsgId: MMSG-26355]
Action.c(4): Detected non-resource "https://support.mozilla.org/kb/captive-portal" in "http://detectportal.firefox.com/canonical.html"  	[MsgId: MMSG-26573]
Action.c(4): Error -35196: HTTP Status-Code=429 (Retry With) for "https://support.mozilla.org/kb/captive-portal"  	[MsgId: MERR-35196]
End auto log messages stack.	[MsgId: MMSG-10544]


Start auto log messages stack - Iteration 1198.	[MsgId: MMSG-10545]
Starting action Action.	[MsgId: MMSG-15919]
Action.c(4): web_url("canonical.html") started  	[MsgId: MMSG-26355]
Action.c(4): Detected non-resource "https://support.mozilla.org/kb/captive-portal" in "http://detectportal.firefox.com/canonical.html"  	[MsgId: MMSG-26573]
Action.c(4): Error -35196: HTTP Status-Code=429 (Retry With) for "https://support.mozilla.org/kb/captive-portal"  	[MsgId: MERR-35196]
End auto log messages stack.	[MsgId: MMSG-10544]


Start auto log messages stack - Iteration 946.	[MsgId: MMSG-10545]
Starting action Action.	[MsgId: MMSG-15919]
Action.c(4): web_url("canonical.html") started  	[MsgId: MMSG-26355]
Action.c(4): Detected non-resource "https://support.mozilla.org/kb/captive-portal" in "http://detectportal.firefox.com/canonical.html"  	[MsgId: MMSG-26573]
Action.c(4): Error -35196: HTTP Status-Code=429 (Retry With) for "https://support.mozilla.org/kb/captive-portal"  	[MsgId: MERR-35196]
End auto log messages stack.	[MsgId: MMSG-10544]


Start auto log messages stack - Iteration 956.	[MsgId: MMSG-10545]
Starting action Action.	[MsgId: MMSG-15919]
Action.c(4): web_url("canonical.html") started  	[MsgId: MMSG-26355]
Action.c(4): Detected non-resource "https://support.mozilla.org/kb/captive-portal" in "http://detectportal.firefox.com/canonical.html"  	[MsgId: MMSG-26573]
Action.c(4): Error -35196: HTTP Status-Code=429 (Retry With) for "https://support.mozilla.org/kb/captive-portal"  	[MsgId: MERR-35196]
End auto log messages stack.	[MsgId: MMSG-10544]


Start auto log messages stack - Iteration 1055.	[MsgId: MMSG-10545]
Starting action Action.	[MsgId: MMSG-15919]
Action.c(4): web_url("canonical.html") started  	[MsgId: MMSG-26355]
Action.c(4): Detected non-resource "https://support.mozilla.org/kb/captive-portal" in "http://detectportal.firefox.com/canonical.html"  	[MsgId: MMSG-26573]
Action.c(4): Error -35196: HTTP Status-Code=429 (Retry With) for "https://support.mozilla.org/kb/captive-portal"  	[MsgId: MERR-35196]
End auto log messages stack.	[MsgId: MMSG-10544]


Start auto log messages stack - Iteration 1007.	[MsgId: MMSG-10545]
Starting action Action.	[MsgId: MMSG-15919]
Action.c(4): web_url("canonical.html") started  	[MsgId: MMSG-26355]
Action.c(4): Detected non-resource "https://support.mozilla.org/kb/captive-portal" in "http://detectportal.firefox.com/canonical.html"  	[MsgId: MMSG-26573]
Action.c(4): Error -35196: HTTP Status-Code=429 (Retry With) for "https://support.mozilla.org/kb/captive-portal"  	[MsgId: MERR-35196]
End auto log messages stack.	[MsgId: MMSG-10544]


Start auto log messages stack - Iteration 1203.	[MsgId: MMSG-10545]
Starting action Action.	[MsgId: MMSG-15919]
Action.c(4): web_url("canonical.html") started  	[MsgId: MMSG-26355]
Action.c(4): Detected non-resource "https://support.mozilla.org/kb/captive-portal" in "http://detectportal.firefox.com/canonical.html"  	[MsgId: MMSG-26573]
Action.c(4): Error -35196: HTTP Status-Code=429 (Retry With) for "https://support.mozilla.org/kb/captive-portal"  	[MsgId: MERR-35196]
End auto log messages stack.	[MsgId: MMSG-10544]


Start auto log messages stack - Iteration 1108.	[MsgId: MMSG-10545]
Starting action Action.	[MsgId: MMSG-15919]
Action.c(4): web_url("canonical.html") started  	[MsgId: MMSG-26355]
Action.c(4): Detected non-resource "https://support.mozilla.org/kb/captive-portal" in "http://detectportal.firefox.com/canonical.html"  	[MsgId: MMSG-26573]
Action.c(4): Error -35196: HTTP Status-Code=429 (Retry With) for "https://support.mozilla.org/kb/captive-portal"  	[MsgId: MERR-35196]
End auto log messages stack.	[MsgId: MMSG-10544]


Start auto log messages stack - Iteration 1053.	[MsgId: MMSG-10545]
Starting action Action.	[MsgId: MMSG-15919]
Action.c(4): web_url("canonical.html") started  	[MsgId: MMSG-26355]
Action.c(4): Detected non-resource "https://support.mozilla.org/kb/captive-portal" in "http://detectportal.firefox.com/canonical.html"  	[MsgId: MMSG-26573]
Action.c(4): Error -35196: HTTP Status-Code=429 (Retry With) for "https://support.mozilla.org/kb/captive-portal"  	[MsgId: MERR-35196]
End auto log messages stack.	[MsgId: MMSG-10544]


Start auto log messages stack - Iteration 1199.	[MsgId: MMSG-10545]
Starting action Action.	[MsgId: MMSG-15919]
Action.c(4): web_url("canonical.html") started  	[MsgId: MMSG-26355]
Action.c(4): Detected non-resource "https://support.mozilla.org/kb/captive-portal" in "http://detectportal.firefox.com/canonical.html"  	[MsgId: MMSG-26573]
Action.c(4): Error -35196: HTTP Status-Code=429 (Retry With) for "https://support.mozilla.org/kb/captive-portal"  	[MsgId: MERR-35196]
End auto log messages stack.	[MsgId: MMSG-10544]


Start auto log messages stack - Iteration 947.	[MsgId: MMSG-10545]
Starting action Action.	[MsgId: MMSG-15919]
Action.c(4): web_url("canonical.html") started  	[MsgId: MMSG-26355]
Action.c(4): Detected non-resource "https://support.mozilla.org/kb/captive-portal" in "http://detectportal.firefox.com/canonical.html"  	[MsgId: MMSG-26573]
Action.c(4): Error -35196: HTTP Status-Code=429 (Retry With) for "https://support.mozilla.org/kb/captive-portal"  	[MsgId: MERR-35196]
End auto log messages stack.	[MsgId: MMSG-10544]


Start auto log messages stack - Iteration 1008.	[MsgId: MMSG-10545]
Starting action Action.	[MsgId: MMSG-15919]
Action.c(4): web_url("canonical.html") started  	[MsgId: MMSG-26355]
Action.c(4): Detected non-resource "https://support.mozilla.org/kb/captive-portal" in "http://detectportal.firefox.com/canonical.html"  	[MsgId: MMSG-26573]
Action.c(4): Error -35196: HTTP Status-Code=429 (Retry With) for "https://support.mozilla.org/kb/captive-portal"  	[MsgId: MERR-35196]
End auto log messages stack.	[MsgId: MMSG-10544]


Start auto log messages stack - Iteration 957.	[MsgId: MMSG-10545]
Start auto log messages stack - Iteration 1215.	[MsgId: MMSG-10545]
Starting action Action.	[MsgId: MMSG-15919]
Action.c(4): web_url("canonical.html") started  	[MsgId: MMSG-26355]
Starting action Action.	[MsgId: MMSG-15919]
Action.c(4): Detected non-resource "https://support.mozilla.org/kb/captive-portal" in "http://detectportal.firefox.com/canonical.html"  	[MsgId: MMSG-26573]
Action.c(4): web_url("canonical.html") started  	[MsgId: MMSG-26355]
Action.c(4): Detected non-resource "https://support.mozilla.org/kb/captive-portal" in "http://detectportal.firefox.com/canonical.html"  	[MsgId: MMSG-26573]
Action.c(4): Error -35196: HTTP Status-Code=429 (Retry With) for "https://support.mozilla.org/kb/captive-portal"  	[MsgId: MERR-35196]
Action.c(4): Error -35196: HTTP Status-Code=429 (Retry With) for "https://support.mozilla.org/kb/captive-portal"  	[MsgId: MERR-35196]
End auto log messages stack.	[MsgId: MMSG-10544]
End auto log messages stack.	[MsgId: MMSG-10544]




Start auto log messages stack - Iteration 1056.	[MsgId: MMSG-10545]
Starting action Action.	[MsgId: MMSG-15919]
Action.c(4): web_url("canonical.html") started  	[MsgId: MMSG-26355]
Action.c(4): Detected non-resource "https://support.mozilla.org/kb/captive-portal" in "http://detectportal.firefox.com/canonical.html"  	[MsgId: MMSG-26573]
Action.c(4): Error -35196: HTTP Status-Code=429 (Retry With) for "https://support.mozilla.org/kb/captive-portal"  	[MsgId: MERR-35196]
End auto log messages stack.	[MsgId: MMSG-10544]


Start auto log messages stack - Iteration 1204.	[MsgId: MMSG-10545]
Starting action Action.	[MsgId: MMSG-15919]
Action.c(4): web_url("canonical.html") started  	[MsgId: MMSG-26355]
Action.c(4): Detected non-resource "https://support.mozilla.org/kb/captive-portal" in "http://detectportal.firefox.com/canonical.html"  	[MsgId: MMSG-26573]
Action.c(4): Error -35196: HTTP Status-Code=429 (Retry With) for "https://support.mozilla.org/kb/captive-portal"  	[MsgId: MERR-35196]
End auto log messages stack.	[MsgId: MMSG-10544]


Start auto log messages stack - Iteration 1109.	[MsgId: MMSG-10545]
Starting action Action.	[MsgId: MMSG-15919]
Action.c(4): web_url("canonical.html") started  	[MsgId: MMSG-26355]
Action.c(4): Detected non-resource "https://support.mozilla.org/kb/captive-portal" in "http://detectportal.firefox.com/canonical.html"  	[MsgId: MMSG-26573]
Action.c(4): Error -35196: HTTP Status-Code=429 (Retry With) for "https://support.mozilla.org/kb/captive-portal"  	[MsgId: MERR-35196]
End auto log messages stack.	[MsgId: MMSG-10544]


Start auto log messages stack - Iteration 1200.	[MsgId: MMSG-10545]
Starting action Action.	[MsgId: MMSG-15919]
Action.c(4): web_url("canonical.html") started  	[MsgId: MMSG-26355]
Start auto log messages stack - Iteration 958.	[MsgId: MMSG-10545]
Action.c(4): Detected non-resource "https://support.mozilla.org/kb/captive-portal" in "http://detectportal.firefox.com/canonical.html"  	[MsgId: MMSG-26573]
Action.c(4): Error -35196: HTTP Status-Code=429 (Retry With) for "https://support.mozilla.org/kb/captive-portal"  	[MsgId: MERR-35196]
Starting action Action.	[MsgId: MMSG-15919]
Action.c(4): web_url("canonical.html") started  	[MsgId: MMSG-26355]
Action.c(4): Detected non-resource "https://support.mozilla.org/kb/captive-portal" in "http://detectportal.firefox.com/canonical.html"  	[MsgId: MMSG-26573]
Action.c(4): Error -35196: HTTP Status-Code=429 (Retry With) for "https://support.mozilla.org/kb/captive-portal"  	[MsgId: MERR-35196]
Start auto log messages stack - Iteration 1216.	[MsgId: MMSG-10545]
End auto log messages stack.	[MsgId: MMSG-10544]
Starting action Action.	[MsgId: MMSG-15919]
Action.c(4): web_url("canonical.html") started  	[MsgId: MMSG-26355]
Action.c(4): Detected non-resource "https://support.mozilla.org/kb/captive-portal" in "http://detectportal.firefox.com/canonical.html"  	[MsgId: MMSG-26573]


Action.c(4): Error -35196: HTTP Status-Code=429 (Retry With) for "https://support.mozilla.org/kb/captive-portal"  	[MsgId: MERR-35196]
End auto log messages stack.	[MsgId: MMSG-10544]


End auto log messages stack.	[MsgId: MMSG-10544]


Start auto log messages stack - Iteration 948.	[MsgId: MMSG-10545]
Starting action Action.	[MsgId: MMSG-15919]
Action.c(4): web_url("canonical.html") started  	[MsgId: MMSG-26355]
Action.c(4): Detected non-resource "https://support.mozilla.org/kb/captive-portal" in "http://detectportal.firefox.com/canonical.html"  	[MsgId: MMSG-26573]
Action.c(4): Error -35196: HTTP Status-Code=429 (Retry With) for "https://support.mozilla.org/kb/captive-portal"  	[MsgId: MERR-35196]
End auto log messages stack.	[MsgId: MMSG-10544]


Start auto log messages stack - Iteration 1009.	[MsgId: MMSG-10545]
Starting action Action.	[MsgId: MMSG-15919]
Action.c(4): web_url("canonical.html") started  	[MsgId: MMSG-26355]
Action.c(4): Detected non-resource "https://support.mozilla.org/kb/captive-portal" in "http://detectportal.firefox.com/canonical.html"  	[MsgId: MMSG-26573]
Action.c(4): Error -35196: HTTP Status-Code=429 (Retry With) for "https://support.mozilla.org/kb/captive-portal"  	[MsgId: MERR-35196]
End auto log messages stack.	[MsgId: MMSG-10544]


Start auto log messages stack - Iteration 1054.	[MsgId: MMSG-10545]
Starting action Action.	[MsgId: MMSG-15919]
Action.c(4): web_url("canonical.html") started  	[MsgId: MMSG-26355]
Action.c(4): Detected non-resource "https://support.mozilla.org/kb/captive-portal" in "http://detectportal.firefox.com/canonical.html"  	[MsgId: MMSG-26573]
Action.c(4): Error -35196: HTTP Status-Code=429 (Retry With) for "https://support.mozilla.org/kb/captive-portal"  	[MsgId: MERR-35196]
End auto log messages stack.	[MsgId: MMSG-10544]


Start auto log messages stack - Iteration 1057.	[MsgId: MMSG-10545]
Starting action Action.	[MsgId: MMSG-15919]
Action.c(4): web_url("canonical.html") started  	[MsgId: MMSG-26355]
Action.c(4): Detected non-resource "https://support.mozilla.org/kb/captive-portal" in "http://detectportal.firefox.com/canonical.html"  	[MsgId: MMSG-26573]
Action.c(4): Error -35196: HTTP Status-Code=429 (Retry With) for "https://support.mozilla.org/kb/captive-portal"  	[MsgId: MERR-35196]
End auto log messages stack.	[MsgId: MMSG-10544]


Start auto log messages stack - Iteration 1110.	[MsgId: MMSG-10545]
Starting action Action.	[MsgId: MMSG-15919]
Action.c(4): web_url("canonical.html") started  	[MsgId: MMSG-26355]
Action.c(4): Detected non-resource "https://support.mozilla.org/kb/captive-portal" in "http://detectportal.firefox.com/canonical.html"  	[MsgId: MMSG-26573]
Action.c(4): Error -35196: HTTP Status-Code=429 (Retry With) for "https://support.mozilla.org/kb/captive-portal"  	[MsgId: MERR-35196]
End auto log messages stack.	[MsgId: MMSG-10544]


Start auto log messages stack - Iteration 1205.	[MsgId: MMSG-10545]
Starting action Action.	[MsgId: MMSG-15919]
Action.c(4): web_url("canonical.html") started  	[MsgId: MMSG-26355]
Action.c(4): Detected non-resource "https://support.mozilla.org/kb/captive-portal" in "http://detectportal.firefox.com/canonical.html"  	[MsgId: MMSG-26573]
Action.c(4): Error -35196: HTTP Status-Code=429 (Retry With) for "https://support.mozilla.org/kb/captive-portal"  	[MsgId: MERR-35196]
End auto log messages stack.	[MsgId: MMSG-10544]


Start auto log messages stack - Iteration 959.	[MsgId: MMSG-10545]
Starting action Action.	[MsgId: MMSG-15919]
Action.c(4): web_url("canonical.html") started  	[MsgId: MMSG-26355]
Action.c(4): Detected non-resource "https://support.mozilla.org/kb/captive-portal" in "http://detectportal.firefox.com/canonical.html"  	[MsgId: MMSG-26573]
Action.c(4): Error -35196: HTTP Status-Code=429 (Retry With) for "https://support.mozilla.org/kb/captive-portal"  	[MsgId: MERR-35196]
End auto log messages stack.	[MsgId: MMSG-10544]


Start auto log messages stack - Iteration 949.	[MsgId: MMSG-10545]
Starting action Action.	[MsgId: MMSG-15919]
Action.c(4): web_url("canonical.html") started  	[MsgId: MMSG-26355]
Action.c(4): Detected non-resource "https://support.mozilla.org/kb/captive-portal" in "http://detectportal.firefox.com/canonical.html"  	[MsgId: MMSG-26573]
Action.c(4): Error -35196: HTTP Status-Code=429 (Retry With) for "https://support.mozilla.org/kb/captive-portal"  	[MsgId: MERR-35196]
End auto log messages stack.	[MsgId: MMSG-10544]


Start auto log messages stack - Iteration 1010.	[MsgId: MMSG-10545]
Starting action Action.	[MsgId: MMSG-15919]
Action.c(4): web_url("canonical.html") started  	[MsgId: MMSG-26355]
Action.c(4): Detected non-resource "https://support.mozilla.org/kb/captive-portal" in "http://detectportal.firefox.com/canonical.html"  	[MsgId: MMSG-26573]
Action.c(4): Error -35196: HTTP Status-Code=429 (Retry With) for "https://support.mozilla.org/kb/captive-portal"  	[MsgId: MERR-35196]
End auto log messages stack.	[MsgId: MMSG-10544]
Start auto log messages stack - Iteration 1201.	[MsgId: MMSG-10545]
Starting action Action.	[MsgId: MMSG-15919]
Action.c(4): web_url("canonical.html") started  	[MsgId: MMSG-26355]
Action.c(4): Detected non-resource "https://support.mozilla.org/kb/captive-portal" in "http://detectportal.firefox.com/canonical.html"  	[MsgId: MMSG-26573]
Action.c(4): Error -35196: HTTP Status-Code=429 (Retry With) for "https://support.mozilla.org/kb/captive-portal"  	[MsgId: MERR-35196]
End auto log messages stack.	[MsgId: MMSG-10544]




Start auto log messages stack - Iteration 1217.	[MsgId: MMSG-10545]
Starting action Action.	[MsgId: MMSG-15919]
Action.c(4): web_url("canonical.html") started  	[MsgId: MMSG-26355]
Action.c(4): Detected non-resource "https://support.mozilla.org/kb/captive-portal" in "http://detectportal.firefox.com/canonical.html"  	[MsgId: MMSG-26573]
Action.c(4): Error -35196: HTTP Status-Code=429 (Retry With) for "https://support.mozilla.org/kb/captive-portal"  	[MsgId: MERR-35196]
End auto log messages stack.	[MsgId: MMSG-10544]


Start auto log messages stack - Iteration 1111.	[MsgId: MMSG-10545]
Starting action Action.	[MsgId: MMSG-15919]
Action.c(4): web_url("canonical.html") started  	[MsgId: MMSG-26355]
Action.c(4): Detected non-resource "https://support.mozilla.org/kb/captive-portal" in "http://detectportal.firefox.com/canonical.html"  	[MsgId: MMSG-26573]
Action.c(4): Error -35196: HTTP Status-Code=429 (Retry With) for "https://support.mozilla.org/kb/captive-portal"  	[MsgId: MERR-35196]
End auto log messages stack.	[MsgId: MMSG-10544]


Start auto log messages stack - Iteration 1058.	[MsgId: MMSG-10545]
Start auto log messages stack - Iteration 960.	[MsgId: MMSG-10545]
Starting action Action.	[MsgId: MMSG-15919]
Action.c(4): web_url("canonical.html") started  	[MsgId: MMSG-26355]
Start auto log messages stack - Iteration 1206.	[MsgId: MMSG-10545]
Action.c(4): Detected non-resource "https://support.mozilla.org/kb/captive-portal" in "http://detectportal.firefox.com/canonical.html"  	[MsgId: MMSG-26573]
Starting action Action.	[MsgId: MMSG-15919]
Action.c(4): web_url("canonical.html") started  	[MsgId: MMSG-26355]
Action.c(4): Error -35196: HTTP Status-Code=429 (Retry With) for "https://support.mozilla.org/kb/captive-portal"  	[MsgId: MERR-35196]
Action.c(4): Detected non-resource "https://support.mozilla.org/kb/captive-portal" in "http://detectportal.firefox.com/canonical.html"  	[MsgId: MMSG-26573]
Action.c(4): Error -35196: HTTP Status-Code=429 (Retry With) for "https://support.mozilla.org/kb/captive-portal"  	[MsgId: MERR-35196]
End auto log messages stack.	[MsgId: MMSG-10544]


Starting action Action.	[MsgId: MMSG-15919]
End auto log messages stack.	[MsgId: MMSG-10544]


Action.c(4): web_url("canonical.html") started  	[MsgId: MMSG-26355]
Action.c(4): Detected non-resource "https://support.mozilla.org/kb/captive-portal" in "http://detectportal.firefox.com/canonical.html"  	[MsgId: MMSG-26573]
Action.c(4): Error -35196: HTTP Status-Code=429 (Retry With) for "https://support.mozilla.org/kb/captive-portal"  	[MsgId: MERR-35196]
End auto log messages stack.	[MsgId: MMSG-10544]


Start auto log messages stack - Iteration 1011.	[MsgId: MMSG-10545]
Starting action Action.	[MsgId: MMSG-15919]
Action.c(4): web_url("canonical.html") started  	[MsgId: MMSG-26355]
Action.c(4): Detected non-resource "https://support.mozilla.org/kb/captive-portal" in "http://detectportal.firefox.com/canonical.html"  	[MsgId: MMSG-26573]
Action.c(4): Error -35196: HTTP Status-Code=429 (Retry With) for "https://support.mozilla.org/kb/captive-portal"  	[MsgId: MERR-35196]
End auto log messages stack.	[MsgId: MMSG-10544]


Start auto log messages stack - Iteration 1202.	[MsgId: MMSG-10545]
Starting action Action.	[MsgId: MMSG-15919]
Action.c(4): web_url("canonical.html") started  	[MsgId: MMSG-26355]
Action.c(4): Detected non-resource "https://support.mozilla.org/kb/captive-portal" in "http://detectportal.firefox.com/canonical.html"  	[MsgId: MMSG-26573]
Action.c(4): Error -35196: HTTP Status-Code=429 (Retry With) for "https://support.mozilla.org/kb/captive-portal"  	[MsgId: MERR-35196]
End auto log messages stack.	[MsgId: MMSG-10544]


Start auto log messages stack - Iteration 950.	[MsgId: MMSG-10545]
Start auto log messages stack - Iteration 1218.	[MsgId: MMSG-10545]
Starting action Action.	[MsgId: MMSG-15919]
Action.c(4): web_url("canonical.html") started  	[MsgId: MMSG-26355]
Action.c(4): Detected non-resource "https://support.mozilla.org/kb/captive-portal" in "http://detectportal.firefox.com/canonical.html"  	[MsgId: MMSG-26573]
Action.c(4): Error -35196: HTTP Status-Code=429 (Retry With) for "https://support.mozilla.org/kb/captive-portal"  	[MsgId: MERR-35196]
Starting action Action.	[MsgId: MMSG-15919]
Action.c(4): web_url("canonical.html") started  	[MsgId: MMSG-26355]
Action.c(4): Detected non-resource "https://support.mozilla.org/kb/captive-portal" in "http://detectportal.firefox.com/canonical.html"  	[MsgId: MMSG-26573]
Action.c(4): Error -35196: HTTP Status-Code=429 (Retry With) for "https://support.mozilla.org/kb/captive-portal"  	[MsgId: MERR-35196]
End auto log messages stack.	[MsgId: MMSG-10544]


End auto log messages stack.	[MsgId: MMSG-10544]


Start auto log messages stack - Iteration 1112.	[MsgId: MMSG-10545]
Starting action Action.	[MsgId: MMSG-15919]
Action.c(4): web_url("canonical.html") started  	[MsgId: MMSG-26355]
Action.c(4): Detected non-resource "https://support.mozilla.org/kb/captive-portal" in "http://detectportal.firefox.com/canonical.html"  	[MsgId: MMSG-26573]
Action.c(4): Error -35196: HTTP Status-Code=429 (Retry With) for "https://support.mozilla.org/kb/captive-portal"  	[MsgId: MERR-35196]
End auto log messages stack.	[MsgId: MMSG-10544]


Start auto log messages stack - Iteration 961.	[MsgId: MMSG-10545]
Start auto log messages stack - Iteration 1207.	[MsgId: MMSG-10545]
Starting action Action.	[MsgId: MMSG-15919]
Action.c(4): web_url("canonical.html") started  	[MsgId: MMSG-26355]
Action.c(4): Detected non-resource "https://support.mozilla.org/kb/captive-portal" in "http://detectportal.firefox.com/canonical.html"  	[MsgId: MMSG-26573]
Action.c(4): Error -35196: HTTP Status-Code=429 (Retry With) for "https://support.mozilla.org/kb/captive-portal"  	[MsgId: MERR-35196]
End auto log messages stack.	[MsgId: MMSG-10544]


Starting action Action.	[MsgId: MMSG-15919]
Action.c(4): web_url("canonical.html") started  	[MsgId: MMSG-26355]
Action.c(4): Detected non-resource "https://support.mozilla.org/kb/captive-portal" in "http://detectportal.firefox.com/canonical.html"  	[MsgId: MMSG-26573]
Action.c(4): Error -35196: HTTP Status-Code=429 (Retry With) for "https://support.mozilla.org/kb/captive-portal"  	[MsgId: MERR-35196]
End auto log messages stack.	[MsgId: MMSG-10544]


Start auto log messages stack - Iteration 1059.	[MsgId: MMSG-10545]
Starting action Action.	[MsgId: MMSG-15919]
Action.c(4): web_url("canonical.html") started  	[MsgId: MMSG-26355]
Action.c(4): Detected non-resource "https://support.mozilla.org/kb/captive-portal" in "http://detectportal.firefox.com/canonical.html"  	[MsgId: MMSG-26573]
Action.c(4): Error -35196: HTTP Status-Code=429 (Retry With) for "https://support.mozilla.org/kb/captive-portal"  	[MsgId: MERR-35196]
End auto log messages stack.	[MsgId: MMSG-10544]


Start auto log messages stack - Iteration 1012.	[MsgId: MMSG-10545]
Starting action Action.	[MsgId: MMSG-15919]
Action.c(4): web_url("canonical.html") started  	[MsgId: MMSG-26355]
Action.c(4): Detected non-resource "https://support.mozilla.org/kb/captive-portal" in "http://detectportal.firefox.com/canonical.html"  	[MsgId: MMSG-26573]
Action.c(4): Error -35196: HTTP Status-Code=429 (Retry With) for "https://support.mozilla.org/kb/captive-portal"  	[MsgId: MERR-35196]
End auto log messages stack.	[MsgId: MMSG-10544]


Start auto log messages stack - Iteration 1203.	[MsgId: MMSG-10545]
Starting action Action.	[MsgId: MMSG-15919]
Action.c(4): web_url("canonical.html") started  	[MsgId: MMSG-26355]
Action.c(4): Detected non-resource "https://support.mozilla.org/kb/captive-portal" in "http://detectportal.firefox.com/canonical.html"  	[MsgId: MMSG-26573]
Action.c(4): Error -35196: HTTP Status-Code=429 (Retry With) for "https://support.mozilla.org/kb/captive-portal"  	[MsgId: MERR-35196]
End auto log messages stack.	[MsgId: MMSG-10544]


Start auto log messages stack - Iteration 1208.	[MsgId: MMSG-10545]
Starting action Action.	[MsgId: MMSG-15919]
Action.c(4): web_url("canonical.html") started  	[MsgId: MMSG-26355]
Action.c(4): Detected non-resource "https://support.mozilla.org/kb/captive-portal" in "http://detectportal.firefox.com/canonical.html"  	[MsgId: MMSG-26573]
Action.c(4): Error -35196: HTTP Status-Code=429 (Retry With) for "https://support.mozilla.org/kb/captive-portal"  	[MsgId: MERR-35196]
End auto log messages stack.	[MsgId: MMSG-10544]


Start auto log messages stack - Iteration 1060.	[MsgId: MMSG-10545]
Starting action Action.	[MsgId: MMSG-15919]
Action.c(4): web_url("canonical.html") started  	[MsgId: MMSG-26355]
Action.c(4): Detected non-resource "https://support.mozilla.org/kb/captive-portal" in "http://detectportal.firefox.com/canonical.html"  	[MsgId: MMSG-26573]
Action.c(4): Error -35196: HTTP Status-Code=429 (Retry With) for "https://support.mozilla.org/kb/captive-portal"  	[MsgId: MERR-35196]
End auto log messages stack.	[MsgId: MMSG-10544]


Start auto log messages stack - Iteration 1113.	[MsgId: MMSG-10545]
Start auto log messages stack - Iteration 1013.	[MsgId: MMSG-10545]
Starting action Action.	[MsgId: MMSG-15919]
Action.c(4): web_url("canonical.html") started  	[MsgId: MMSG-26355]
Action.c(4): Detected non-resource "https://support.mozilla.org/kb/captive-portal" in "http://detectportal.firefox.com/canonical.html"  	[MsgId: MMSG-26573]
Action.c(4): Error -35196: HTTP Status-Code=429 (Retry With) for "https://support.mozilla.org/kb/captive-portal"  	[MsgId: MERR-35196]
Starting action Action.	[MsgId: MMSG-15919]
Start auto log messages stack - Iteration 962.	[MsgId: MMSG-10545]
End auto log messages stack.	[MsgId: MMSG-10544]
Starting action Action.	[MsgId: MMSG-15919]


Action.c(4): web_url("canonical.html") started  	[MsgId: MMSG-26355]
Action.c(4): Detected non-resource "https://support.mozilla.org/kb/captive-portal" in "http://detectportal.firefox.com/canonical.html"  	[MsgId: MMSG-26573]
Action.c(4): Error -35196: HTTP Status-Code=429 (Retry With) for "https://support.mozilla.org/kb/captive-portal"  	[MsgId: MERR-35196]
Action.c(4): web_url("canonical.html") started  	[MsgId: MMSG-26355]
Action.c(4): Detected non-resource "https://support.mozilla.org/kb/captive-portal" in "http://detectportal.firefox.com/canonical.html"  	[MsgId: MMSG-26573]
Action.c(4): Error -35196: HTTP Status-Code=429 (Retry With) for "https://support.mozilla.org/kb/captive-portal"  	[MsgId: MERR-35196]
End auto log messages stack.	[MsgId: MMSG-10544]


End auto log messages stack.	[MsgId: MMSG-10544]


Start auto log messages stack - Iteration 1204.	[MsgId: MMSG-10545]
Starting action Action.	[MsgId: MMSG-15919]
Action.c(4): web_url("canonical.html") started  	[MsgId: MMSG-26355]
Action.c(4): Detected non-resource "https://support.mozilla.org/kb/captive-portal" in "http://detectportal.firefox.com/canonical.html"  	[MsgId: MMSG-26573]
Action.c(4): Error -35196: HTTP Status-Code=429 (Retry With) for "https://support.mozilla.org/kb/captive-portal"  	[MsgId: MERR-35196]
End auto log messages stack.	[MsgId: MMSG-10544]


Start auto log messages stack - Iteration 951.	[MsgId: MMSG-10545]
Starting action Action.	[MsgId: MMSG-15919]
Action.c(4): web_url("canonical.html") started  	[MsgId: MMSG-26355]
Action.c(4): Detected non-resource "https://support.mozilla.org/kb/captive-portal" in "http://detectportal.firefox.com/canonical.html"  	[MsgId: MMSG-26573]
Action.c(4): Error -35196: HTTP Status-Code=429 (Retry With) for "https://support.mozilla.org/kb/captive-portal"  	[MsgId: MERR-35196]
End auto log messages stack.	[MsgId: MMSG-10544]


Start auto log messages stack - Iteration 1219.	[MsgId: MMSG-10545]
Starting action Action.	[MsgId: MMSG-15919]
Action.c(4): web_url("canonical.html") started  	[MsgId: MMSG-26355]
Action.c(4): Detected non-resource "https://support.mozilla.org/kb/captive-portal" in "http://detectportal.firefox.com/canonical.html"  	[MsgId: MMSG-26573]
Action.c(4): Error -35196: HTTP Status-Code=429 (Retry With) for "https://support.mozilla.org/kb/captive-portal"  	[MsgId: MERR-35196]
End auto log messages stack.	[MsgId: MMSG-10544]


Start auto log messages stack - Iteration 1014.	[MsgId: MMSG-10545]
Starting action Action.	[MsgId: MMSG-15919]
Action.c(4): web_url("canonical.html") started  	[MsgId: MMSG-26355]
Action.c(4): Detected non-resource "https://support.mozilla.org/kb/captive-portal" in "http://detectportal.firefox.com/canonical.html"  	[MsgId: MMSG-26573]
Action.c(4): Error -35196: HTTP Status-Code=429 (Retry With) for "https://support.mozilla.org/kb/captive-portal"  	[MsgId: MERR-35196]
End auto log messages stack.	[MsgId: MMSG-10544]


Start auto log messages stack - Iteration 1061.	[MsgId: MMSG-10545]
Starting action Action.	[MsgId: MMSG-15919]
Action.c(4): web_url("canonical.html") started  	[MsgId: MMSG-26355]
Action.c(4): Detected non-resource "https://support.mozilla.org/kb/captive-portal" in "http://detectportal.firefox.com/canonical.html"  	[MsgId: MMSG-26573]
Action.c(4): Error -35196: HTTP Status-Code=429 (Retry With) for "https://support.mozilla.org/kb/captive-portal"  	[MsgId: MERR-35196]
Start auto log messages stack - Iteration 1114.	[MsgId: MMSG-10545]
Starting action Action.	[MsgId: MMSG-15919]
Action.c(4): web_url("canonical.html") started  	[MsgId: MMSG-26355]
Action.c(4): Detected non-resource "https://support.mozilla.org/kb/captive-portal" in "http://detectportal.firefox.com/canonical.html"  	[MsgId: MMSG-26573]
End auto log messages stack.	[MsgId: MMSG-10544]


Start auto log messages stack - Iteration 1209.	[MsgId: MMSG-10545]
Starting action Action.	[MsgId: MMSG-15919]
Action.c(4): web_url("canonical.html") started  	[MsgId: MMSG-26355]
Action.c(4): Detected non-resource "https://support.mozilla.org/kb/captive-portal" in "http://detectportal.firefox.com/canonical.html"  	[MsgId: MMSG-26573]
Action.c(4): Error -35196: HTTP Status-Code=429 (Retry With) for "https://support.mozilla.org/kb/captive-portal"  	[MsgId: MERR-35196]
End auto log messages stack.	[MsgId: MMSG-10544]


Start auto log messages stack - Iteration 1055.	[MsgId: MMSG-10545]
Starting action Action.	[MsgId: MMSG-15919]
Action.c(4): web_url("canonical.html") started  	[MsgId: MMSG-26355]
Action.c(4): Detected non-resource "https://support.mozilla.org/kb/captive-portal" in "http://detectportal.firefox.com/canonical.html"  	[MsgId: MMSG-26573]
Action.c(4): Error -35196: HTTP Status-Code=429 (Retry With) for "https://support.mozilla.org/kb/captive-portal"  	[MsgId: MERR-35196]
End auto log messages stack.	[MsgId: MMSG-10544]
Action.c(4): Error -35196: HTTP Status-Code=429 (Retry With) for "https://support.mozilla.org/kb/captive-portal"  	[MsgId: MERR-35196]


End auto log messages stack.	[MsgId: MMSG-10544]


Start auto log messages stack - Iteration 963.	[MsgId: MMSG-10545]
Starting action Action.	[MsgId: MMSG-15919]
Action.c(4): web_url("canonical.html") started  	[MsgId: MMSG-26355]
Action.c(4): Detected non-resource "https://support.mozilla.org/kb/captive-portal" in "http://detectportal.firefox.com/canonical.html"  	[MsgId: MMSG-26573]
Action.c(4): Error -35196: HTTP Status-Code=429 (Retry With) for "https://support.mozilla.org/kb/captive-portal"  	[MsgId: MERR-35196]
End auto log messages stack.	[MsgId: MMSG-10544]


Start auto log messages stack - Iteration 1205.	[MsgId: MMSG-10545]
Starting action Action.	[MsgId: MMSG-15919]
Action.c(4): web_url("canonical.html") started  	[MsgId: MMSG-26355]
Action.c(4): Detected non-resource "https://support.mozilla.org/kb/captive-portal" in "http://detectportal.firefox.com/canonical.html"  	[MsgId: MMSG-26573]
Action.c(4): Error -35196: HTTP Status-Code=429 (Retry With) for "https://support.mozilla.org/kb/captive-portal"  	[MsgId: MERR-35196]
End auto log messages stack.	[MsgId: MMSG-10544]


Start auto log messages stack - Iteration 952.	[MsgId: MMSG-10545]
Starting action Action.	[MsgId: MMSG-15919]
Action.c(4): web_url("canonical.html") started  	[MsgId: MMSG-26355]
Action.c(4): Detected non-resource "https://support.mozilla.org/kb/captive-portal" in "http://detectportal.firefox.com/canonical.html"  	[MsgId: MMSG-26573]
Action.c(4): Error -35196: HTTP Status-Code=429 (Retry With) for "https://support.mozilla.org/kb/captive-portal"  	[MsgId: MERR-35196]
End auto log messages stack.	[MsgId: MMSG-10544]


Start auto log messages stack - Iteration 1220.	[MsgId: MMSG-10545]
Starting action Action.	[MsgId: MMSG-15919]
Action.c(4): web_url("canonical.html") started  	[MsgId: MMSG-26355]
Action.c(4): Detected non-resource "https://support.mozilla.org/kb/captive-portal" in "http://detectportal.firefox.com/canonical.html"  	[MsgId: MMSG-26573]
Action.c(4): Error -35196: HTTP Status-Code=429 (Retry With) for "https://support.mozilla.org/kb/captive-portal"  	[MsgId: MERR-35196]
End auto log messages stack.	[MsgId: MMSG-10544]


Start auto log messages stack - Iteration 1015.	[MsgId: MMSG-10545]
Starting action Action.	[MsgId: MMSG-15919]
Action.c(4): web_url("canonical.html") started  	[MsgId: MMSG-26355]
Action.c(4): Detected non-resource "https://support.mozilla.org/kb/captive-portal" in "http://detectportal.firefox.com/canonical.html"  	[MsgId: MMSG-26573]
Action.c(4): Error -35196: HTTP Status-Code=429 (Retry With) for "https://support.mozilla.org/kb/captive-portal"  	[MsgId: MERR-35196]
End auto log messages stack.	[MsgId: MMSG-10544]


Start auto log messages stack - Iteration 1115.	[MsgId: MMSG-10545]
Starting action Action.	[MsgId: MMSG-15919]
Action.c(4): web_url("canonical.html") started  	[MsgId: MMSG-26355]
Action.c(4): Detected non-resource "https://support.mozilla.org/kb/captive-portal" in "http://detectportal.firefox.com/canonical.html"  	[MsgId: MMSG-26573]
Action.c(4): Error -35196: HTTP Status-Code=429 (Retry With) for "https://support.mozilla.org/kb/captive-portal"  	[MsgId: MERR-35196]
End auto log messages stack.	[MsgId: MMSG-10544]


Start auto log messages stack - Iteration 1210.	[MsgId: MMSG-10545]
Starting action Action.	[MsgId: MMSG-15919]
Action.c(4): web_url("canonical.html") started  	[MsgId: MMSG-26355]
Action.c(4): Detected non-resource "https://support.mozilla.org/kb/captive-portal" in "http://detectportal.firefox.com/canonical.html"  	[MsgId: MMSG-26573]
Action.c(4): Error -35196: HTTP Status-Code=429 (Retry With) for "https://support.mozilla.org/kb/captive-portal"  	[MsgId: MERR-35196]
End auto log messages stack.	[MsgId: MMSG-10544]
Start auto log messages stack - Iteration 1062.	[MsgId: MMSG-10545]
Starting action Action.	[MsgId: MMSG-15919]
Action.c(4): web_url("canonical.html") started  	[MsgId: MMSG-26355]
Action.c(4): Detected non-resource "https://support.mozilla.org/kb/captive-portal" in "http://detectportal.firefox.com/canonical.html"  	[MsgId: MMSG-26573]
Action.c(4): Error -35196: HTTP Status-Code=429 (Retry With) for "https://support.mozilla.org/kb/captive-portal"  	[MsgId: MERR-35196]
End auto log messages stack.	[MsgId: MMSG-10544]


Start auto log messages stack - Iteration 1056.	[MsgId: MMSG-10545]
Starting action Action.	[MsgId: MMSG-15919]
Action.c(4): web_url("canonical.html") started  	[MsgId: MMSG-26355]
Action.c(4): Detected non-resource "https://support.mozilla.org/kb/captive-portal" in "http://detectportal.firefox.com/canonical.html"  	[MsgId: MMSG-26573]
Action.c(4): Error -35196: HTTP Status-Code=429 (Retry With) for "https://support.mozilla.org/kb/captive-portal"  	[MsgId: MERR-35196]
End auto log messages stack.	[MsgId: MMSG-10544]


Start auto log messages stack - Iteration 964.	[MsgId: MMSG-10545]


Starting action Action.	[MsgId: MMSG-15919]
Action.c(4): web_url("canonical.html") started  	[MsgId: MMSG-26355]
Action.c(4): Detected non-resource "https://support.mozilla.org/kb/captive-portal" in "http://detectportal.firefox.com/canonical.html"  	[MsgId: MMSG-26573]
Action.c(4): Error -35196: HTTP Status-Code=429 (Retry With) for "https://support.mozilla.org/kb/captive-portal"  	[MsgId: MERR-35196]
End auto log messages stack.	[MsgId: MMSG-10544]


Start auto log messages stack - Iteration 1206.	[MsgId: MMSG-10545]
Starting action Action.	[MsgId: MMSG-15919]
Action.c(4): web_url("canonical.html") started  	[MsgId: MMSG-26355]
Action.c(4): Detected non-resource "https://support.mozilla.org/kb/captive-portal" in "http://detectportal.firefox.com/canonical.html"  	[MsgId: MMSG-26573]
Action.c(4): Error -35196: HTTP Status-Code=429 (Retry With) for "https://support.mozilla.org/kb/captive-portal"  	[MsgId: MERR-35196]
End auto log messages stack.	[MsgId: MMSG-10544]


Start auto log messages stack - Iteration 953.	[MsgId: MMSG-10545]
Starting action Action.	[MsgId: MMSG-15919]
Action.c(4): web_url("canonical.html") started  	[MsgId: MMSG-26355]
Action.c(4): Detected non-resource "https://support.mozilla.org/kb/captive-portal" in "http://detectportal.firefox.com/canonical.html"  	[MsgId: MMSG-26573]
Action.c(4): Error -35196: HTTP Status-Code=429 (Retry With) for "https://support.mozilla.org/kb/captive-portal"  	[MsgId: MERR-35196]
End auto log messages stack.	[MsgId: MMSG-10544]


Start auto log messages stack - Iteration 1221.	[MsgId: MMSG-10545]
Starting action Action.	[MsgId: MMSG-15919]
Action.c(4): web_url("canonical.html") started  	[MsgId: MMSG-26355]
Action.c(4): Detected non-resource "https://support.mozilla.org/kb/captive-portal" in "http://detectportal.firefox.com/canonical.html"  	[MsgId: MMSG-26573]
Action.c(4): Error -35196: HTTP Status-Code=429 (Retry With) for "https://support.mozilla.org/kb/captive-portal"  	[MsgId: MERR-35196]
End auto log messages stack.	[MsgId: MMSG-10544]


Start auto log messages stack - Iteration 1063.	[MsgId: MMSG-10545]
Starting action Action.	[MsgId: MMSG-15919]
Action.c(4): web_url("canonical.html") started  	[MsgId: MMSG-26355]
Action.c(4): Detected non-resource "https://support.mozilla.org/kb/captive-portal" in "http://detectportal.firefox.com/canonical.html"  	[MsgId: MMSG-26573]
Action.c(4): Error -35196: HTTP Status-Code=429 (Retry With) for "https://support.mozilla.org/kb/captive-portal"  	[MsgId: MERR-35196]
End auto log messages stack.	[MsgId: MMSG-10544]


Start auto log messages stack - Iteration 1057.	[MsgId: MMSG-10545]
Starting action Action.	[MsgId: MMSG-15919]
Action.c(4): web_url("canonical.html") started  	[MsgId: MMSG-26355]
Start auto log messages stack - Iteration 965.	[MsgId: MMSG-10545]
Action.c(4): Detected non-resource "https://support.mozilla.org/kb/captive-portal" in "http://detectportal.firefox.com/canonical.html"  	[MsgId: MMSG-26573]
Action.c(4): Error -35196: HTTP Status-Code=429 (Retry With) for "https://support.mozilla.org/kb/captive-portal"  	[MsgId: MERR-35196]
Starting action Action.	[MsgId: MMSG-15919]
Action.c(4): web_url("canonical.html") started  	[MsgId: MMSG-26355]
Action.c(4): Detected non-resource "https://support.mozilla.org/kb/captive-portal" in "http://detectportal.firefox.com/canonical.html"  	[MsgId: MMSG-26573]
Action.c(4): Error -35196: HTTP Status-Code=429 (Retry With) for "https://support.mozilla.org/kb/captive-portal"  	[MsgId: MERR-35196]
End auto log messages stack.	[MsgId: MMSG-10544]


End auto log messages stack.	[MsgId: MMSG-10544]


Start auto log messages stack - Iteration 1211.	[MsgId: MMSG-10545]
Starting action Action.	[MsgId: MMSG-15919]
Start auto log messages stack - Iteration 1016.	[MsgId: MMSG-10545]
Action.c(4): web_url("canonical.html") started  	[MsgId: MMSG-26355]
Action.c(4): Detected non-resource "https://support.mozilla.org/kb/captive-portal" in "http://detectportal.firefox.com/canonical.html"  	[MsgId: MMSG-26573]
Starting action Action.	[MsgId: MMSG-15919]
Action.c(4): Error -35196: HTTP Status-Code=429 (Retry With) for "https://support.mozilla.org/kb/captive-portal"  	[MsgId: MERR-35196]
Action.c(4): web_url("canonical.html") started  	[MsgId: MMSG-26355]
Action.c(4): Detected non-resource "https://support.mozilla.org/kb/captive-portal" in "http://detectportal.firefox.com/canonical.html"  	[MsgId: MMSG-26573]
Action.c(4): Error -35196: HTTP Status-Code=429 (Retry With) for "https://support.mozilla.org/kb/captive-portal"  	[MsgId: MERR-35196]
End auto log messages stack.	[MsgId: MMSG-10544]


End auto log messages stack.	[MsgId: MMSG-10544]


Start auto log messages stack - Iteration 1116.	[MsgId: MMSG-10545]
Starting action Action.	[MsgId: MMSG-15919]
Action.c(4): web_url("canonical.html") started  	[MsgId: MMSG-26355]
Action.c(4): Detected non-resource "https://support.mozilla.org/kb/captive-portal" in "http://detectportal.firefox.com/canonical.html"  	[MsgId: MMSG-26573]
Action.c(4): Error -35196: HTTP Status-Code=429 (Retry With) for "https://support.mozilla.org/kb/captive-portal"  	[MsgId: MERR-35196]
End auto log messages stack.	[MsgId: MMSG-10544]


Start auto log messages stack - Iteration 954.	[MsgId: MMSG-10545]
Starting action Action.	[MsgId: MMSG-15919]
Action.c(4): web_url("canonical.html") started  	[MsgId: MMSG-26355]
Action.c(4): Detected non-resource "https://support.mozilla.org/kb/captive-portal" in "http://detectportal.firefox.com/canonical.html"  	[MsgId: MMSG-26573]
Action.c(4): Error -35196: HTTP Status-Code=429 (Retry With) for "https://support.mozilla.org/kb/captive-portal"  	[MsgId: MERR-35196]
End auto log messages stack.	[MsgId: MMSG-10544]


Start auto log messages stack - Iteration 1207.	[MsgId: MMSG-10545]
Starting action Action.	[MsgId: MMSG-15919]
Action.c(4): web_url("canonical.html") started  	[MsgId: MMSG-26355]
Action.c(4): Detected non-resource "https://support.mozilla.org/kb/captive-portal" in "http://detectportal.firefox.com/canonical.html"  	[MsgId: MMSG-26573]
Action.c(4): Error -35196: HTTP Status-Code=429 (Retry With) for "https://support.mozilla.org/kb/captive-portal"  	[MsgId: MERR-35196]
End auto log messages stack.	[MsgId: MMSG-10544]


Start auto log messages stack - Iteration 1222.	[MsgId: MMSG-10545]
Starting action Action.	[MsgId: MMSG-15919]
Action.c(4): web_url("canonical.html") started  	[MsgId: MMSG-26355]
Action.c(4): Detected non-resource "https://support.mozilla.org/kb/captive-portal" in "http://detectportal.firefox.com/canonical.html"  	[MsgId: MMSG-26573]
Action.c(4): Error -35196: HTTP Status-Code=429 (Retry With) for "https://support.mozilla.org/kb/captive-portal"  	[MsgId: MERR-35196]
End auto log messages stack.	[MsgId: MMSG-10544]


Start auto log messages stack - Iteration 966.	[MsgId: MMSG-10545]
Starting action Action.	[MsgId: MMSG-15919]
Action.c(4): web_url("canonical.html") started  	[MsgId: MMSG-26355]
Action.c(4): Detected non-resource "https://support.mozilla.org/kb/captive-portal" in "http://detectportal.firefox.com/canonical.html"  	[MsgId: MMSG-26573]
Action.c(4): Error -35196: HTTP Status-Code=429 (Retry With) for "https://support.mozilla.org/kb/captive-portal"  	[MsgId: MERR-35196]
End auto log messages stack.	[MsgId: MMSG-10544]


Start auto log messages stack - Iteration 1058.	[MsgId: MMSG-10545]
Starting action Action.	[MsgId: MMSG-15919]
Action.c(4): web_url("canonical.html") started  	[MsgId: MMSG-26355]
Action.c(4): Detected non-resource "https://support.mozilla.org/kb/captive-portal" in "http://detectportal.firefox.com/canonical.html"  	[MsgId: MMSG-26573]
Action.c(4): Error -35196: HTTP Status-Code=429 (Retry With) for "https://support.mozilla.org/kb/captive-portal"  	[MsgId: MERR-35196]
End auto log messages stack.	[MsgId: MMSG-10544]


Start auto log messages stack - Iteration 1064.	[MsgId: MMSG-10545]
Starting action Action.	[MsgId: MMSG-15919]
Action.c(4): web_url("canonical.html") started  	[MsgId: MMSG-26355]
Action.c(4): Detected non-resource "https://support.mozilla.org/kb/captive-portal" in "http://detectportal.firefox.com/canonical.html"  	[MsgId: MMSG-26573]
Action.c(4): Error -35196: HTTP Status-Code=429 (Retry With) for "https://support.mozilla.org/kb/captive-portal"  	[MsgId: MERR-35196]
End auto log messages stack.	[MsgId: MMSG-10544]


Start auto log messages stack - Iteration 1212.	[MsgId: MMSG-10545]
Starting action Action.	[MsgId: MMSG-15919]
Action.c(4): web_url("canonical.html") started  	[MsgId: MMSG-26355]
Action.c(4): Detected non-resource "https://support.mozilla.org/kb/captive-portal" in "http://detectportal.firefox.com/canonical.html"  	[MsgId: MMSG-26573]
Action.c(4): Error -35196: HTTP Status-Code=429 (Retry With) for "https://support.mozilla.org/kb/captive-portal"  	[MsgId: MERR-35196]
Start auto log messages stack - Iteration 1017.	[MsgId: MMSG-10545]
End auto log messages stack.	[MsgId: MMSG-10544]
Starting action Action.	[MsgId: MMSG-15919]


Action.c(4): web_url("canonical.html") started  	[MsgId: MMSG-26355]
Action.c(4): Detected non-resource "https://support.mozilla.org/kb/captive-portal" in "http://detectportal.firefox.com/canonical.html"  	[MsgId: MMSG-26573]
Action.c(4): Error -35196: HTTP Status-Code=429 (Retry With) for "https://support.mozilla.org/kb/captive-portal"  	[MsgId: MERR-35196]
Start auto log messages stack - Iteration 1117.	[MsgId: MMSG-10545]
Starting action Action.	[MsgId: MMSG-15919]
Action.c(4): web_url("canonical.html") started  	[MsgId: MMSG-26355]
Action.c(4): Detected non-resource "https://support.mozilla.org/kb/captive-portal" in "http://detectportal.firefox.com/canonical.html"  	[MsgId: MMSG-26573]
Action.c(4): Error -35196: HTTP Status-Code=429 (Retry With) for "https://support.mozilla.org/kb/captive-portal"  	[MsgId: MERR-35196]
End auto log messages stack.	[MsgId: MMSG-10544]


End auto log messages stack.	[MsgId: MMSG-10544]


Start auto log messages stack - Iteration 1208.	[MsgId: MMSG-10545]
Starting action Action.	[MsgId: MMSG-15919]
Action.c(4): web_url("canonical.html") started  	[MsgId: MMSG-26355]
Action.c(4): Detected non-resource "https://support.mozilla.org/kb/captive-portal" in "http://detectportal.firefox.com/canonical.html"  	[MsgId: MMSG-26573]
Action.c(4): Error -35196: HTTP Status-Code=429 (Retry With) for "https://support.mozilla.org/kb/captive-portal"  	[MsgId: MERR-35196]
End auto log messages stack.	[MsgId: MMSG-10544]


Start auto log messages stack - Iteration 1223.	[MsgId: MMSG-10545]
Starting action Action.	[MsgId: MMSG-15919]
Action.c(4): web_url("canonical.html") started  	[MsgId: MMSG-26355]
Action.c(4): Detected non-resource "https://support.mozilla.org/kb/captive-portal" in "http://detectportal.firefox.com/canonical.html"  	[MsgId: MMSG-26573]
Action.c(4): Error -35196: HTTP Status-Code=429 (Retry With) for "https://support.mozilla.org/kb/captive-portal"  	[MsgId: MERR-35196]
End auto log messages stack.	[MsgId: MMSG-10544]


Start auto log messages stack - Iteration 955.	[MsgId: MMSG-10545]
Starting action Action.	[MsgId: MMSG-15919]
Action.c(4): web_url("canonical.html") started  	[MsgId: MMSG-26355]
Action.c(4): Detected non-resource "https://support.mozilla.org/kb/captive-portal" in "http://detectportal.firefox.com/canonical.html"  	[MsgId: MMSG-26573]
Action.c(4): Error -35196: HTTP Status-Code=429 (Retry With) for "https://support.mozilla.org/kb/captive-portal"  	[MsgId: MERR-35196]
End auto log messages stack.	[MsgId: MMSG-10544]


Start auto log messages stack - Iteration 967.	[MsgId: MMSG-10545]
Starting action Action.	[MsgId: MMSG-15919]
Action.c(4): web_url("canonical.html") started  	[MsgId: MMSG-26355]
Action.c(4): Detected non-resource "https://support.mozilla.org/kb/captive-portal" in "http://detectportal.firefox.com/canonical.html"  	[MsgId: MMSG-26573]
Action.c(4): Error -35196: HTTP Status-Code=429 (Retry With) for "https://support.mozilla.org/kb/captive-portal"  	[MsgId: MERR-35196]
End auto log messages stack.	[MsgId: MMSG-10544]


Start auto log messages stack - Iteration 1059.	[MsgId: MMSG-10545]
Starting action Action.	[MsgId: MMSG-15919]
Action.c(4): web_url("canonical.html") started  	[MsgId: MMSG-26355]
Action.c(4): Detected non-resource "https://support.mozilla.org/kb/captive-portal" in "http://detectportal.firefox.com/canonical.html"  	[MsgId: MMSG-26573]
Action.c(4): Error -35196: HTTP Status-Code=429 (Retry With) for "https://support.mozilla.org/kb/captive-portal"  	[MsgId: MERR-35196]
End auto log messages stack.	[MsgId: MMSG-10544]


Start auto log messages stack - Iteration 1065.	[MsgId: MMSG-10545]
Starting action Action.	[MsgId: MMSG-15919]
Start auto log messages stack - Iteration 1224.	[MsgId: MMSG-10545]
Starting action Action.	[MsgId: MMSG-15919]
Action.c(4): web_url("canonical.html") started  	[MsgId: MMSG-26355]
Action.c(4): Detected non-resource "https://support.mozilla.org/kb/captive-portal" in "http://detectportal.firefox.com/canonical.html"  	[MsgId: MMSG-26573]
Action.c(4): Error -35196: HTTP Status-Code=429 (Retry With) for "https://support.mozilla.org/kb/captive-portal"  	[MsgId: MERR-35196]
End auto log messages stack.	[MsgId: MMSG-10544]


Action.c(4): web_url("canonical.html") started  	[MsgId: MMSG-26355]
Action.c(4): Detected non-resource "https://support.mozilla.org/kb/captive-portal" in "http://detectportal.firefox.com/canonical.html"  	[MsgId: MMSG-26573]
Action.c(4): Error -35196: HTTP Status-Code=429 (Retry With) for "https://support.mozilla.org/kb/captive-portal"  	[MsgId: MERR-35196]
End auto log messages stack.	[MsgId: MMSG-10544]


Start auto log messages stack - Iteration 1118.	[MsgId: MMSG-10545]
Starting action Action.	[MsgId: MMSG-15919]
Action.c(4): web_url("canonical.html") started  	[MsgId: MMSG-26355]
Action.c(4): Detected non-resource "https://support.mozilla.org/kb/captive-portal" in "http://detectportal.firefox.com/canonical.html"  	[MsgId: MMSG-26573]
Action.c(4): Error -35196: HTTP Status-Code=429 (Retry With) for "https://support.mozilla.org/kb/captive-portal"  	[MsgId: MERR-35196]
Start auto log messages stack - Iteration 1213.	[MsgId: MMSG-10545]
Starting action Action.	[MsgId: MMSG-15919]
Action.c(4): web_url("canonical.html") started  	[MsgId: MMSG-26355]
End auto log messages stack.	[MsgId: MMSG-10544]
Action.c(4): Detected non-resource "https://support.mozilla.org/kb/captive-portal" in "http://detectportal.firefox.com/canonical.html"  	[MsgId: MMSG-26573]


Action.c(4): Error -35196: HTTP Status-Code=429 (Retry With) for "https://support.mozilla.org/kb/captive-portal"  	[MsgId: MERR-35196]
End auto log messages stack.	[MsgId: MMSG-10544]


Start auto log messages stack - Iteration 1018.	[MsgId: MMSG-10545]
Starting action Action.	[MsgId: MMSG-15919]
Action.c(4): web_url("canonical.html") started  	[MsgId: MMSG-26355]
Action.c(4): Detected non-resource "https://support.mozilla.org/kb/captive-portal" in "http://detectportal.firefox.com/canonical.html"  	[MsgId: MMSG-26573]
Action.c(4): Error -35196: HTTP Status-Code=429 (Retry With) for "https://support.mozilla.org/kb/captive-portal"  	[MsgId: MERR-35196]
Start auto log messages stack - Iteration 1209.	[MsgId: MMSG-10545]
Starting action Action.	[MsgId: MMSG-15919]
Action.c(4): web_url("canonical.html") started  	[MsgId: MMSG-26355]
End auto log messages stack.	[MsgId: MMSG-10544]
Action.c(4): Detected non-resource "https://support.mozilla.org/kb/captive-portal" in "http://detectportal.firefox.com/canonical.html"  	[MsgId: MMSG-26573]


Action.c(4): Error -35196: HTTP Status-Code=429 (Retry With) for "https://support.mozilla.org/kb/captive-portal"  	[MsgId: MERR-35196]
End auto log messages stack.	[MsgId: MMSG-10544]


Start auto log messages stack - Iteration 956.	[MsgId: MMSG-10545]
Starting action Action.	[MsgId: MMSG-15919]
Action.c(4): web_url("canonical.html") started  	[MsgId: MMSG-26355]
Action.c(4): Detected non-resource "https://support.mozilla.org/kb/captive-portal" in "http://detectportal.firefox.com/canonical.html"  	[MsgId: MMSG-26573]
Action.c(4): Error -35196: HTTP Status-Code=429 (Retry With) for "https://support.mozilla.org/kb/captive-portal"  	[MsgId: MERR-35196]
End auto log messages stack.	[MsgId: MMSG-10544]


Start auto log messages stack - Iteration 968.	[MsgId: MMSG-10545]
Starting action Action.	[MsgId: MMSG-15919]
Action.c(4): web_url("canonical.html") started  	[MsgId: MMSG-26355]
Action.c(4): Detected non-resource "https://support.mozilla.org/kb/captive-portal" in "http://detectportal.firefox.com/canonical.html"  	[MsgId: MMSG-26573]
Action.c(4): Error -35196: HTTP Status-Code=429 (Retry With) for "https://support.mozilla.org/kb/captive-portal"  	[MsgId: MERR-35196]
End auto log messages stack.	[MsgId: MMSG-10544]


Start auto log messages stack - Iteration 1066.	[MsgId: MMSG-10545]
Starting action Action.	[MsgId: MMSG-15919]
Action.c(4): web_url("canonical.html") started  	[MsgId: MMSG-26355]
Action.c(4): Detected non-resource "https://support.mozilla.org/kb/captive-portal" in "http://detectportal.firefox.com/canonical.html"  	[MsgId: MMSG-26573]
Action.c(4): Error -35196: HTTP Status-Code=429 (Retry With) for "https://support.mozilla.org/kb/captive-portal"  	[MsgId: MERR-35196]
Start auto log messages stack - Iteration 1060.	[MsgId: MMSG-10545]
Starting action Action.	[MsgId: MMSG-15919]
Action.c(4): web_url("canonical.html") started  	[MsgId: MMSG-26355]
Action.c(4): Detected non-resource "https://support.mozilla.org/kb/captive-portal" in "http://detectportal.firefox.com/canonical.html"  	[MsgId: MMSG-26573]
Action.c(4): Error -35196: HTTP Status-Code=429 (Retry With) for "https://support.mozilla.org/kb/captive-portal"  	[MsgId: MERR-35196]
End auto log messages stack.	[MsgId: MMSG-10544]


End auto log messages stack.	[MsgId: MMSG-10544]


Start auto log messages stack - Iteration 957.	[MsgId: MMSG-10545]
Starting action Action.	[MsgId: MMSG-15919]
Action.c(4): web_url("canonical.html") started  	[MsgId: MMSG-26355]
Action.c(4): Detected non-resource "https://support.mozilla.org/kb/captive-portal" in "http://detectportal.firefox.com/canonical.html"  	[MsgId: MMSG-26573]
Action.c(4): Error -35196: HTTP Status-Code=429 (Retry With) for "https://support.mozilla.org/kb/captive-portal"  	[MsgId: MERR-35196]
End auto log messages stack.	[MsgId: MMSG-10544]


Start auto log messages stack - Iteration 1225.	[MsgId: MMSG-10545]
Starting action Action.	[MsgId: MMSG-15919]
Action.c(4): web_url("canonical.html") started  	[MsgId: MMSG-26355]
Action.c(4): Detected non-resource "https://support.mozilla.org/kb/captive-portal" in "http://detectportal.firefox.com/canonical.html"  	[MsgId: MMSG-26573]
Action.c(4): Error -35196: HTTP Status-Code=429 (Retry With) for "https://support.mozilla.org/kb/captive-portal"  	[MsgId: MERR-35196]
End auto log messages stack.	[MsgId: MMSG-10544]


Start auto log messages stack - Iteration 1119.	[MsgId: MMSG-10545]
Starting action Action.	[MsgId: MMSG-15919]
Action.c(4): web_url("canonical.html") started  	[MsgId: MMSG-26355]
Action.c(4): Detected non-resource "https://support.mozilla.org/kb/captive-portal" in "http://detectportal.firefox.com/canonical.html"  	[MsgId: MMSG-26573]
Action.c(4): Error -35196: HTTP Status-Code=429 (Retry With) for "https://support.mozilla.org/kb/captive-portal"  	[MsgId: MERR-35196]
End auto log messages stack.	[MsgId: MMSG-10544]


Start auto log messages stack - Iteration 969.	[MsgId: MMSG-10545]
Starting action Action.	[MsgId: MMSG-15919]
Action.c(4): web_url("canonical.html") started  	[MsgId: MMSG-26355]
Action.c(4): Detected non-resource "https://support.mozilla.org/kb/captive-portal" in "http://detectportal.firefox.com/canonical.html"  	[MsgId: MMSG-26573]
Action.c(4): Error -35196: HTTP Status-Code=429 (Retry With) for "https://support.mozilla.org/kb/captive-portal"  	[MsgId: MERR-35196]
Start auto log messages stack - Iteration 1214.	[MsgId: MMSG-10545]
Starting action Action.	[MsgId: MMSG-15919]
Action.c(4): web_url("canonical.html") started  	[MsgId: MMSG-26355]
End auto log messages stack.	[MsgId: MMSG-10544]
Action.c(4): Detected non-resource "https://support.mozilla.org/kb/captive-portal" in "http://detectportal.firefox.com/canonical.html"  	[MsgId: MMSG-26573]


Action.c(4): Error -35196: HTTP Status-Code=429 (Retry With) for "https://support.mozilla.org/kb/captive-portal"  	[MsgId: MERR-35196]
Start auto log messages stack - Iteration 1210.	[MsgId: MMSG-10545]
Starting action Action.	[MsgId: MMSG-15919]
Action.c(4): web_url("canonical.html") started  	[MsgId: MMSG-26355]
Action.c(4): Detected non-resource "https://support.mozilla.org/kb/captive-portal" in "http://detectportal.firefox.com/canonical.html"  	[MsgId: MMSG-26573]
Action.c(4): Error -35196: HTTP Status-Code=429 (Retry With) for "https://support.mozilla.org/kb/captive-portal"  	[MsgId: MERR-35196]
End auto log messages stack.	[MsgId: MMSG-10544]


Start auto log messages stack - Iteration 1019.	[MsgId: MMSG-10545]
Starting action Action.	[MsgId: MMSG-15919]
Action.c(4): web_url("canonical.html") started  	[MsgId: MMSG-26355]
Action.c(4): Detected non-resource "https://support.mozilla.org/kb/captive-portal" in "http://detectportal.firefox.com/canonical.html"  	[MsgId: MMSG-26573]
Action.c(4): Error -35196: HTTP Status-Code=429 (Retry With) for "https://support.mozilla.org/kb/captive-portal"  	[MsgId: MERR-35196]
End auto log messages stack.	[MsgId: MMSG-10544]


End auto log messages stack.	[MsgId: MMSG-10544]


Start auto log messages stack - Iteration 958.	[MsgId: MMSG-10545]
Starting action Action.	[MsgId: MMSG-15919]
Action.c(4): web_url("canonical.html") started  	[MsgId: MMSG-26355]
Action.c(4): Detected non-resource "https://support.mozilla.org/kb/captive-portal" in "http://detectportal.firefox.com/canonical.html"  	[MsgId: MMSG-26573]
Action.c(4): Error -35196: HTTP Status-Code=429 (Retry With) for "https://support.mozilla.org/kb/captive-portal"  	[MsgId: MERR-35196]
End auto log messages stack.	[MsgId: MMSG-10544]


Start auto log messages stack - Iteration 1120.	[MsgId: MMSG-10545]
Starting action Action.	[MsgId: MMSG-15919]
Action.c(4): web_url("canonical.html") started  	[MsgId: MMSG-26355]
Action.c(4): Detected non-resource "https://support.mozilla.org/kb/captive-portal" in "http://detectportal.firefox.com/canonical.html"  	[MsgId: MMSG-26573]
Action.c(4): Error -35196: HTTP Status-Code=429 (Retry With) for "https://support.mozilla.org/kb/captive-portal"  	[MsgId: MERR-35196]
End auto log messages stack.	[MsgId: MMSG-10544]


Start auto log messages stack - Iteration 1067.	[MsgId: MMSG-10545]
Starting action Action.	[MsgId: MMSG-15919]
Action.c(4): web_url("canonical.html") started  	[MsgId: MMSG-26355]
Action.c(4): Detected non-resource "https://support.mozilla.org/kb/captive-portal" in "http://detectportal.firefox.com/canonical.html"  	[MsgId: MMSG-26573]
Action.c(4): Error -35196: HTTP Status-Code=429 (Retry With) for "https://support.mozilla.org/kb/captive-portal"  	[MsgId: MERR-35196]
End auto log messages stack.	[MsgId: MMSG-10544]


Start auto log messages stack - Iteration 1226.	[MsgId: MMSG-10545]
Starting action Action.	[MsgId: MMSG-15919]
Action.c(4): web_url("canonical.html") started  	[MsgId: MMSG-26355]
Action.c(4): Detected non-resource "https://support.mozilla.org/kb/captive-portal" in "http://detectportal.firefox.com/canonical.html"  	[MsgId: MMSG-26573]
Action.c(4): Error -35196: HTTP Status-Code=429 (Retry With) for "https://support.mozilla.org/kb/captive-portal"  	[MsgId: MERR-35196]
Start auto log messages stack - Iteration 1020.	[MsgId: MMSG-10545]
End auto log messages stack.	[MsgId: MMSG-10544]
Starting action Action.	[MsgId: MMSG-15919]


Action.c(4): web_url("canonical.html") started  	[MsgId: MMSG-26355]
Action.c(4): Detected non-resource "https://support.mozilla.org/kb/captive-portal" in "http://detectportal.firefox.com/canonical.html"  	[MsgId: MMSG-26573]
Action.c(4): Error -35196: HTTP Status-Code=429 (Retry With) for "https://support.mozilla.org/kb/captive-portal"  	[MsgId: MERR-35196]
End auto log messages stack.	[MsgId: MMSG-10544]


Start auto log messages stack - Iteration 970.	[MsgId: MMSG-10545]
Starting action Action.	[MsgId: MMSG-15919]
Action.c(4): web_url("canonical.html") started  	[MsgId: MMSG-26355]
Action.c(4): Detected non-resource "https://support.mozilla.org/kb/captive-portal" in "http://detectportal.firefox.com/canonical.html"  	[MsgId: MMSG-26573]
Action.c(4): Error -35196: HTTP Status-Code=429 (Retry With) for "https://support.mozilla.org/kb/captive-portal"  	[MsgId: MERR-35196]
End auto log messages stack.	[MsgId: MMSG-10544]


Start auto log messages stack - Iteration 959.	[MsgId: MMSG-10545]
Starting action Action.	[MsgId: MMSG-15919]
Action.c(4): web_url("canonical.html") started  	[MsgId: MMSG-26355]
Action.c(4): Detected non-resource "https://support.mozilla.org/kb/captive-portal" in "http://detectportal.firefox.com/canonical.html"  	[MsgId: MMSG-26573]
Action.c(4): Error -35196: HTTP Status-Code=429 (Retry With) for "https://support.mozilla.org/kb/captive-portal"  	[MsgId: MERR-35196]
End auto log messages stack.	[MsgId: MMSG-10544]


Start auto log messages stack - Iteration 1121.	[MsgId: MMSG-10545]
Starting action Action.	[MsgId: MMSG-15919]
Action.c(4): web_url("canonical.html") started  	[MsgId: MMSG-26355]
Action.c(4): Detected non-resource "https://support.mozilla.org/kb/captive-portal" in "http://detectportal.firefox.com/canonical.html"  	[MsgId: MMSG-26573]
Action.c(4): Error -35196: HTTP Status-Code=429 (Retry With) for "https://support.mozilla.org/kb/captive-portal"  	[MsgId: MERR-35196]
End auto log messages stack.	[MsgId: MMSG-10544]


Start auto log messages stack - Iteration 971.	[MsgId: MMSG-10545]
Starting action Action.	[MsgId: MMSG-15919]
Action.c(4): web_url("canonical.html") started  	[MsgId: MMSG-26355]
Action.c(4): Detected non-resource "https://support.mozilla.org/kb/captive-portal" in "http://detectportal.firefox.com/canonical.html"  	[MsgId: MMSG-26573]
Action.c(4): Error -35196: HTTP Status-Code=429 (Retry With) for "https://support.mozilla.org/kb/captive-portal"  	[MsgId: MERR-35196]
End auto log messages stack.	[MsgId: MMSG-10544]


Start auto log messages stack - Iteration 1021.	[MsgId: MMSG-10545]
Starting action Action.	[MsgId: MMSG-15919]
Action.c(4): web_url("canonical.html") started  	[MsgId: MMSG-26355]
Action.c(4): Detected non-resource "https://support.mozilla.org/kb/captive-portal" in "http://detectportal.firefox.com/canonical.html"  	[MsgId: MMSG-26573]
Action.c(4): Error -35196: HTTP Status-Code=429 (Retry With) for "https://support.mozilla.org/kb/captive-portal"  	[MsgId: MERR-35196]
End auto log messages stack.	[MsgId: MMSG-10544]


Start auto log messages stack - Iteration 1068.	[MsgId: MMSG-10545]
Starting action Action.	[MsgId: MMSG-15919]
Action.c(4): web_url("canonical.html") started  	[MsgId: MMSG-26355]
Action.c(4): Detected non-resource "https://support.mozilla.org/kb/captive-portal" in "http://detectportal.firefox.com/canonical.html"  	[MsgId: MMSG-26573]
Action.c(4): Error -35196: HTTP Status-Code=429 (Retry With) for "https://support.mozilla.org/kb/captive-portal"  	[MsgId: MERR-35196]
End auto log messages stack.	[MsgId: MMSG-10544]


Start auto log messages stack - Iteration 960.	[MsgId: MMSG-10545]
Starting action Action.	[MsgId: MMSG-15919]
Action.c(4): web_url("canonical.html") started  	[MsgId: MMSG-26355]
Action.c(4): Detected non-resource "https://support.mozilla.org/kb/captive-portal" in "http://detectportal.firefox.com/canonical.html"  	[MsgId: MMSG-26573]
Action.c(4): Error -35196: HTTP Status-Code=429 (Retry With) for "https://support.mozilla.org/kb/captive-portal"  	[MsgId: MERR-35196]
End auto log messages stack.	[MsgId: MMSG-10544]


Start auto log messages stack - Iteration 1122.	[MsgId: MMSG-10545]
Starting action Action.	[MsgId: MMSG-15919]
Action.c(4): web_url("canonical.html") started  	[MsgId: MMSG-26355]
Action.c(4): Detected non-resource "https://support.mozilla.org/kb/captive-portal" in "http://detectportal.firefox.com/canonical.html"  	[MsgId: MMSG-26573]
Action.c(4): Error -35196: HTTP Status-Code=429 (Retry With) for "https://support.mozilla.org/kb/captive-portal"  	[MsgId: MERR-35196]
End auto log messages stack.	[MsgId: MMSG-10544]


Start auto log messages stack - Iteration 1022.	[MsgId: MMSG-10545]
Starting action Action.	[MsgId: MMSG-15919]
Action.c(4): web_url("canonical.html") started  	[MsgId: MMSG-26355]
Action.c(4): Detected non-resource "https://support.mozilla.org/kb/captive-portal" in "http://detectportal.firefox.com/canonical.html"  	[MsgId: MMSG-26573]
Action.c(4): Error -35196: HTTP Status-Code=429 (Retry With) for "https://support.mozilla.org/kb/captive-portal"  	[MsgId: MERR-35196]
End auto log messages stack.	[MsgId: MMSG-10544]


Start auto log messages stack - Iteration 961.	[MsgId: MMSG-10545]
Starting action Action.	[MsgId: MMSG-15919]
Action.c(4): web_url("canonical.html") started  	[MsgId: MMSG-26355]
Action.c(4): Detected non-resource "https://support.mozilla.org/kb/captive-portal" in "http://detectportal.firefox.com/canonical.html"  	[MsgId: MMSG-26573]
Action.c(4): Error -35196: HTTP Status-Code=429 (Retry With) for "https://support.mozilla.org/kb/captive-portal"  	[MsgId: MERR-35196]
End auto log messages stack.	[MsgId: MMSG-10544]


Start auto log messages stack - Iteration 1123.	[MsgId: MMSG-10545]
Starting action Action.	[MsgId: MMSG-15919]
Action.c(4): web_url("canonical.html") started  	[MsgId: MMSG-26355]
Action.c(4): Detected non-resource "https://support.mozilla.org/kb/captive-portal" in "http://detectportal.firefox.com/canonical.html"  	[MsgId: MMSG-26573]
Action.c(4): Error -35196: HTTP Status-Code=429 (Retry With) for "https://support.mozilla.org/kb/captive-portal"  	[MsgId: MERR-35196]
End auto log messages stack.	[MsgId: MMSG-10544]


Start auto log messages stack - Iteration 1069.	[MsgId: MMSG-10545]
Starting action Action.	[MsgId: MMSG-15919]
Action.c(4): web_url("canonical.html") started  	[MsgId: MMSG-26355]
Action.c(4): Detected non-resource "https://support.mozilla.org/kb/captive-portal" in "http://detectportal.firefox.com/canonical.html"  	[MsgId: MMSG-26573]
Action.c(4): Error -35196: HTTP Status-Code=429 (Retry With) for "https://support.mozilla.org/kb/captive-portal"  	[MsgId: MERR-35196]
End auto log messages stack.	[MsgId: MMSG-10544]


Start auto log messages stack - Iteration 1061.	[MsgId: MMSG-10545]
Starting action Action.	[MsgId: MMSG-15919]
Action.c(4): web_url("canonical.html") started  	[MsgId: MMSG-26355]
Action.c(4): Detected non-resource "https://support.mozilla.org/kb/captive-portal" in "http://detectportal.firefox.com/canonical.html"  	[MsgId: MMSG-26573]
Action.c(4): Error -35196: HTTP Status-Code=429 (Retry With) for "https://support.mozilla.org/kb/captive-portal"  	[MsgId: MERR-35196]
End auto log messages stack.	[MsgId: MMSG-10544]


Start auto log messages stack - Iteration 1023.	[MsgId: MMSG-10545]
Starting action Action.	[MsgId: MMSG-15919]
Action.c(4): web_url("canonical.html") started  	[MsgId: MMSG-26355]
Action.c(4): Detected non-resource "https://support.mozilla.org/kb/captive-portal" in "http://detectportal.firefox.com/canonical.html"  	[MsgId: MMSG-26573]
Action.c(4): Error -35196: HTTP Status-Code=429 (Retry With) for "https://support.mozilla.org/kb/captive-portal"  	[MsgId: MERR-35196]
End auto log messages stack.	[MsgId: MMSG-10544]


Start auto log messages stack - Iteration 1070.	[MsgId: MMSG-10545]
Starting action Action.	[MsgId: MMSG-15919]
Action.c(4): web_url("canonical.html") started  	[MsgId: MMSG-26355]
Action.c(4): Detected non-resource "https://support.mozilla.org/kb/captive-portal" in "http://detectportal.firefox.com/canonical.html"  	[MsgId: MMSG-26573]
Action.c(4): Error -35196: HTTP Status-Code=429 (Retry With) for "https://support.mozilla.org/kb/captive-portal"  	[MsgId: MERR-35196]
End auto log messages stack.	[MsgId: MMSG-10544]


Start auto log messages stack - Iteration 962.	[MsgId: MMSG-10545]
Starting action Action.	[MsgId: MMSG-15919]
Action.c(4): web_url("canonical.html") started  	[MsgId: MMSG-26355]
Action.c(4): Detected non-resource "https://support.mozilla.org/kb/captive-portal" in "http://detectportal.firefox.com/canonical.html"  	[MsgId: MMSG-26573]
Action.c(4): Error -35196: HTTP Status-Code=429 (Retry With) for "https://support.mozilla.org/kb/captive-portal"  	[MsgId: MERR-35196]
End auto log messages stack.	[MsgId: MMSG-10544]


Start auto log messages stack - Iteration 1124.	[MsgId: MMSG-10545]
Starting action Action.	[MsgId: MMSG-15919]
Action.c(4): web_url("canonical.html") started  	[MsgId: MMSG-26355]
Action.c(4): Detected non-resource "https://support.mozilla.org/kb/captive-portal" in "http://detectportal.firefox.com/canonical.html"  	[MsgId: MMSG-26573]
Action.c(4): Error -35196: HTTP Status-Code=429 (Retry With) for "https://support.mozilla.org/kb/captive-portal"  	[MsgId: MERR-35196]
Start auto log messages stack - Iteration 1062.	[MsgId: MMSG-10545]
Starting action Action.	[MsgId: MMSG-15919]
Action.c(4): web_url("canonical.html") started  	[MsgId: MMSG-26355]
Action.c(4): Detected non-resource "https://support.mozilla.org/kb/captive-portal" in "http://detectportal.firefox.com/canonical.html"  	[MsgId: MMSG-26573]
Action.c(4): Error -35196: HTTP Status-Code=429 (Retry With) for "https://support.mozilla.org/kb/captive-portal"  	[MsgId: MERR-35196]
End auto log messages stack.	[MsgId: MMSG-10544]


End auto log messages stack.	[MsgId: MMSG-10544]


Start auto log messages stack - Iteration 1024.	[MsgId: MMSG-10545]
Starting action Action.	[MsgId: MMSG-15919]
Action.c(4): web_url("canonical.html") started  	[MsgId: MMSG-26355]
Action.c(4): Detected non-resource "https://support.mozilla.org/kb/captive-portal" in "http://detectportal.firefox.com/canonical.html"  	[MsgId: MMSG-26573]
Action.c(4): Error -35196: HTTP Status-Code=429 (Retry With) for "https://support.mozilla.org/kb/captive-portal"  	[MsgId: MERR-35196]
End auto log messages stack.	[MsgId: MMSG-10544]


Start auto log messages stack - Iteration 1071.	[MsgId: MMSG-10545]
Starting action Action.	[MsgId: MMSG-15919]
Action.c(4): web_url("canonical.html") started  	[MsgId: MMSG-26355]
Action.c(4): Detected non-resource "https://support.mozilla.org/kb/captive-portal" in "http://detectportal.firefox.com/canonical.html"  	[MsgId: MMSG-26573]
Action.c(4): Error -35196: HTTP Status-Code=429 (Retry With) for "https://support.mozilla.org/kb/captive-portal"  	[MsgId: MERR-35196]
End auto log messages stack.	[MsgId: MMSG-10544]


Start auto log messages stack - Iteration 1063.	[MsgId: MMSG-10545]
Starting action Action.	[MsgId: MMSG-15919]
Action.c(4): web_url("canonical.html") started  	[MsgId: MMSG-26355]
Action.c(4): Detected non-resource "https://support.mozilla.org/kb/captive-portal" in "http://detectportal.firefox.com/canonical.html"  	[MsgId: MMSG-26573]
Action.c(4): Error -35196: HTTP Status-Code=429 (Retry With) for "https://support.mozilla.org/kb/captive-portal"  	[MsgId: MERR-35196]
End auto log messages stack.	[MsgId: MMSG-10544]


Start auto log messages stack - Iteration 1125.	[MsgId: MMSG-10545]
Starting action Action.	[MsgId: MMSG-15919]
Action.c(4): web_url("canonical.html") started  	[MsgId: MMSG-26355]
Action.c(4): Detected non-resource "https://support.mozilla.org/kb/captive-portal" in "http://detectportal.firefox.com/canonical.html"  	[MsgId: MMSG-26573]
Action.c(4): Error -35196: HTTP Status-Code=429 (Retry With) for "https://support.mozilla.org/kb/captive-portal"  	[MsgId: MERR-35196]
End auto log messages stack.	[MsgId: MMSG-10544]


Start auto log messages stack - Iteration 1072.	[MsgId: MMSG-10545]
Starting action Action.	[MsgId: MMSG-15919]
Action.c(4): web_url("canonical.html") started  	[MsgId: MMSG-26355]
Action.c(4): Detected non-resource "https://support.mozilla.org/kb/captive-portal" in "http://detectportal.firefox.com/canonical.html"  	[MsgId: MMSG-26573]
Action.c(4): Error -35196: HTTP Status-Code=429 (Retry With) for "https://support.mozilla.org/kb/captive-portal"  	[MsgId: MERR-35196]
End auto log messages stack.	[MsgId: MMSG-10544]


Start auto log messages stack - Iteration 1025.	[MsgId: MMSG-10545]
Starting action Action.	[MsgId: MMSG-15919]
Action.c(4): web_url("canonical.html") started  	[MsgId: MMSG-26355]
Action.c(4): Detected non-resource "https://support.mozilla.org/kb/captive-portal" in "http://detectportal.firefox.com/canonical.html"  	[MsgId: MMSG-26573]
Action.c(4): Error -35196: HTTP Status-Code=429 (Retry With) for "https://support.mozilla.org/kb/captive-portal"  	[MsgId: MERR-35196]
End auto log messages stack.	[MsgId: MMSG-10544]


Start auto log messages stack - Iteration 963.	[MsgId: MMSG-10545]
Starting action Action.	[MsgId: MMSG-15919]
Action.c(4): web_url("canonical.html") started  	[MsgId: MMSG-26355]
Action.c(4): Detected non-resource "https://support.mozilla.org/kb/captive-portal" in "http://detectportal.firefox.com/canonical.html"  	[MsgId: MMSG-26573]
Action.c(4): Error -35196: HTTP Status-Code=429 (Retry With) for "https://support.mozilla.org/kb/captive-portal"  	[MsgId: MERR-35196]
End auto log messages stack.	[MsgId: MMSG-10544]


Start auto log messages stack - Iteration 972.	[MsgId: MMSG-10545]
Starting action Action.	[MsgId: MMSG-15919]
Action.c(4): web_url("canonical.html") started  	[MsgId: MMSG-26355]
Action.c(4): Detected non-resource "https://support.mozilla.org/kb/captive-portal" in "http://detectportal.firefox.com/canonical.html"  	[MsgId: MMSG-26573]
Action.c(4): Error -35196: HTTP Status-Code=429 (Retry With) for "https://support.mozilla.org/kb/captive-portal"  	[MsgId: MERR-35196]
End auto log messages stack.	[MsgId: MMSG-10544]


Start auto log messages stack - Iteration 1064.	[MsgId: MMSG-10545]
Starting action Action.	[MsgId: MMSG-15919]
Action.c(4): web_url("canonical.html") started  	[MsgId: MMSG-26355]
Action.c(4): Detected non-resource "https://support.mozilla.org/kb/captive-portal" in "http://detectportal.firefox.com/canonical.html"  	[MsgId: MMSG-26573]
Action.c(4): Error -35196: HTTP Status-Code=429 (Retry With) for "https://support.mozilla.org/kb/captive-portal"  	[MsgId: MERR-35196]
End auto log messages stack.	[MsgId: MMSG-10544]


Start auto log messages stack - Iteration 1126.	[MsgId: MMSG-10545]
Starting action Action.	[MsgId: MMSG-15919]
Action.c(4): web_url("canonical.html") started  	[MsgId: MMSG-26355]
Action.c(4): Detected non-resource "https://support.mozilla.org/kb/captive-portal" in "http://detectportal.firefox.com/canonical.html"  	[MsgId: MMSG-26573]
Action.c(4): Error -35196: HTTP Status-Code=429 (Retry With) for "https://support.mozilla.org/kb/captive-portal"  	[MsgId: MERR-35196]
End auto log messages stack.	[MsgId: MMSG-10544]


Start auto log messages stack - Iteration 1073.	[MsgId: MMSG-10545]
Starting action Action.	[MsgId: MMSG-15919]
Action.c(4): web_url("canonical.html") started  	[MsgId: MMSG-26355]
Action.c(4): Detected non-resource "https://support.mozilla.org/kb/captive-portal" in "http://detectportal.firefox.com/canonical.html"  	[MsgId: MMSG-26573]
Action.c(4): Error -35196: HTTP Status-Code=429 (Retry With) for "https://support.mozilla.org/kb/captive-portal"  	[MsgId: MERR-35196]
End auto log messages stack.	[MsgId: MMSG-10544]


Start auto log messages stack - Iteration 964.	[MsgId: MMSG-10545]
Starting action Action.	[MsgId: MMSG-15919]
Action.c(4): web_url("canonical.html") started  	[MsgId: MMSG-26355]
Action.c(4): Detected non-resource "https://support.mozilla.org/kb/captive-portal" in "http://detectportal.firefox.com/canonical.html"  	[MsgId: MMSG-26573]
Action.c(4): Error -35196: HTTP Status-Code=429 (Retry With) for "https://support.mozilla.org/kb/captive-portal"  	[MsgId: MERR-35196]
End auto log messages stack.	[MsgId: MMSG-10544]


Start auto log messages stack - Iteration 973.	[MsgId: MMSG-10545]
Starting action Action.	[MsgId: MMSG-15919]
Action.c(4): web_url("canonical.html") started  	[MsgId: MMSG-26355]
Action.c(4): Detected non-resource "https://support.mozilla.org/kb/captive-portal" in "http://detectportal.firefox.com/canonical.html"  	[MsgId: MMSG-26573]
Action.c(4): Error -35196: HTTP Status-Code=429 (Retry With) for "https://support.mozilla.org/kb/captive-portal"  	[MsgId: MERR-35196]
End auto log messages stack.	[MsgId: MMSG-10544]


Start auto log messages stack - Iteration 1065.	[MsgId: MMSG-10545]
Starting action Action.	[MsgId: MMSG-15919]
Action.c(4): web_url("canonical.html") started  	[MsgId: MMSG-26355]
Action.c(4): Detected non-resource "https://support.mozilla.org/kb/captive-portal" in "http://detectportal.firefox.com/canonical.html"  	[MsgId: MMSG-26573]
Action.c(4): Error -35196: HTTP Status-Code=429 (Retry With) for "https://support.mozilla.org/kb/captive-portal"  	[MsgId: MERR-35196]
End auto log messages stack.	[MsgId: MMSG-10544]


Start auto log messages stack - Iteration 974.	[MsgId: MMSG-10545]
Starting action Action.	[MsgId: MMSG-15919]
Action.c(4): web_url("canonical.html") started  	[MsgId: MMSG-26355]
Action.c(4): Detected non-resource "https://support.mozilla.org/kb/captive-portal" in "http://detectportal.firefox.com/canonical.html"  	[MsgId: MMSG-26573]
Action.c(4): Error -35196: HTTP Status-Code=429 (Retry With) for "https://support.mozilla.org/kb/captive-portal"  	[MsgId: MERR-35196]
End auto log messages stack.	[MsgId: MMSG-10544]


Start auto log messages stack - Iteration 1026.	[MsgId: MMSG-10545]
Starting action Action.	[MsgId: MMSG-15919]
Action.c(4): web_url("canonical.html") started  	[MsgId: MMSG-26355]
Action.c(4): Detected non-resource "https://support.mozilla.org/kb/captive-portal" in "http://detectportal.firefox.com/canonical.html"  	[MsgId: MMSG-26573]
Action.c(4): Error -35196: HTTP Status-Code=429 (Retry With) for "https://support.mozilla.org/kb/captive-portal"  	[MsgId: MERR-35196]
End auto log messages stack.	[MsgId: MMSG-10544]


Start auto log messages stack - Iteration 1066.	[MsgId: MMSG-10545]
Starting action Action.	[MsgId: MMSG-15919]
Action.c(4): web_url("canonical.html") started  	[MsgId: MMSG-26355]
Action.c(4): Detected non-resource "https://support.mozilla.org/kb/captive-portal" in "http://detectportal.firefox.com/canonical.html"  	[MsgId: MMSG-26573]
Action.c(4): Error -35196: HTTP Status-Code=429 (Retry With) for "https://support.mozilla.org/kb/captive-portal"  	[MsgId: MERR-35196]
End auto log messages stack.	[MsgId: MMSG-10544]


Start auto log messages stack - Iteration 1074.	[MsgId: MMSG-10545]
Starting action Action.	[MsgId: MMSG-15919]
Action.c(4): web_url("canonical.html") started  	[MsgId: MMSG-26355]
Action.c(4): Detected non-resource "https://support.mozilla.org/kb/captive-portal" in "http://detectportal.firefox.com/canonical.html"  	[MsgId: MMSG-26573]
Action.c(4): Error -35196: HTTP Status-Code=429 (Retry With) for "https://support.mozilla.org/kb/captive-portal"  	[MsgId: MERR-35196]
End auto log messages stack.	[MsgId: MMSG-10544]


Start auto log messages stack - Iteration 1027.	[MsgId: MMSG-10545]
Start auto log messages stack - Iteration 965.	[MsgId: MMSG-10545]
Starting action Action.	[MsgId: MMSG-15919]
Action.c(4): web_url("canonical.html") started  	[MsgId: MMSG-26355]
Action.c(4): Detected non-resource "https://support.mozilla.org/kb/captive-portal" in "http://detectportal.firefox.com/canonical.html"  	[MsgId: MMSG-26573]
Starting action Action.	[MsgId: MMSG-15919]
Action.c(4): Error -35196: HTTP Status-Code=429 (Retry With) for "https://support.mozilla.org/kb/captive-portal"  	[MsgId: MERR-35196]
Action.c(4): web_url("canonical.html") started  	[MsgId: MMSG-26355]
Action.c(4): Detected non-resource "https://support.mozilla.org/kb/captive-portal" in "http://detectportal.firefox.com/canonical.html"  	[MsgId: MMSG-26573]
Action.c(4): Error -35196: HTTP Status-Code=429 (Retry With) for "https://support.mozilla.org/kb/captive-portal"  	[MsgId: MERR-35196]
End auto log messages stack.	[MsgId: MMSG-10544]


End auto log messages stack.	[MsgId: MMSG-10544]


Start auto log messages stack - Iteration 1067.	[MsgId: MMSG-10545]
Starting action Action.	[MsgId: MMSG-15919]
Action.c(4): web_url("canonical.html") started  	[MsgId: MMSG-26355]
Action.c(4): Detected non-resource "https://support.mozilla.org/kb/captive-portal" in "http://detectportal.firefox.com/canonical.html"  	[MsgId: MMSG-26573]
Action.c(4): Error -35196: HTTP Status-Code=429 (Retry With) for "https://support.mozilla.org/kb/captive-portal"  	[MsgId: MERR-35196]
End auto log messages stack.	[MsgId: MMSG-10544]


Start auto log messages stack - Iteration 1075.	[MsgId: MMSG-10545]
Starting action Action.	[MsgId: MMSG-15919]
Action.c(4): web_url("canonical.html") started  	[MsgId: MMSG-26355]
Action.c(4): Detected non-resource "https://support.mozilla.org/kb/captive-portal" in "http://detectportal.firefox.com/canonical.html"  	[MsgId: MMSG-26573]
Action.c(4): Error -35196: HTTP Status-Code=429 (Retry With) for "https://support.mozilla.org/kb/captive-portal"  	[MsgId: MERR-35196]
End auto log messages stack.	[MsgId: MMSG-10544]


Start auto log messages stack - Iteration 1068.	[MsgId: MMSG-10545]
Starting action Action.	[MsgId: MMSG-15919]
Action.c(4): web_url("canonical.html") started  	[MsgId: MMSG-26355]
Action.c(4): Detected non-resource "https://support.mozilla.org/kb/captive-portal" in "http://detectportal.firefox.com/canonical.html"  	[MsgId: MMSG-26573]
Action.c(4): Error -35196: HTTP Status-Code=429 (Retry With) for "https://support.mozilla.org/kb/captive-portal"  	[MsgId: MERR-35196]
End auto log messages stack.	[MsgId: MMSG-10544]


Start auto log messages stack - Iteration 975.	[MsgId: MMSG-10545]
Starting action Action.	[MsgId: MMSG-15919]
Action.c(4): web_url("canonical.html") started  	[MsgId: MMSG-26355]
Action.c(4): Detected non-resource "https://support.mozilla.org/kb/captive-portal" in "http://detectportal.firefox.com/canonical.html"  	[MsgId: MMSG-26573]
Action.c(4): Error -35196: HTTP Status-Code=429 (Retry With) for "https://support.mozilla.org/kb/captive-portal"  	[MsgId: MERR-35196]
End auto log messages stack.	[MsgId: MMSG-10544]


Start auto log messages stack - Iteration 1076.	[MsgId: MMSG-10545]
Starting action Action.	[MsgId: MMSG-15919]
Action.c(4): web_url("canonical.html") started  	[MsgId: MMSG-26355]
Action.c(4): Detected non-resource "https://support.mozilla.org/kb/captive-portal" in "http://detectportal.firefox.com/canonical.html"  	[MsgId: MMSG-26573]
Action.c(4): Error -35196: HTTP Status-Code=429 (Retry With) for "https://support.mozilla.org/kb/captive-portal"  	[MsgId: MERR-35196]
End auto log messages stack.	[MsgId: MMSG-10544]


Start auto log messages stack - Iteration 1069.	[MsgId: MMSG-10545]
Starting action Action.	[MsgId: MMSG-15919]
Action.c(4): web_url("canonical.html") started  	[MsgId: MMSG-26355]
Action.c(4): Detected non-resource "https://support.mozilla.org/kb/captive-portal" in "http://detectportal.firefox.com/canonical.html"  	[MsgId: MMSG-26573]
Action.c(4): Error -35196: HTTP Status-Code=429 (Retry With) for "https://support.mozilla.org/kb/captive-portal"  	[MsgId: MERR-35196]
End auto log messages stack.	[MsgId: MMSG-10544]


Start auto log messages stack - Iteration 976.	[MsgId: MMSG-10545]
Starting action Action.	[MsgId: MMSG-15919]
Action.c(4): web_url("canonical.html") started  	[MsgId: MMSG-26355]
Action.c(4): Detected non-resource "https://support.mozilla.org/kb/captive-portal" in "http://detectportal.firefox.com/canonical.html"  	[MsgId: MMSG-26573]
Action.c(4): Error -35196: HTTP Status-Code=429 (Retry With) for "https://support.mozilla.org/kb/captive-portal"  	[MsgId: MERR-35196]
End auto log messages stack.	[MsgId: MMSG-10544]


Start auto log messages stack - Iteration 1028.	[MsgId: MMSG-10545]
Starting action Action.	[MsgId: MMSG-15919]
Action.c(4): web_url("canonical.html") started  	[MsgId: MMSG-26355]
Action.c(4): Detected non-resource "https://support.mozilla.org/kb/captive-portal" in "http://detectportal.firefox.com/canonical.html"  	[MsgId: MMSG-26573]
Action.c(4): Error -35196: HTTP Status-Code=429 (Retry With) for "https://support.mozilla.org/kb/captive-portal"  	[MsgId: MERR-35196]
End auto log messages stack.	[MsgId: MMSG-10544]


Start auto log messages stack - Iteration 966.	[MsgId: MMSG-10545]
Starting action Action.	[MsgId: MMSG-15919]
Action.c(4): web_url("canonical.html") started  	[MsgId: MMSG-26355]
Action.c(4): Detected non-resource "https://support.mozilla.org/kb/captive-portal" in "http://detectportal.firefox.com/canonical.html"  	[MsgId: MMSG-26573]
Action.c(4): Error -35196: HTTP Status-Code=429 (Retry With) for "https://support.mozilla.org/kb/captive-portal"  	[MsgId: MERR-35196]
End auto log messages stack.	[MsgId: MMSG-10544]


Start auto log messages stack - Iteration 1077.	[MsgId: MMSG-10545]
Starting action Action.	[MsgId: MMSG-15919]
Action.c(4): web_url("canonical.html") started  	[MsgId: MMSG-26355]
Action.c(4): Detected non-resource "https://support.mozilla.org/kb/captive-portal" in "http://detectportal.firefox.com/canonical.html"  	[MsgId: MMSG-26573]
Action.c(4): Error -35196: HTTP Status-Code=429 (Retry With) for "https://support.mozilla.org/kb/captive-portal"  	[MsgId: MERR-35196]
End auto log messages stack.	[MsgId: MMSG-10544]


Start auto log messages stack - Iteration 1070.	[MsgId: MMSG-10545]
Starting action Action.	[MsgId: MMSG-15919]
Action.c(4): web_url("canonical.html") started  	[MsgId: MMSG-26355]
Action.c(4): Detected non-resource "https://support.mozilla.org/kb/captive-portal" in "http://detectportal.firefox.com/canonical.html"  	[MsgId: MMSG-26573]
Action.c(4): Error -35196: HTTP Status-Code=429 (Retry With) for "https://support.mozilla.org/kb/captive-portal"  	[MsgId: MERR-35196]
End auto log messages stack.	[MsgId: MMSG-10544]


Start auto log messages stack - Iteration 977.	[MsgId: MMSG-10545]
Starting action Action.	[MsgId: MMSG-15919]
Action.c(4): web_url("canonical.html") started  	[MsgId: MMSG-26355]
Action.c(4): Detected non-resource "https://support.mozilla.org/kb/captive-portal" in "http://detectportal.firefox.com/canonical.html"  	[MsgId: MMSG-26573]
Action.c(4): Error -35196: HTTP Status-Code=429 (Retry With) for "https://support.mozilla.org/kb/captive-portal"  	[MsgId: MERR-35196]
End auto log messages stack.	[MsgId: MMSG-10544]


Start auto log messages stack - Iteration 1029.	[MsgId: MMSG-10545]
Starting action Action.	[MsgId: MMSG-15919]
Action.c(4): web_url("canonical.html") started  	[MsgId: MMSG-26355]
Action.c(4): Detected non-resource "https://support.mozilla.org/kb/captive-portal" in "http://detectportal.firefox.com/canonical.html"  	[MsgId: MMSG-26573]
Action.c(4): Error -35196: HTTP Status-Code=429 (Retry With) for "https://support.mozilla.org/kb/captive-portal"  	[MsgId: MERR-35196]
End auto log messages stack.	[MsgId: MMSG-10544]


Start auto log messages stack - Iteration 967.	[MsgId: MMSG-10545]
Starting action Action.	[MsgId: MMSG-15919]
Action.c(4): web_url("canonical.html") started  	[MsgId: MMSG-26355]
Action.c(4): Detected non-resource "https://support.mozilla.org/kb/captive-portal" in "http://detectportal.firefox.com/canonical.html"  	[MsgId: MMSG-26573]
Action.c(4): Error -35196: HTTP Status-Code=429 (Retry With) for "https://support.mozilla.org/kb/captive-portal"  	[MsgId: MERR-35196]
End auto log messages stack.	[MsgId: MMSG-10544]


Start auto log messages stack - Iteration 1078.	[MsgId: MMSG-10545]
Starting action Action.	[MsgId: MMSG-15919]
Action.c(4): web_url("canonical.html") started  	[MsgId: MMSG-26355]
Action.c(4): Detected non-resource "https://support.mozilla.org/kb/captive-portal" in "http://detectportal.firefox.com/canonical.html"  	[MsgId: MMSG-26573]
Action.c(4): Error -35196: HTTP Status-Code=429 (Retry With) for "https://support.mozilla.org/kb/captive-portal"  	[MsgId: MERR-35196]
End auto log messages stack.	[MsgId: MMSG-10544]


Start auto log messages stack - Iteration 1071.	[MsgId: MMSG-10545]
Starting action Action.	[MsgId: MMSG-15919]
Action.c(4): web_url("canonical.html") started  	[MsgId: MMSG-26355]
Action.c(4): Detected non-resource "https://support.mozilla.org/kb/captive-portal" in "http://detectportal.firefox.com/canonical.html"  	[MsgId: MMSG-26573]
Action.c(4): Error -35196: HTTP Status-Code=429 (Retry With) for "https://support.mozilla.org/kb/captive-portal"  	[MsgId: MERR-35196]
End auto log messages stack.	[MsgId: MMSG-10544]


Start auto log messages stack - Iteration 978.	[MsgId: MMSG-10545]
Starting action Action.	[MsgId: MMSG-15919]
Action.c(4): web_url("canonical.html") started  	[MsgId: MMSG-26355]
Action.c(4): Detected non-resource "https://support.mozilla.org/kb/captive-portal" in "http://detectportal.firefox.com/canonical.html"  	[MsgId: MMSG-26573]
Action.c(4): Error -35196: HTTP Status-Code=429 (Retry With) for "https://support.mozilla.org/kb/captive-portal"  	[MsgId: MERR-35196]
End auto log messages stack.	[MsgId: MMSG-10544]


Start auto log messages stack - Iteration 1030.	[MsgId: MMSG-10545]
Starting action Action.	[MsgId: MMSG-15919]
Action.c(4): web_url("canonical.html") started  	[MsgId: MMSG-26355]
Action.c(4): Detected non-resource "https://support.mozilla.org/kb/captive-portal" in "http://detectportal.firefox.com/canonical.html"  	[MsgId: MMSG-26573]
Action.c(4): Error -35196: HTTP Status-Code=429 (Retry With) for "https://support.mozilla.org/kb/captive-portal"  	[MsgId: MERR-35196]
End auto log messages stack.	[MsgId: MMSG-10544]


Start auto log messages stack - Iteration 968.	[MsgId: MMSG-10545]
Starting action Action.	[MsgId: MMSG-15919]
Action.c(4): web_url("canonical.html") started  	[MsgId: MMSG-26355]
Action.c(4): Detected non-resource "https://support.mozilla.org/kb/captive-portal" in "http://detectportal.firefox.com/canonical.html"  	[MsgId: MMSG-26573]
Action.c(4): Error -35196: HTTP Status-Code=429 (Retry With) for "https://support.mozilla.org/kb/captive-portal"  	[MsgId: MERR-35196]
End auto log messages stack.	[MsgId: MMSG-10544]


Start auto log messages stack - Iteration 1079.	[MsgId: MMSG-10545]
Starting action Action.	[MsgId: MMSG-15919]
Action.c(4): web_url("canonical.html") started  	[MsgId: MMSG-26355]
Action.c(4): Detected non-resource "https://support.mozilla.org/kb/captive-portal" in "http://detectportal.firefox.com/canonical.html"  	[MsgId: MMSG-26573]
Action.c(4): Error -35196: HTTP Status-Code=429 (Retry With) for "https://support.mozilla.org/kb/captive-portal"  	[MsgId: MERR-35196]
End auto log messages stack.	[MsgId: MMSG-10544]


Start auto log messages stack - Iteration 1072.	[MsgId: MMSG-10545]
Starting action Action.	[MsgId: MMSG-15919]
Action.c(4): web_url("canonical.html") started  	[MsgId: MMSG-26355]
Action.c(4): Detected non-resource "https://support.mozilla.org/kb/captive-portal" in "http://detectportal.firefox.com/canonical.html"  	[MsgId: MMSG-26573]
Start auto log messages stack - Iteration 1127.	[MsgId: MMSG-10545]
Action.c(4): Error -35196: HTTP Status-Code=429 (Retry With) for "https://support.mozilla.org/kb/captive-portal"  	[MsgId: MERR-35196]
Starting action Action.	[MsgId: MMSG-15919]
Action.c(4): web_url("canonical.html") started  	[MsgId: MMSG-26355]
Action.c(4): Detected non-resource "https://support.mozilla.org/kb/captive-portal" in "http://detectportal.firefox.com/canonical.html"  	[MsgId: MMSG-26573]
Action.c(4): Error -35196: HTTP Status-Code=429 (Retry With) for "https://support.mozilla.org/kb/captive-portal"  	[MsgId: MERR-35196]
End auto log messages stack.	[MsgId: MMSG-10544]


End auto log messages stack.	[MsgId: MMSG-10544]


Start auto log messages stack - Iteration 1031.	[MsgId: MMSG-10545]
Starting action Action.	[MsgId: MMSG-15919]
Action.c(4): web_url("canonical.html") started  	[MsgId: MMSG-26355]
Action.c(4): Detected non-resource "https://support.mozilla.org/kb/captive-portal" in "http://detectportal.firefox.com/canonical.html"  	[MsgId: MMSG-26573]
Action.c(4): Error -35196: HTTP Status-Code=429 (Retry With) for "https://support.mozilla.org/kb/captive-portal"  	[MsgId: MERR-35196]
End auto log messages stack.	[MsgId: MMSG-10544]


Start auto log messages stack - Iteration 979.	[MsgId: MMSG-10545]
Starting action Action.	[MsgId: MMSG-15919]
Action.c(4): web_url("canonical.html") started  	[MsgId: MMSG-26355]
Action.c(4): Detected non-resource "https://support.mozilla.org/kb/captive-portal" in "http://detectportal.firefox.com/canonical.html"  	[MsgId: MMSG-26573]
Action.c(4): Error -35196: HTTP Status-Code=429 (Retry With) for "https://support.mozilla.org/kb/captive-portal"  	[MsgId: MERR-35196]
End auto log messages stack.	[MsgId: MMSG-10544]


Start auto log messages stack - Iteration 969.	[MsgId: MMSG-10545]
Starting action Action.	[MsgId: MMSG-15919]
Action.c(4): web_url("canonical.html") started  	[MsgId: MMSG-26355]
Action.c(4): Detected non-resource "https://support.mozilla.org/kb/captive-portal" in "http://detectportal.firefox.com/canonical.html"  	[MsgId: MMSG-26573]
Action.c(4): Error -35196: HTTP Status-Code=429 (Retry With) for "https://support.mozilla.org/kb/captive-portal"  	[MsgId: MERR-35196]
End auto log messages stack.	[MsgId: MMSG-10544]


Start auto log messages stack - Iteration 1080.	[MsgId: MMSG-10545]
Starting action Action.	[MsgId: MMSG-15919]
Action.c(4): web_url("canonical.html") started  	[MsgId: MMSG-26355]
Action.c(4): Detected non-resource "https://support.mozilla.org/kb/captive-portal" in "http://detectportal.firefox.com/canonical.html"  	[MsgId: MMSG-26573]
Action.c(4): Error -35196: HTTP Status-Code=429 (Retry With) for "https://support.mozilla.org/kb/captive-portal"  	[MsgId: MERR-35196]
End auto log messages stack.	[MsgId: MMSG-10544]


Start auto log messages stack - Iteration 1073.	[MsgId: MMSG-10545]
Starting action Action.	[MsgId: MMSG-15919]
Action.c(4): web_url("canonical.html") started  	[MsgId: MMSG-26355]
Action.c(4): Detected non-resource "https://support.mozilla.org/kb/captive-portal" in "http://detectportal.firefox.com/canonical.html"  	[MsgId: MMSG-26573]
Action.c(4): Error -35196: HTTP Status-Code=429 (Retry With) for "https://support.mozilla.org/kb/captive-portal"  	[MsgId: MERR-35196]
End auto log messages stack.	[MsgId: MMSG-10544]


Start auto log messages stack - Iteration 1128.	[MsgId: MMSG-10545]
Starting action Action.	[MsgId: MMSG-15919]
Action.c(4): web_url("canonical.html") started  	[MsgId: MMSG-26355]
Action.c(4): Detected non-resource "https://support.mozilla.org/kb/captive-portal" in "http://detectportal.firefox.com/canonical.html"  	[MsgId: MMSG-26573]
Action.c(4): Error -35196: HTTP Status-Code=429 (Retry With) for "https://support.mozilla.org/kb/captive-portal"  	[MsgId: MERR-35196]
End auto log messages stack.	[MsgId: MMSG-10544]


Start auto log messages stack - Iteration 980.	[MsgId: MMSG-10545]
Start auto log messages stack - Iteration 1032.	[MsgId: MMSG-10545]
Starting action Action.	[MsgId: MMSG-15919]
Action.c(4): web_url("canonical.html") started  	[MsgId: MMSG-26355]
Starting action Action.	[MsgId: MMSG-15919]
Action.c(4): Detected non-resource "https://support.mozilla.org/kb/captive-portal" in "http://detectportal.firefox.com/canonical.html"  	[MsgId: MMSG-26573]
Action.c(4): web_url("canonical.html") started  	[MsgId: MMSG-26355]
Action.c(4): Error -35196: HTTP Status-Code=429 (Retry With) for "https://support.mozilla.org/kb/captive-portal"  	[MsgId: MERR-35196]
Action.c(4): Detected non-resource "https://support.mozilla.org/kb/captive-portal" in "http://detectportal.firefox.com/canonical.html"  	[MsgId: MMSG-26573]
Action.c(4): Error -35196: HTTP Status-Code=429 (Retry With) for "https://support.mozilla.org/kb/captive-portal"  	[MsgId: MERR-35196]
End auto log messages stack.	[MsgId: MMSG-10544]
End auto log messages stack.	[MsgId: MMSG-10544]




Start auto log messages stack - Iteration 970.	[MsgId: MMSG-10545]
Starting action Action.	[MsgId: MMSG-15919]
Action.c(4): web_url("canonical.html") started  	[MsgId: MMSG-26355]
Action.c(4): Detected non-resource "https://support.mozilla.org/kb/captive-portal" in "http://detectportal.firefox.com/canonical.html"  	[MsgId: MMSG-26573]
Action.c(4): Error -35196: HTTP Status-Code=429 (Retry With) for "https://support.mozilla.org/kb/captive-portal"  	[MsgId: MERR-35196]
End auto log messages stack.	[MsgId: MMSG-10544]


Start auto log messages stack - Iteration 1074.	[MsgId: MMSG-10545]
Starting action Action.	[MsgId: MMSG-15919]
Action.c(4): web_url("canonical.html") started  	[MsgId: MMSG-26355]
Action.c(4): Detected non-resource "https://support.mozilla.org/kb/captive-portal" in "http://detectportal.firefox.com/canonical.html"  	[MsgId: MMSG-26573]
Action.c(4): Error -35196: HTTP Status-Code=429 (Retry With) for "https://support.mozilla.org/kb/captive-portal"  	[MsgId: MERR-35196]
End auto log messages stack.	[MsgId: MMSG-10544]


Start auto log messages stack - Iteration 1081.	[MsgId: MMSG-10545]
Starting action Action.	[MsgId: MMSG-15919]
Action.c(4): web_url("canonical.html") started  	[MsgId: MMSG-26355]
Action.c(4): Detected non-resource "https://support.mozilla.org/kb/captive-portal" in "http://detectportal.firefox.com/canonical.html"  	[MsgId: MMSG-26573]
Action.c(4): Error -35196: HTTP Status-Code=429 (Retry With) for "https://support.mozilla.org/kb/captive-portal"  	[MsgId: MERR-35196]
End auto log messages stack.	[MsgId: MMSG-10544]


Start auto log messages stack - Iteration 1129.	[MsgId: MMSG-10545]
Starting action Action.	[MsgId: MMSG-15919]
Action.c(4): web_url("canonical.html") started  	[MsgId: MMSG-26355]
Action.c(4): Detected non-resource "https://support.mozilla.org/kb/captive-portal" in "http://detectportal.firefox.com/canonical.html"  	[MsgId: MMSG-26573]
Action.c(4): Error -35196: HTTP Status-Code=429 (Retry With) for "https://support.mozilla.org/kb/captive-portal"  	[MsgId: MERR-35196]
End auto log messages stack.	[MsgId: MMSG-10544]


Start auto log messages stack - Iteration 1033.	[MsgId: MMSG-10545]
Starting action Action.	[MsgId: MMSG-15919]
Action.c(4): web_url("canonical.html") started  	[MsgId: MMSG-26355]
Action.c(4): Detected non-resource "https://support.mozilla.org/kb/captive-portal" in "http://detectportal.firefox.com/canonical.html"  	[MsgId: MMSG-26573]
Action.c(4): Error -35196: HTTP Status-Code=429 (Retry With) for "https://support.mozilla.org/kb/captive-portal"  	[MsgId: MERR-35196]
End auto log messages stack.	[MsgId: MMSG-10544]


Start auto log messages stack - Iteration 981.	[MsgId: MMSG-10545]
Starting action Action.	[MsgId: MMSG-15919]
Action.c(4): web_url("canonical.html") started  	[MsgId: MMSG-26355]
Action.c(4): Detected non-resource "https://support.mozilla.org/kb/captive-portal" in "http://detectportal.firefox.com/canonical.html"  	[MsgId: MMSG-26573]
Action.c(4): Error -35196: HTTP Status-Code=429 (Retry With) for "https://support.mozilla.org/kb/captive-portal"  	[MsgId: MERR-35196]
End auto log messages stack.	[MsgId: MMSG-10544]


Start auto log messages stack - Iteration 971.	[MsgId: MMSG-10545]
Starting action Action.	[MsgId: MMSG-15919]
Action.c(4): web_url("canonical.html") started  	[MsgId: MMSG-26355]
Action.c(4): Detected non-resource "https://support.mozilla.org/kb/captive-portal" in "http://detectportal.firefox.com/canonical.html"  	[MsgId: MMSG-26573]
Action.c(4): Error -35196: HTTP Status-Code=429 (Retry With) for "https://support.mozilla.org/kb/captive-portal"  	[MsgId: MERR-35196]
End auto log messages stack.	[MsgId: MMSG-10544]


Start auto log messages stack - Iteration 1130.	[MsgId: MMSG-10545]
Starting action Action.	[MsgId: MMSG-15919]
Action.c(4): web_url("canonical.html") started  	[MsgId: MMSG-26355]
Action.c(4): Detected non-resource "https://support.mozilla.org/kb/captive-portal" in "http://detectportal.firefox.com/canonical.html"  	[MsgId: MMSG-26573]
Action.c(4): Error -35196: HTTP Status-Code=429 (Retry With) for "https://support.mozilla.org/kb/captive-portal"  	[MsgId: MERR-35196]
End auto log messages stack.	[MsgId: MMSG-10544]


Start auto log messages stack - Iteration 1075.	[MsgId: MMSG-10545]
Starting action Action.	[MsgId: MMSG-15919]
Action.c(4): web_url("canonical.html") started  	[MsgId: MMSG-26355]
Action.c(4): Detected non-resource "https://support.mozilla.org/kb/captive-portal" in "http://detectportal.firefox.com/canonical.html"  	[MsgId: MMSG-26573]
Action.c(4): Error -35196: HTTP Status-Code=429 (Retry With) for "https://support.mozilla.org/kb/captive-portal"  	[MsgId: MERR-35196]
End auto log messages stack.	[MsgId: MMSG-10544]


Start auto log messages stack - Iteration 1082.	[MsgId: MMSG-10545]
Starting action Action.	[MsgId: MMSG-15919]
Action.c(4): web_url("canonical.html") started  	[MsgId: MMSG-26355]
Action.c(4): Detected non-resource "https://support.mozilla.org/kb/captive-portal" in "http://detectportal.firefox.com/canonical.html"  	[MsgId: MMSG-26573]
Action.c(4): Error -35196: HTTP Status-Code=429 (Retry With) for "https://support.mozilla.org/kb/captive-portal"  	[MsgId: MERR-35196]
End auto log messages stack.	[MsgId: MMSG-10544]


Start auto log messages stack - Iteration 982.	[MsgId: MMSG-10545]
Starting action Action.	[MsgId: MMSG-15919]
Action.c(4): web_url("canonical.html") started  	[MsgId: MMSG-26355]
Action.c(4): Detected non-resource "https://support.mozilla.org/kb/captive-portal" in "http://detectportal.firefox.com/canonical.html"  	[MsgId: MMSG-26573]
Action.c(4): Error -35196: HTTP Status-Code=429 (Retry With) for "https://support.mozilla.org/kb/captive-portal"  	[MsgId: MERR-35196]
End auto log messages stack.	[MsgId: MMSG-10544]


Start auto log messages stack - Iteration 972.	[MsgId: MMSG-10545]
Start auto log messages stack - Iteration 1034.	[MsgId: MMSG-10545]
Starting action Action.	[MsgId: MMSG-15919]
Action.c(4): web_url("canonical.html") started  	[MsgId: MMSG-26355]
Action.c(4): Detected non-resource "https://support.mozilla.org/kb/captive-portal" in "http://detectportal.firefox.com/canonical.html"  	[MsgId: MMSG-26573]
Starting action Action.	[MsgId: MMSG-15919]
Action.c(4): Error -35196: HTTP Status-Code=429 (Retry With) for "https://support.mozilla.org/kb/captive-portal"  	[MsgId: MERR-35196]
Action.c(4): web_url("canonical.html") started  	[MsgId: MMSG-26355]
Action.c(4): Detected non-resource "https://support.mozilla.org/kb/captive-portal" in "http://detectportal.firefox.com/canonical.html"  	[MsgId: MMSG-26573]
Action.c(4): Error -35196: HTTP Status-Code=429 (Retry With) for "https://support.mozilla.org/kb/captive-portal"  	[MsgId: MERR-35196]
End auto log messages stack.	[MsgId: MMSG-10544]


End auto log messages stack.	[MsgId: MMSG-10544]


Start auto log messages stack - Iteration 1131.	[MsgId: MMSG-10545]
Starting action Action.	[MsgId: MMSG-15919]
Action.c(4): web_url("canonical.html") started  	[MsgId: MMSG-26355]
Action.c(4): Detected non-resource "https://support.mozilla.org/kb/captive-portal" in "http://detectportal.firefox.com/canonical.html"  	[MsgId: MMSG-26573]
Action.c(4): Error -35196: HTTP Status-Code=429 (Retry With) for "https://support.mozilla.org/kb/captive-portal"  	[MsgId: MERR-35196]
End auto log messages stack.	[MsgId: MMSG-10544]


Start auto log messages stack - Iteration 1076.	[MsgId: MMSG-10545]
Starting action Action.	[MsgId: MMSG-15919]
Action.c(4): web_url("canonical.html") started  	[MsgId: MMSG-26355]
Action.c(4): Detected non-resource "https://support.mozilla.org/kb/captive-portal" in "http://detectportal.firefox.com/canonical.html"  	[MsgId: MMSG-26573]
Action.c(4): Error -35196: HTTP Status-Code=429 (Retry With) for "https://support.mozilla.org/kb/captive-portal"  	[MsgId: MERR-35196]
End auto log messages stack.	[MsgId: MMSG-10544]


Start auto log messages stack - Iteration 1083.	[MsgId: MMSG-10545]
Starting action Action.	[MsgId: MMSG-15919]
Action.c(4): web_url("canonical.html") started  	[MsgId: MMSG-26355]
Action.c(4): Detected non-resource "https://support.mozilla.org/kb/captive-portal" in "http://detectportal.firefox.com/canonical.html"  	[MsgId: MMSG-26573]
Action.c(4): Error -35196: HTTP Status-Code=429 (Retry With) for "https://support.mozilla.org/kb/captive-portal"  	[MsgId: MERR-35196]
End auto log messages stack.	[MsgId: MMSG-10544]


Start auto log messages stack - Iteration 983.	[MsgId: MMSG-10545]
Starting action Action.	[MsgId: MMSG-15919]
Action.c(4): web_url("canonical.html") started  	[MsgId: MMSG-26355]
Action.c(4): Detected non-resource "https://support.mozilla.org/kb/captive-portal" in "http://detectportal.firefox.com/canonical.html"  	[MsgId: MMSG-26573]
Action.c(4): Error -35196: HTTP Status-Code=429 (Retry With) for "https://support.mozilla.org/kb/captive-portal"  	[MsgId: MERR-35196]
End auto log messages stack.	[MsgId: MMSG-10544]


Start auto log messages stack - Iteration 1035.	[MsgId: MMSG-10545]
Starting action Action.	[MsgId: MMSG-15919]
Start auto log messages stack - Iteration 973.	[MsgId: MMSG-10545]
Action.c(4): web_url("canonical.html") started  	[MsgId: MMSG-26355]
Starting action Action.	[MsgId: MMSG-15919]
Action.c(4): web_url("canonical.html") started  	[MsgId: MMSG-26355]
Action.c(4): Detected non-resource "https://support.mozilla.org/kb/captive-portal" in "http://detectportal.firefox.com/canonical.html"  	[MsgId: MMSG-26573]
Action.c(4): Detected non-resource "https://support.mozilla.org/kb/captive-portal" in "http://detectportal.firefox.com/canonical.html"  	[MsgId: MMSG-26573]
Action.c(4): Error -35196: HTTP Status-Code=429 (Retry With) for "https://support.mozilla.org/kb/captive-portal"  	[MsgId: MERR-35196]
Action.c(4): Error -35196: HTTP Status-Code=429 (Retry With) for "https://support.mozilla.org/kb/captive-portal"  	[MsgId: MERR-35196]
End auto log messages stack.	[MsgId: MMSG-10544]
End auto log messages stack.	[MsgId: MMSG-10544]




Start auto log messages stack - Iteration 1084.	[MsgId: MMSG-10545]
Starting action Action.	[MsgId: MMSG-15919]
Action.c(4): web_url("canonical.html") started  	[MsgId: MMSG-26355]
Action.c(4): Detected non-resource "https://support.mozilla.org/kb/captive-portal" in "http://detectportal.firefox.com/canonical.html"  	[MsgId: MMSG-26573]
Action.c(4): Error -35196: HTTP Status-Code=429 (Retry With) for "https://support.mozilla.org/kb/captive-portal"  	[MsgId: MERR-35196]
Start auto log messages stack - Iteration 1132.	[MsgId: MMSG-10545]
End auto log messages stack.	[MsgId: MMSG-10544]
Starting action Action.	[MsgId: MMSG-15919]


Action.c(4): web_url("canonical.html") started  	[MsgId: MMSG-26355]
Action.c(4): Detected non-resource "https://support.mozilla.org/kb/captive-portal" in "http://detectportal.firefox.com/canonical.html"  	[MsgId: MMSG-26573]
Action.c(4): Error -35196: HTTP Status-Code=429 (Retry With) for "https://support.mozilla.org/kb/captive-portal"  	[MsgId: MERR-35196]
End auto log messages stack.	[MsgId: MMSG-10544]


Start auto log messages stack - Iteration 1077.	[MsgId: MMSG-10545]
Starting action Action.	[MsgId: MMSG-15919]
Action.c(4): web_url("canonical.html") started  	[MsgId: MMSG-26355]
Action.c(4): Detected non-resource "https://support.mozilla.org/kb/captive-portal" in "http://detectportal.firefox.com/canonical.html"  	[MsgId: MMSG-26573]
Action.c(4): Error -35196: HTTP Status-Code=429 (Retry With) for "https://support.mozilla.org/kb/captive-portal"  	[MsgId: MERR-35196]
End auto log messages stack.	[MsgId: MMSG-10544]


Start auto log messages stack - Iteration 984.	[MsgId: MMSG-10545]
Starting action Action.	[MsgId: MMSG-15919]
Action.c(4): web_url("canonical.html") started  	[MsgId: MMSG-26355]
Action.c(4): Detected non-resource "https://support.mozilla.org/kb/captive-portal" in "http://detectportal.firefox.com/canonical.html"  	[MsgId: MMSG-26573]
Action.c(4): Error -35196: HTTP Status-Code=429 (Retry With) for "https://support.mozilla.org/kb/captive-portal"  	[MsgId: MERR-35196]
End auto log messages stack.	[MsgId: MMSG-10544]


Start auto log messages stack - Iteration 1036.	[MsgId: MMSG-10545]
Starting action Action.	[MsgId: MMSG-15919]
Action.c(4): web_url("canonical.html") started  	[MsgId: MMSG-26355]
Action.c(4): Detected non-resource "https://support.mozilla.org/kb/captive-portal" in "http://detectportal.firefox.com/canonical.html"  	[MsgId: MMSG-26573]
Action.c(4): Error -35196: HTTP Status-Code=429 (Retry With) for "https://support.mozilla.org/kb/captive-portal"  	[MsgId: MERR-35196]
End auto log messages stack.	[MsgId: MMSG-10544]


Start auto log messages stack - Iteration 974.	[MsgId: MMSG-10545]
Starting action Action.	[MsgId: MMSG-15919]
Action.c(4): web_url("canonical.html") started  	[MsgId: MMSG-26355]
Action.c(4): Detected non-resource "https://support.mozilla.org/kb/captive-portal" in "http://detectportal.firefox.com/canonical.html"  	[MsgId: MMSG-26573]
Action.c(4): Error -35196: HTTP Status-Code=429 (Retry With) for "https://support.mozilla.org/kb/captive-portal"  	[MsgId: MERR-35196]
Start auto log messages stack - Iteration 1085.	[MsgId: MMSG-10545]
Starting action Action.	[MsgId: MMSG-15919]
Action.c(4): web_url("canonical.html") started  	[MsgId: MMSG-26355]
Action.c(4): Detected non-resource "https://support.mozilla.org/kb/captive-portal" in "http://detectportal.firefox.com/canonical.html"  	[MsgId: MMSG-26573]
Action.c(4): Error -35196: HTTP Status-Code=429 (Retry With) for "https://support.mozilla.org/kb/captive-portal"  	[MsgId: MERR-35196]
End auto log messages stack.	[MsgId: MMSG-10544]


End auto log messages stack.	[MsgId: MMSG-10544]
Start auto log messages stack - Iteration 1133.	[MsgId: MMSG-10545]


Starting action Action.	[MsgId: MMSG-15919]
Action.c(4): web_url("canonical.html") started  	[MsgId: MMSG-26355]
Action.c(4): Detected non-resource "https://support.mozilla.org/kb/captive-portal" in "http://detectportal.firefox.com/canonical.html"  	[MsgId: MMSG-26573]
Action.c(4): Error -35196: HTTP Status-Code=429 (Retry With) for "https://support.mozilla.org/kb/captive-portal"  	[MsgId: MERR-35196]
End auto log messages stack.	[MsgId: MMSG-10544]


Start auto log messages stack - Iteration 985.	[MsgId: MMSG-10545]
Starting action Action.	[MsgId: MMSG-15919]
Action.c(4): web_url("canonical.html") started  	[MsgId: MMSG-26355]
Action.c(4): Detected non-resource "https://support.mozilla.org/kb/captive-portal" in "http://detectportal.firefox.com/canonical.html"  	[MsgId: MMSG-26573]
Action.c(4): Error -35196: HTTP Status-Code=429 (Retry With) for "https://support.mozilla.org/kb/captive-portal"  	[MsgId: MERR-35196]
End auto log messages stack.	[MsgId: MMSG-10544]


Start auto log messages stack - Iteration 1078.	[MsgId: MMSG-10545]
Starting action Action.	[MsgId: MMSG-15919]
Action.c(4): web_url("canonical.html") started  	[MsgId: MMSG-26355]
Action.c(4): Detected non-resource "https://support.mozilla.org/kb/captive-portal" in "http://detectportal.firefox.com/canonical.html"  	[MsgId: MMSG-26573]
Action.c(4): Error -35196: HTTP Status-Code=429 (Retry With) for "https://support.mozilla.org/kb/captive-portal"  	[MsgId: MERR-35196]
End auto log messages stack.	[MsgId: MMSG-10544]


Start auto log messages stack - Iteration 1037.	[MsgId: MMSG-10545]
Starting action Action.	[MsgId: MMSG-15919]
Action.c(4): web_url("canonical.html") started  	[MsgId: MMSG-26355]
Action.c(4): Detected non-resource "https://support.mozilla.org/kb/captive-portal" in "http://detectportal.firefox.com/canonical.html"  	[MsgId: MMSG-26573]
Action.c(4): Error -35196: HTTP Status-Code=429 (Retry With) for "https://support.mozilla.org/kb/captive-portal"  	[MsgId: MERR-35196]
End auto log messages stack.	[MsgId: MMSG-10544]
Start auto log messages stack - Iteration 1134.	[MsgId: MMSG-10545]
Starting action Action.	[MsgId: MMSG-15919]
Action.c(4): web_url("canonical.html") started  	[MsgId: MMSG-26355]
Action.c(4): Detected non-resource "https://support.mozilla.org/kb/captive-portal" in "http://detectportal.firefox.com/canonical.html"  	[MsgId: MMSG-26573]


Action.c(4): Error -35196: HTTP Status-Code=429 (Retry With) for "https://support.mozilla.org/kb/captive-portal"  	[MsgId: MERR-35196]
End auto log messages stack.	[MsgId: MMSG-10544]


Start auto log messages stack - Iteration 975.	[MsgId: MMSG-10545]
Start auto log messages stack - Iteration 1086.	[MsgId: MMSG-10545]
Starting action Action.	[MsgId: MMSG-15919]
Starting action Action.	[MsgId: MMSG-15919]
Action.c(4): web_url("canonical.html") started  	[MsgId: MMSG-26355]
Action.c(4): web_url("canonical.html") started  	[MsgId: MMSG-26355]
Action.c(4): Detected non-resource "https://support.mozilla.org/kb/captive-portal" in "http://detectportal.firefox.com/canonical.html"  	[MsgId: MMSG-26573]
Action.c(4): Detected non-resource "https://support.mozilla.org/kb/captive-portal" in "http://detectportal.firefox.com/canonical.html"  	[MsgId: MMSG-26573]
Action.c(4): Error -35196: HTTP Status-Code=429 (Retry With) for "https://support.mozilla.org/kb/captive-portal"  	[MsgId: MERR-35196]
Action.c(4): Error -35196: HTTP Status-Code=429 (Retry With) for "https://support.mozilla.org/kb/captive-portal"  	[MsgId: MERR-35196]
End auto log messages stack.	[MsgId: MMSG-10544]


End auto log messages stack.	[MsgId: MMSG-10544]


Start auto log messages stack - Iteration 986.	[MsgId: MMSG-10545]
Starting action Action.	[MsgId: MMSG-15919]
Action.c(4): web_url("canonical.html") started  	[MsgId: MMSG-26355]
Action.c(4): Detected non-resource "https://support.mozilla.org/kb/captive-portal" in "http://detectportal.firefox.com/canonical.html"  	[MsgId: MMSG-26573]
Action.c(4): Error -35196: HTTP Status-Code=429 (Retry With) for "https://support.mozilla.org/kb/captive-portal"  	[MsgId: MERR-35196]
End auto log messages stack.	[MsgId: MMSG-10544]


Start auto log messages stack - Iteration 1079.	[MsgId: MMSG-10545]
Starting action Action.	[MsgId: MMSG-15919]
Action.c(4): web_url("canonical.html") started  	[MsgId: MMSG-26355]
Action.c(4): Detected non-resource "https://support.mozilla.org/kb/captive-portal" in "http://detectportal.firefox.com/canonical.html"  	[MsgId: MMSG-26573]
Action.c(4): Error -35196: HTTP Status-Code=429 (Retry With) for "https://support.mozilla.org/kb/captive-portal"  	[MsgId: MERR-35196]
End auto log messages stack.	[MsgId: MMSG-10544]


Start auto log messages stack - Iteration 1038.	[MsgId: MMSG-10545]
Starting action Action.	[MsgId: MMSG-15919]
Action.c(4): web_url("canonical.html") started  	[MsgId: MMSG-26355]
Action.c(4): Detected non-resource "https://support.mozilla.org/kb/captive-portal" in "http://detectportal.firefox.com/canonical.html"  	[MsgId: MMSG-26573]
Action.c(4): Error -35196: HTTP Status-Code=429 (Retry With) for "https://support.mozilla.org/kb/captive-portal"  	[MsgId: MERR-35196]
End auto log messages stack.	[MsgId: MMSG-10544]


Start auto log messages stack - Iteration 976.	[MsgId: MMSG-10545]
Starting action Action.	[MsgId: MMSG-15919]
Action.c(4): web_url("canonical.html") started  	[MsgId: MMSG-26355]
Action.c(4): Detected non-resource "https://support.mozilla.org/kb/captive-portal" in "http://detectportal.firefox.com/canonical.html"  	[MsgId: MMSG-26573]
Action.c(4): Error -35196: HTTP Status-Code=429 (Retry With) for "https://support.mozilla.org/kb/captive-portal"  	[MsgId: MERR-35196]
End auto log messages stack.	[MsgId: MMSG-10544]


Start auto log messages stack - Iteration 1087.	[MsgId: MMSG-10545]
Starting action Action.	[MsgId: MMSG-15919]
Action.c(4): web_url("canonical.html") started  	[MsgId: MMSG-26355]
Action.c(4): Detected non-resource "https://support.mozilla.org/kb/captive-portal" in "http://detectportal.firefox.com/canonical.html"  	[MsgId: MMSG-26573]
Action.c(4): Error -35196: HTTP Status-Code=429 (Retry With) for "https://support.mozilla.org/kb/captive-portal"  	[MsgId: MERR-35196]
End auto log messages stack.	[MsgId: MMSG-10544]


Start auto log messages stack - Iteration 1135.	[MsgId: MMSG-10545]
Starting action Action.	[MsgId: MMSG-15919]
Action.c(4): web_url("canonical.html") started  	[MsgId: MMSG-26355]
Action.c(4): Detected non-resource "https://support.mozilla.org/kb/captive-portal" in "http://detectportal.firefox.com/canonical.html"  	[MsgId: MMSG-26573]
Action.c(4): Error -35196: HTTP Status-Code=429 (Retry With) for "https://support.mozilla.org/kb/captive-portal"  	[MsgId: MERR-35196]
End auto log messages stack.	[MsgId: MMSG-10544]


Start auto log messages stack - Iteration 1080.	[MsgId: MMSG-10545]
Starting action Action.	[MsgId: MMSG-15919]
Action.c(4): web_url("canonical.html") started  	[MsgId: MMSG-26355]
Action.c(4): Detected non-resource "https://support.mozilla.org/kb/captive-portal" in "http://detectportal.firefox.com/canonical.html"  	[MsgId: MMSG-26573]
Action.c(4): Error -35196: HTTP Status-Code=429 (Retry With) for "https://support.mozilla.org/kb/captive-portal"  	[MsgId: MERR-35196]
End auto log messages stack.	[MsgId: MMSG-10544]


Start auto log messages stack - Iteration 987.	[MsgId: MMSG-10545]
Starting action Action.	[MsgId: MMSG-15919]
Action.c(4): web_url("canonical.html") started  	[MsgId: MMSG-26355]
Action.c(4): Detected non-resource "https://support.mozilla.org/kb/captive-portal" in "http://detectportal.firefox.com/canonical.html"  	[MsgId: MMSG-26573]
Action.c(4): Error -35196: HTTP Status-Code=429 (Retry With) for "https://support.mozilla.org/kb/captive-portal"  	[MsgId: MERR-35196]
End auto log messages stack.	[MsgId: MMSG-10544]


Start auto log messages stack - Iteration 1039.	[MsgId: MMSG-10545]
Starting action Action.	[MsgId: MMSG-15919]
Action.c(4): web_url("canonical.html") started  	[MsgId: MMSG-26355]
Action.c(4): Detected non-resource "https://support.mozilla.org/kb/captive-portal" in "http://detectportal.firefox.com/canonical.html"  	[MsgId: MMSG-26573]
Action.c(4): Error -35196: HTTP Status-Code=429 (Retry With) for "https://support.mozilla.org/kb/captive-portal"  	[MsgId: MERR-35196]
End auto log messages stack.	[MsgId: MMSG-10544]


Start auto log messages stack - Iteration 1136.	[MsgId: MMSG-10545]
Starting action Action.	[MsgId: MMSG-15919]
Action.c(4): web_url("canonical.html") started  	[MsgId: MMSG-26355]
Action.c(4): Detected non-resource "https://support.mozilla.org/kb/captive-portal" in "http://detectportal.firefox.com/canonical.html"  	[MsgId: MMSG-26573]
Action.c(4): Error -35196: HTTP Status-Code=429 (Retry With) for "https://support.mozilla.org/kb/captive-portal"  	[MsgId: MERR-35196]
End auto log messages stack.	[MsgId: MMSG-10544]


Start auto log messages stack - Iteration 977.	[MsgId: MMSG-10545]
Starting action Action.	[MsgId: MMSG-15919]
Action.c(4): web_url("canonical.html") started  	[MsgId: MMSG-26355]
Action.c(4): Detected non-resource "https://support.mozilla.org/kb/captive-portal" in "http://detectportal.firefox.com/canonical.html"  	[MsgId: MMSG-26573]
Action.c(4): Error -35196: HTTP Status-Code=429 (Retry With) for "https://support.mozilla.org/kb/captive-portal"  	[MsgId: MERR-35196]
End auto log messages stack.	[MsgId: MMSG-10544]


Start auto log messages stack - Iteration 1088.	[MsgId: MMSG-10545]
Starting action Action.	[MsgId: MMSG-15919]
Action.c(4): web_url("canonical.html") started  	[MsgId: MMSG-26355]
Action.c(4): Detected non-resource "https://support.mozilla.org/kb/captive-portal" in "http://detectportal.firefox.com/canonical.html"  	[MsgId: MMSG-26573]
Action.c(4): Error -35196: HTTP Status-Code=429 (Retry With) for "https://support.mozilla.org/kb/captive-portal"  	[MsgId: MERR-35196]
End auto log messages stack.	[MsgId: MMSG-10544]


Start auto log messages stack - Iteration 1081.	[MsgId: MMSG-10545]
Starting action Action.	[MsgId: MMSG-15919]
Action.c(4): web_url("canonical.html") started  	[MsgId: MMSG-26355]
Action.c(4): Detected non-resource "https://support.mozilla.org/kb/captive-portal" in "http://detectportal.firefox.com/canonical.html"  	[MsgId: MMSG-26573]
Action.c(4): Error -35196: HTTP Status-Code=429 (Retry With) for "https://support.mozilla.org/kb/captive-portal"  	[MsgId: MERR-35196]
End auto log messages stack.	[MsgId: MMSG-10544]


Start auto log messages stack - Iteration 1040.	[MsgId: MMSG-10545]
Starting action Action.	[MsgId: MMSG-15919]
Action.c(4): web_url("canonical.html") started  	[MsgId: MMSG-26355]
Action.c(4): Detected non-resource "https://support.mozilla.org/kb/captive-portal" in "http://detectportal.firefox.com/canonical.html"  	[MsgId: MMSG-26573]
Action.c(4): Error -35196: HTTP Status-Code=429 (Retry With) for "https://support.mozilla.org/kb/captive-portal"  	[MsgId: MERR-35196]
End auto log messages stack.	[MsgId: MMSG-10544]


Start auto log messages stack - Iteration 978.	[MsgId: MMSG-10545]
Starting action Action.	[MsgId: MMSG-15919]
Action.c(4): web_url("canonical.html") started  	[MsgId: MMSG-26355]
Action.c(4): Detected non-resource "https://support.mozilla.org/kb/captive-portal" in "http://detectportal.firefox.com/canonical.html"  	[MsgId: MMSG-26573]
Action.c(4): Error -35196: HTTP Status-Code=429 (Retry With) for "https://support.mozilla.org/kb/captive-portal"  	[MsgId: MERR-35196]
End auto log messages stack.	[MsgId: MMSG-10544]


Start auto log messages stack - Iteration 1041.	[MsgId: MMSG-10545]
Starting action Action.	[MsgId: MMSG-15919]
Action.c(4): web_url("canonical.html") started  	[MsgId: MMSG-26355]
Action.c(4): Detected non-resource "https://support.mozilla.org/kb/captive-portal" in "http://detectportal.firefox.com/canonical.html"  	[MsgId: MMSG-26573]
Action.c(4): Error -35196: HTTP Status-Code=429 (Retry With) for "https://support.mozilla.org/kb/captive-portal"  	[MsgId: MERR-35196]
End auto log messages stack.	[MsgId: MMSG-10544]


Start auto log messages stack - Iteration 988.	[MsgId: MMSG-10545]
Starting action Action.	[MsgId: MMSG-15919]
Action.c(4): web_url("canonical.html") started  	[MsgId: MMSG-26355]
Action.c(4): Detected non-resource "https://support.mozilla.org/kb/captive-portal" in "http://detectportal.firefox.com/canonical.html"  	[MsgId: MMSG-26573]
Action.c(4): Error -35196: HTTP Status-Code=429 (Retry With) for "https://support.mozilla.org/kb/captive-portal"  	[MsgId: MERR-35196]
End auto log messages stack.	[MsgId: MMSG-10544]


Start auto log messages stack - Iteration 979.	[MsgId: MMSG-10545]
Starting action Action.	[MsgId: MMSG-15919]
Action.c(4): web_url("canonical.html") started  	[MsgId: MMSG-26355]
Action.c(4): Detected non-resource "https://support.mozilla.org/kb/captive-portal" in "http://detectportal.firefox.com/canonical.html"  	[MsgId: MMSG-26573]
Action.c(4): Error -35196: HTTP Status-Code=429 (Retry With) for "https://support.mozilla.org/kb/captive-portal"  	[MsgId: MERR-35196]
End auto log messages stack.	[MsgId: MMSG-10544]


Start auto log messages stack - Iteration 1137.	[MsgId: MMSG-10545]
Starting action Action.	[MsgId: MMSG-15919]
Action.c(4): web_url("canonical.html") started  	[MsgId: MMSG-26355]
Action.c(4): Detected non-resource "https://support.mozilla.org/kb/captive-portal" in "http://detectportal.firefox.com/canonical.html"  	[MsgId: MMSG-26573]
Action.c(4): Error -35196: HTTP Status-Code=429 (Retry With) for "https://support.mozilla.org/kb/captive-portal"  	[MsgId: MERR-35196]
Start auto log messages stack - Iteration 1089.	[MsgId: MMSG-10545]
Starting action Action.	[MsgId: MMSG-15919]
Action.c(4): web_url("canonical.html") started  	[MsgId: MMSG-26355]
End auto log messages stack.	[MsgId: MMSG-10544]
Action.c(4): Detected non-resource "https://support.mozilla.org/kb/captive-portal" in "http://detectportal.firefox.com/canonical.html"  	[MsgId: MMSG-26573]


Action.c(4): Error -35196: HTTP Status-Code=429 (Retry With) for "https://support.mozilla.org/kb/captive-portal"  	[MsgId: MERR-35196]
End auto log messages stack.	[MsgId: MMSG-10544]


Start auto log messages stack - Iteration 1042.	[MsgId: MMSG-10545]
Starting action Action.	[MsgId: MMSG-15919]
Action.c(4): web_url("canonical.html") started  	[MsgId: MMSG-26355]
Action.c(4): Detected non-resource "https://support.mozilla.org/kb/captive-portal" in "http://detectportal.firefox.com/canonical.html"  	[MsgId: MMSG-26573]
Action.c(4): Error -35196: HTTP Status-Code=429 (Retry With) for "https://support.mozilla.org/kb/captive-portal"  	[MsgId: MERR-35196]
End auto log messages stack.	[MsgId: MMSG-10544]


Start auto log messages stack - Iteration 989.	[MsgId: MMSG-10545]
Starting action Action.	[MsgId: MMSG-15919]
Action.c(4): web_url("canonical.html") started  	[MsgId: MMSG-26355]
Action.c(4): Detected non-resource "https://support.mozilla.org/kb/captive-portal" in "http://detectportal.firefox.com/canonical.html"  	[MsgId: MMSG-26573]
Action.c(4): Error -35196: HTTP Status-Code=429 (Retry With) for "https://support.mozilla.org/kb/captive-portal"  	[MsgId: MERR-35196]
End auto log messages stack.	[MsgId: MMSG-10544]


Start auto log messages stack - Iteration 980.	[MsgId: MMSG-10545]
Starting action Action.	[MsgId: MMSG-15919]
Action.c(4): web_url("canonical.html") started  	[MsgId: MMSG-26355]
Action.c(4): Detected non-resource "https://support.mozilla.org/kb/captive-portal" in "http://detectportal.firefox.com/canonical.html"  	[MsgId: MMSG-26573]
Action.c(4): Error -35196: HTTP Status-Code=429 (Retry With) for "https://support.mozilla.org/kb/captive-portal"  	[MsgId: MERR-35196]
End auto log messages stack.	[MsgId: MMSG-10544]


Start auto log messages stack - Iteration 1138.	[MsgId: MMSG-10545]
Starting action Action.	[MsgId: MMSG-15919]
Action.c(4): web_url("canonical.html") started  	[MsgId: MMSG-26355]
Action.c(4): Detected non-resource "https://support.mozilla.org/kb/captive-portal" in "http://detectportal.firefox.com/canonical.html"  	[MsgId: MMSG-26573]
Action.c(4): Error -35196: HTTP Status-Code=429 (Retry With) for "https://support.mozilla.org/kb/captive-portal"  	[MsgId: MERR-35196]
End auto log messages stack.	[MsgId: MMSG-10544]


Start auto log messages stack - Iteration 1090.	[MsgId: MMSG-10545]
Starting action Action.	[MsgId: MMSG-15919]
Action.c(4): web_url("canonical.html") started  	[MsgId: MMSG-26355]
Action.c(4): Detected non-resource "https://support.mozilla.org/kb/captive-portal" in "http://detectportal.firefox.com/canonical.html"  	[MsgId: MMSG-26573]
Action.c(4): Error -35196: HTTP Status-Code=429 (Retry With) for "https://support.mozilla.org/kb/captive-portal"  	[MsgId: MERR-35196]
End auto log messages stack.	[MsgId: MMSG-10544]


Start auto log messages stack - Iteration 990.	[MsgId: MMSG-10545]
Starting action Action.	[MsgId: MMSG-15919]
Action.c(4): web_url("canonical.html") started  	[MsgId: MMSG-26355]
Action.c(4): Detected non-resource "https://support.mozilla.org/kb/captive-portal" in "http://detectportal.firefox.com/canonical.html"  	[MsgId: MMSG-26573]
Action.c(4): Error -35196: HTTP Status-Code=429 (Retry With) for "https://support.mozilla.org/kb/captive-portal"  	[MsgId: MERR-35196]
End auto log messages stack.	[MsgId: MMSG-10544]


Start auto log messages stack - Iteration 1043.	[MsgId: MMSG-10545]
Starting action Action.	[MsgId: MMSG-15919]
Action.c(4): web_url("canonical.html") started  	[MsgId: MMSG-26355]
Action.c(4): Detected non-resource "https://support.mozilla.org/kb/captive-portal" in "http://detectportal.firefox.com/canonical.html"  	[MsgId: MMSG-26573]
Action.c(4): Error -35196: HTTP Status-Code=429 (Retry With) for "https://support.mozilla.org/kb/captive-portal"  	[MsgId: MERR-35196]
End auto log messages stack.	[MsgId: MMSG-10544]


Start auto log messages stack - Iteration 981.	[MsgId: MMSG-10545]
Starting action Action.	[MsgId: MMSG-15919]
Action.c(4): web_url("canonical.html") started  	[MsgId: MMSG-26355]
Action.c(4): Detected non-resource "https://support.mozilla.org/kb/captive-portal" in "http://detectportal.firefox.com/canonical.html"  	[MsgId: MMSG-26573]
Action.c(4): Error -35196: HTTP Status-Code=429 (Retry With) for "https://support.mozilla.org/kb/captive-portal"  	[MsgId: MERR-35196]
End auto log messages stack.	[MsgId: MMSG-10544]


Start auto log messages stack - Iteration 991.	[MsgId: MMSG-10545]
Starting action Action.	[MsgId: MMSG-15919]
Action.c(4): web_url("canonical.html") started  	[MsgId: MMSG-26355]
Action.c(4): Detected non-resource "https://support.mozilla.org/kb/captive-portal" in "http://detectportal.firefox.com/canonical.html"  	[MsgId: MMSG-26573]
Action.c(4): Error -35196: HTTP Status-Code=429 (Retry With) for "https://support.mozilla.org/kb/captive-portal"  	[MsgId: MERR-35196]
Start auto log messages stack - Iteration 1091.	[MsgId: MMSG-10545]
Starting action Action.	[MsgId: MMSG-15919]
Action.c(4): web_url("canonical.html") started  	[MsgId: MMSG-26355]
Action.c(4): Detected non-resource "https://support.mozilla.org/kb/captive-portal" in "http://detectportal.firefox.com/canonical.html"  	[MsgId: MMSG-26573]
Action.c(4): Error -35196: HTTP Status-Code=429 (Retry With) for "https://support.mozilla.org/kb/captive-portal"  	[MsgId: MERR-35196]
Start auto log messages stack - Iteration 1044.	[MsgId: MMSG-10545]
Starting action Action.	[MsgId: MMSG-15919]
End auto log messages stack.	[MsgId: MMSG-10544]


Start auto log messages stack - Iteration 1139.	[MsgId: MMSG-10545]
Starting action Action.	[MsgId: MMSG-15919]
Action.c(4): web_url("canonical.html") started  	[MsgId: MMSG-26355]
Action.c(4): Detected non-resource "https://support.mozilla.org/kb/captive-portal" in "http://detectportal.firefox.com/canonical.html"  	[MsgId: MMSG-26573]
Action.c(4): Error -35196: HTTP Status-Code=429 (Retry With) for "https://support.mozilla.org/kb/captive-portal"  	[MsgId: MERR-35196]
End auto log messages stack.	[MsgId: MMSG-10544]


End auto log messages stack.	[MsgId: MMSG-10544]


Action.c(4): web_url("canonical.html") started  	[MsgId: MMSG-26355]
Action.c(4): Detected non-resource "https://support.mozilla.org/kb/captive-portal" in "http://detectportal.firefox.com/canonical.html"  	[MsgId: MMSG-26573]
Action.c(4): Error -35196: HTTP Status-Code=429 (Retry With) for "https://support.mozilla.org/kb/captive-portal"  	[MsgId: MERR-35196]
End auto log messages stack.	[MsgId: MMSG-10544]


Start auto log messages stack - Iteration 982.	[MsgId: MMSG-10545]
Starting action Action.	[MsgId: MMSG-15919]
Action.c(4): web_url("canonical.html") started  	[MsgId: MMSG-26355]
Action.c(4): Detected non-resource "https://support.mozilla.org/kb/captive-portal" in "http://detectportal.firefox.com/canonical.html"  	[MsgId: MMSG-26573]
Action.c(4): Error -35196: HTTP Status-Code=429 (Retry With) for "https://support.mozilla.org/kb/captive-portal"  	[MsgId: MERR-35196]
End auto log messages stack.	[MsgId: MMSG-10544]


Start auto log messages stack - Iteration 1140.	[MsgId: MMSG-10545]
Starting action Action.	[MsgId: MMSG-15919]
Action.c(4): web_url("canonical.html") started  	[MsgId: MMSG-26355]
Action.c(4): Detected non-resource "https://support.mozilla.org/kb/captive-portal" in "http://detectportal.firefox.com/canonical.html"  	[MsgId: MMSG-26573]
Action.c(4): Error -35196: HTTP Status-Code=429 (Retry With) for "https://support.mozilla.org/kb/captive-portal"  	[MsgId: MERR-35196]
End auto log messages stack.	[MsgId: MMSG-10544]


Start auto log messages stack - Iteration 1092.	[MsgId: MMSG-10545]
Starting action Action.	[MsgId: MMSG-15919]
Action.c(4): web_url("canonical.html") started  	[MsgId: MMSG-26355]
Action.c(4): Detected non-resource "https://support.mozilla.org/kb/captive-portal" in "http://detectportal.firefox.com/canonical.html"  	[MsgId: MMSG-26573]
Action.c(4): Error -35196: HTTP Status-Code=429 (Retry With) for "https://support.mozilla.org/kb/captive-portal"  	[MsgId: MERR-35196]
End auto log messages stack.	[MsgId: MMSG-10544]


Start auto log messages stack - Iteration 992.	[MsgId: MMSG-10545]
Starting action Action.	[MsgId: MMSG-15919]
Start auto log messages stack - Iteration 1045.	[MsgId: MMSG-10545]
Action.c(4): web_url("canonical.html") started  	[MsgId: MMSG-26355]
Starting action Action.	[MsgId: MMSG-15919]
Action.c(4): web_url("canonical.html") started  	[MsgId: MMSG-26355]
Action.c(4): Detected non-resource "https://support.mozilla.org/kb/captive-portal" in "http://detectportal.firefox.com/canonical.html"  	[MsgId: MMSG-26573]
Action.c(4): Error -35196: HTTP Status-Code=429 (Retry With) for "https://support.mozilla.org/kb/captive-portal"  	[MsgId: MERR-35196]
Action.c(4): Detected non-resource "https://support.mozilla.org/kb/captive-portal" in "http://detectportal.firefox.com/canonical.html"  	[MsgId: MMSG-26573]
Action.c(4): Error -35196: HTTP Status-Code=429 (Retry With) for "https://support.mozilla.org/kb/captive-portal"  	[MsgId: MERR-35196]
End auto log messages stack.	[MsgId: MMSG-10544]
End auto log messages stack.	[MsgId: MMSG-10544]




Start auto log messages stack - Iteration 983.	[MsgId: MMSG-10545]
Starting action Action.	[MsgId: MMSG-15919]
Action.c(4): web_url("canonical.html") started  	[MsgId: MMSG-26355]
Action.c(4): Detected non-resource "https://support.mozilla.org/kb/captive-portal" in "http://detectportal.firefox.com/canonical.html"  	[MsgId: MMSG-26573]
Action.c(4): Error -35196: HTTP Status-Code=429 (Retry With) for "https://support.mozilla.org/kb/captive-portal"  	[MsgId: MERR-35196]
End auto log messages stack.	[MsgId: MMSG-10544]


Start auto log messages stack - Iteration 1046.	[MsgId: MMSG-10545]
Starting action Action.	[MsgId: MMSG-15919]
Action.c(4): web_url("canonical.html") started  	[MsgId: MMSG-26355]
Action.c(4): Detected non-resource "https://support.mozilla.org/kb/captive-portal" in "http://detectportal.firefox.com/canonical.html"  	[MsgId: MMSG-26573]
Action.c(4): Error -35196: HTTP Status-Code=429 (Retry With) for "https://support.mozilla.org/kb/captive-portal"  	[MsgId: MERR-35196]
End auto log messages stack.	[MsgId: MMSG-10544]


Start auto log messages stack - Iteration 1082.	[MsgId: MMSG-10545]
Starting action Action.	[MsgId: MMSG-15919]
Action.c(4): web_url("canonical.html") started  	[MsgId: MMSG-26355]
Action.c(4): Detected non-resource "https://support.mozilla.org/kb/captive-portal" in "http://detectportal.firefox.com/canonical.html"  	[MsgId: MMSG-26573]
Action.c(4): Error -35196: HTTP Status-Code=429 (Retry With) for "https://support.mozilla.org/kb/captive-portal"  	[MsgId: MERR-35196]
Start auto log messages stack - Iteration 1093.	[MsgId: MMSG-10545]
Starting action Action.	[MsgId: MMSG-15919]
Action.c(4): web_url("canonical.html") started  	[MsgId: MMSG-26355]
Start auto log messages stack - Iteration 1141.	[MsgId: MMSG-10545]
Starting action Action.	[MsgId: MMSG-15919]
Action.c(4): web_url("canonical.html") started  	[MsgId: MMSG-26355]
Action.c(4): Detected non-resource "https://support.mozilla.org/kb/captive-portal" in "http://detectportal.firefox.com/canonical.html"  	[MsgId: MMSG-26573]
Action.c(4): Error -35196: HTTP Status-Code=429 (Retry With) for "https://support.mozilla.org/kb/captive-portal"  	[MsgId: MERR-35196]
End auto log messages stack.	[MsgId: MMSG-10544]


Action.c(4): Detected non-resource "https://support.mozilla.org/kb/captive-portal" in "http://detectportal.firefox.com/canonical.html"  	[MsgId: MMSG-26573]
Action.c(4): Error -35196: HTTP Status-Code=429 (Retry With) for "https://support.mozilla.org/kb/captive-portal"  	[MsgId: MERR-35196]
End auto log messages stack.	[MsgId: MMSG-10544]


Start auto log messages stack - Iteration 993.	[MsgId: MMSG-10545]
Starting action Action.	[MsgId: MMSG-15919]
Action.c(4): web_url("canonical.html") started  	[MsgId: MMSG-26355]
Action.c(4): Detected non-resource "https://support.mozilla.org/kb/captive-portal" in "http://detectportal.firefox.com/canonical.html"  	[MsgId: MMSG-26573]
Action.c(4): Error -35196: HTTP Status-Code=429 (Retry With) for "https://support.mozilla.org/kb/captive-portal"  	[MsgId: MERR-35196]
End auto log messages stack.	[MsgId: MMSG-10544]


End auto log messages stack.	[MsgId: MMSG-10544]


Start auto log messages stack - Iteration 984.	[MsgId: MMSG-10545]
Starting action Action.	[MsgId: MMSG-15919]
Action.c(4): web_url("canonical.html") started  	[MsgId: MMSG-26355]
Action.c(4): Detected non-resource "https://support.mozilla.org/kb/captive-portal" in "http://detectportal.firefox.com/canonical.html"  	[MsgId: MMSG-26573]
Action.c(4): Error -35196: HTTP Status-Code=429 (Retry With) for "https://support.mozilla.org/kb/captive-portal"  	[MsgId: MERR-35196]
End auto log messages stack.	[MsgId: MMSG-10544]


Start auto log messages stack - Iteration 1047.	[MsgId: MMSG-10545]
Starting action Action.	[MsgId: MMSG-15919]
Action.c(4): web_url("canonical.html") started  	[MsgId: MMSG-26355]
Action.c(4): Detected non-resource "https://support.mozilla.org/kb/captive-portal" in "http://detectportal.firefox.com/canonical.html"  	[MsgId: MMSG-26573]
Action.c(4): Error -35196: HTTP Status-Code=429 (Retry With) for "https://support.mozilla.org/kb/captive-portal"  	[MsgId: MERR-35196]
End auto log messages stack.	[MsgId: MMSG-10544]


Start auto log messages stack - Iteration 1142.	[MsgId: MMSG-10545]
Starting action Action.	[MsgId: MMSG-15919]
Action.c(4): web_url("canonical.html") started  	[MsgId: MMSG-26355]
Action.c(4): Detected non-resource "https://support.mozilla.org/kb/captive-portal" in "http://detectportal.firefox.com/canonical.html"  	[MsgId: MMSG-26573]
Action.c(4): Error -35196: HTTP Status-Code=429 (Retry With) for "https://support.mozilla.org/kb/captive-portal"  	[MsgId: MERR-35196]
End auto log messages stack.	[MsgId: MMSG-10544]


Start auto log messages stack - Iteration 1083.	[MsgId: MMSG-10545]
Start auto log messages stack - Iteration 1094.	[MsgId: MMSG-10545]
Starting action Action.	[MsgId: MMSG-15919]
Action.c(4): web_url("canonical.html") started  	[MsgId: MMSG-26355]
Action.c(4): Detected non-resource "https://support.mozilla.org/kb/captive-portal" in "http://detectportal.firefox.com/canonical.html"  	[MsgId: MMSG-26573]
Start auto log messages stack - Iteration 994.	[MsgId: MMSG-10545]
Action.c(4): Error -35196: HTTP Status-Code=429 (Retry With) for "https://support.mozilla.org/kb/captive-portal"  	[MsgId: MERR-35196]
Starting action Action.	[MsgId: MMSG-15919]
Action.c(4): web_url("canonical.html") started  	[MsgId: MMSG-26355]
Action.c(4): Detected non-resource "https://support.mozilla.org/kb/captive-portal" in "http://detectportal.firefox.com/canonical.html"  	[MsgId: MMSG-26573]
Action.c(4): Error -35196: HTTP Status-Code=429 (Retry With) for "https://support.mozilla.org/kb/captive-portal"  	[MsgId: MERR-35196]
End auto log messages stack.	[MsgId: MMSG-10544]


End auto log messages stack.	[MsgId: MMSG-10544]


Starting action Action.	[MsgId: MMSG-15919]
Action.c(4): web_url("canonical.html") started  	[MsgId: MMSG-26355]
Action.c(4): Detected non-resource "https://support.mozilla.org/kb/captive-portal" in "http://detectportal.firefox.com/canonical.html"  	[MsgId: MMSG-26573]
Action.c(4): Error -35196: HTTP Status-Code=429 (Retry With) for "https://support.mozilla.org/kb/captive-portal"  	[MsgId: MERR-35196]
End auto log messages stack.	[MsgId: MMSG-10544]


Start auto log messages stack - Iteration 1048.	[MsgId: MMSG-10545]
Starting action Action.	[MsgId: MMSG-15919]
Action.c(4): web_url("canonical.html") started  	[MsgId: MMSG-26355]
Action.c(4): Detected non-resource "https://support.mozilla.org/kb/captive-portal" in "http://detectportal.firefox.com/canonical.html"  	[MsgId: MMSG-26573]
Action.c(4): Error -35196: HTTP Status-Code=429 (Retry With) for "https://support.mozilla.org/kb/captive-portal"  	[MsgId: MERR-35196]
End auto log messages stack.	[MsgId: MMSG-10544]


Start auto log messages stack - Iteration 985.	[MsgId: MMSG-10545]
Starting action Action.	[MsgId: MMSG-15919]
Action.c(4): web_url("canonical.html") started  	[MsgId: MMSG-26355]
Action.c(4): Detected non-resource "https://support.mozilla.org/kb/captive-portal" in "http://detectportal.firefox.com/canonical.html"  	[MsgId: MMSG-26573]
Action.c(4): Error -35196: HTTP Status-Code=429 (Retry With) for "https://support.mozilla.org/kb/captive-portal"  	[MsgId: MERR-35196]
End auto log messages stack.	[MsgId: MMSG-10544]


Start auto log messages stack - Iteration 1143.	[MsgId: MMSG-10545]
Starting action Action.	[MsgId: MMSG-15919]
Action.c(4): web_url("canonical.html") started  	[MsgId: MMSG-26355]
Action.c(4): Detected non-resource "https://support.mozilla.org/kb/captive-portal" in "http://detectportal.firefox.com/canonical.html"  	[MsgId: MMSG-26573]
Action.c(4): Error -35196: HTTP Status-Code=429 (Retry With) for "https://support.mozilla.org/kb/captive-portal"  	[MsgId: MERR-35196]
End auto log messages stack.	[MsgId: MMSG-10544]


Start auto log messages stack - Iteration 995.	[MsgId: MMSG-10545]
Starting action Action.	[MsgId: MMSG-15919]
Action.c(4): web_url("canonical.html") started  	[MsgId: MMSG-26355]
Action.c(4): Detected non-resource "https://support.mozilla.org/kb/captive-portal" in "http://detectportal.firefox.com/canonical.html"  	[MsgId: MMSG-26573]
Action.c(4): Error -35196: HTTP Status-Code=429 (Retry With) for "https://support.mozilla.org/kb/captive-portal"  	[MsgId: MERR-35196]
End auto log messages stack.	[MsgId: MMSG-10544]


Start auto log messages stack - Iteration 1095.	[MsgId: MMSG-10545]
Starting action Action.	[MsgId: MMSG-15919]
Action.c(4): web_url("canonical.html") started  	[MsgId: MMSG-26355]
Action.c(4): Detected non-resource "https://support.mozilla.org/kb/captive-portal" in "http://detectportal.firefox.com/canonical.html"  	[MsgId: MMSG-26573]
Action.c(4): Error -35196: HTTP Status-Code=429 (Retry With) for "https://support.mozilla.org/kb/captive-portal"  	[MsgId: MERR-35196]
Start auto log messages stack - Iteration 1084.	[MsgId: MMSG-10545]
Starting action Action.	[MsgId: MMSG-15919]
Action.c(4): web_url("canonical.html") started  	[MsgId: MMSG-26355]
Action.c(4): Detected non-resource "https://support.mozilla.org/kb/captive-portal" in "http://detectportal.firefox.com/canonical.html"  	[MsgId: MMSG-26573]
Action.c(4): Error -35196: HTTP Status-Code=429 (Retry With) for "https://support.mozilla.org/kb/captive-portal"  	[MsgId: MERR-35196]
End auto log messages stack.	[MsgId: MMSG-10544]


End auto log messages stack.	[MsgId: MMSG-10544]


Start auto log messages stack - Iteration 1049.	[MsgId: MMSG-10545]
Starting action Action.	[MsgId: MMSG-15919]
Action.c(4): web_url("canonical.html") started  	[MsgId: MMSG-26355]
Action.c(4): Detected non-resource "https://support.mozilla.org/kb/captive-portal" in "http://detectportal.firefox.com/canonical.html"  	[MsgId: MMSG-26573]
Action.c(4): Error -35196: HTTP Status-Code=429 (Retry With) for "https://support.mozilla.org/kb/captive-portal"  	[MsgId: MERR-35196]
End auto log messages stack.	[MsgId: MMSG-10544]


Start auto log messages stack - Iteration 1144.	[MsgId: MMSG-10545]
Starting action Action.	[MsgId: MMSG-15919]
Action.c(4): web_url("canonical.html") started  	[MsgId: MMSG-26355]
Start auto log messages stack - Iteration 986.	[MsgId: MMSG-10545]
Starting action Action.	[MsgId: MMSG-15919]
Action.c(4): web_url("canonical.html") started  	[MsgId: MMSG-26355]
Action.c(4): Detected non-resource "https://support.mozilla.org/kb/captive-portal" in "http://detectportal.firefox.com/canonical.html"  	[MsgId: MMSG-26573]
Action.c(4): Error -35196: HTTP Status-Code=429 (Retry With) for "https://support.mozilla.org/kb/captive-portal"  	[MsgId: MERR-35196]
Action.c(4): Detected non-resource "https://support.mozilla.org/kb/captive-portal" in "http://detectportal.firefox.com/canonical.html"  	[MsgId: MMSG-26573]
Action.c(4): Error -35196: HTTP Status-Code=429 (Retry With) for "https://support.mozilla.org/kb/captive-portal"  	[MsgId: MERR-35196]
End auto log messages stack.	[MsgId: MMSG-10544]


End auto log messages stack.	[MsgId: MMSG-10544]


Start auto log messages stack - Iteration 1085.	[MsgId: MMSG-10545]
Starting action Action.	[MsgId: MMSG-15919]
Action.c(4): web_url("canonical.html") started  	[MsgId: MMSG-26355]
Action.c(4): Detected non-resource "https://support.mozilla.org/kb/captive-portal" in "http://detectportal.firefox.com/canonical.html"  	[MsgId: MMSG-26573]
Action.c(4): Error -35196: HTTP Status-Code=429 (Retry With) for "https://support.mozilla.org/kb/captive-portal"  	[MsgId: MERR-35196]
End auto log messages stack.	[MsgId: MMSG-10544]


Start auto log messages stack - Iteration 996.	[MsgId: MMSG-10545]
Starting action Action.	[MsgId: MMSG-15919]
Action.c(4): web_url("canonical.html") started  	[MsgId: MMSG-26355]
Action.c(4): Detected non-resource "https://support.mozilla.org/kb/captive-portal" in "http://detectportal.firefox.com/canonical.html"  	[MsgId: MMSG-26573]
Action.c(4): Error -35196: HTTP Status-Code=429 (Retry With) for "https://support.mozilla.org/kb/captive-portal"  	[MsgId: MERR-35196]
End auto log messages stack.	[MsgId: MMSG-10544]


Start auto log messages stack - Iteration 1096.	[MsgId: MMSG-10545]
Starting action Action.	[MsgId: MMSG-15919]
Action.c(4): web_url("canonical.html") started  	[MsgId: MMSG-26355]
Action.c(4): Detected non-resource "https://support.mozilla.org/kb/captive-portal" in "http://detectportal.firefox.com/canonical.html"  	[MsgId: MMSG-26573]
Action.c(4): Error -35196: HTTP Status-Code=429 (Retry With) for "https://support.mozilla.org/kb/captive-portal"  	[MsgId: MERR-35196]
End auto log messages stack.	[MsgId: MMSG-10544]


Start auto log messages stack - Iteration 1050.	[MsgId: MMSG-10545]
Starting action Action.	[MsgId: MMSG-15919]
Action.c(4): web_url("canonical.html") started  	[MsgId: MMSG-26355]
Action.c(4): Detected non-resource "https://support.mozilla.org/kb/captive-portal" in "http://detectportal.firefox.com/canonical.html"  	[MsgId: MMSG-26573]
Action.c(4): Error -35196: HTTP Status-Code=429 (Retry With) for "https://support.mozilla.org/kb/captive-portal"  	[MsgId: MERR-35196]
End auto log messages stack.	[MsgId: MMSG-10544]


Start auto log messages stack - Iteration 987.	[MsgId: MMSG-10545]
Starting action Action.	[MsgId: MMSG-15919]
Action.c(4): web_url("canonical.html") started  	[MsgId: MMSG-26355]
Action.c(4): Detected non-resource "https://support.mozilla.org/kb/captive-portal" in "http://detectportal.firefox.com/canonical.html"  	[MsgId: MMSG-26573]
Action.c(4): Error -35196: HTTP Status-Code=429 (Retry With) for "https://support.mozilla.org/kb/captive-portal"  	[MsgId: MERR-35196]
Start auto log messages stack - Iteration 1145.	[MsgId: MMSG-10545]
Starting action Action.	[MsgId: MMSG-15919]
Action.c(4): web_url("canonical.html") started  	[MsgId: MMSG-26355]
Action.c(4): Detected non-resource "https://support.mozilla.org/kb/captive-portal" in "http://detectportal.firefox.com/canonical.html"  	[MsgId: MMSG-26573]
Action.c(4): Error -35196: HTTP Status-Code=429 (Retry With) for "https://support.mozilla.org/kb/captive-portal"  	[MsgId: MERR-35196]
End auto log messages stack.	[MsgId: MMSG-10544]


End auto log messages stack.	[MsgId: MMSG-10544]


Start auto log messages stack - Iteration 997.	[MsgId: MMSG-10545]
Starting action Action.	[MsgId: MMSG-15919]
Action.c(4): web_url("canonical.html") started  	[MsgId: MMSG-26355]
Action.c(4): Detected non-resource "https://support.mozilla.org/kb/captive-portal" in "http://detectportal.firefox.com/canonical.html"  	[MsgId: MMSG-26573]
Action.c(4): Error -35196: HTTP Status-Code=429 (Retry With) for "https://support.mozilla.org/kb/captive-portal"  	[MsgId: MERR-35196]
Start auto log messages stack - Iteration 1086.	[MsgId: MMSG-10545]
Starting action Action.	[MsgId: MMSG-15919]
Action.c(4): web_url("canonical.html") started  	[MsgId: MMSG-26355]
Action.c(4): Detected non-resource "https://support.mozilla.org/kb/captive-portal" in "http://detectportal.firefox.com/canonical.html"  	[MsgId: MMSG-26573]
Action.c(4): Error -35196: HTTP Status-Code=429 (Retry With) for "https://support.mozilla.org/kb/captive-portal"  	[MsgId: MERR-35196]
End auto log messages stack.	[MsgId: MMSG-10544]


End auto log messages stack.	[MsgId: MMSG-10544]


Start auto log messages stack - Iteration 1097.	[MsgId: MMSG-10545]
Starting action Action.	[MsgId: MMSG-15919]
Action.c(4): web_url("canonical.html") started  	[MsgId: MMSG-26355]
Action.c(4): Detected non-resource "https://support.mozilla.org/kb/captive-portal" in "http://detectportal.firefox.com/canonical.html"  	[MsgId: MMSG-26573]
Action.c(4): Error -35196: HTTP Status-Code=429 (Retry With) for "https://support.mozilla.org/kb/captive-portal"  	[MsgId: MERR-35196]
End auto log messages stack.	[MsgId: MMSG-10544]


Start auto log messages stack - Iteration 1051.	[MsgId: MMSG-10545]
Starting action Action.	[MsgId: MMSG-15919]
Action.c(4): web_url("canonical.html") started  	[MsgId: MMSG-26355]
Action.c(4): Detected non-resource "https://support.mozilla.org/kb/captive-portal" in "http://detectportal.firefox.com/canonical.html"  	[MsgId: MMSG-26573]
Action.c(4): Error -35196: HTTP Status-Code=429 (Retry With) for "https://support.mozilla.org/kb/captive-portal"  	[MsgId: MERR-35196]
End auto log messages stack.	[MsgId: MMSG-10544]


Start auto log messages stack - Iteration 988.	[MsgId: MMSG-10545]
Starting action Action.	[MsgId: MMSG-15919]
Action.c(4): web_url("canonical.html") started  	[MsgId: MMSG-26355]
Action.c(4): Detected non-resource "https://support.mozilla.org/kb/captive-portal" in "http://detectportal.firefox.com/canonical.html"  	[MsgId: MMSG-26573]
Action.c(4): Error -35196: HTTP Status-Code=429 (Retry With) for "https://support.mozilla.org/kb/captive-portal"  	[MsgId: MERR-35196]
End auto log messages stack.	[MsgId: MMSG-10544]


Start auto log messages stack - Iteration 1146.	[MsgId: MMSG-10545]
Starting action Action.	[MsgId: MMSG-15919]
Action.c(4): web_url("canonical.html") started  	[MsgId: MMSG-26355]
Action.c(4): Detected non-resource "https://support.mozilla.org/kb/captive-portal" in "http://detectportal.firefox.com/canonical.html"  	[MsgId: MMSG-26573]
Action.c(4): Error -35196: HTTP Status-Code=429 (Retry With) for "https://support.mozilla.org/kb/captive-portal"  	[MsgId: MERR-35196]
End auto log messages stack.	[MsgId: MMSG-10544]


Start auto log messages stack - Iteration 1087.	[MsgId: MMSG-10545]
Starting action Action.	[MsgId: MMSG-15919]
Action.c(4): web_url("canonical.html") started  	[MsgId: MMSG-26355]
Action.c(4): Detected non-resource "https://support.mozilla.org/kb/captive-portal" in "http://detectportal.firefox.com/canonical.html"  	[MsgId: MMSG-26573]
Action.c(4): Error -35196: HTTP Status-Code=429 (Retry With) for "https://support.mozilla.org/kb/captive-portal"  	[MsgId: MERR-35196]
End auto log messages stack.	[MsgId: MMSG-10544]


Start auto log messages stack - Iteration 998.	[MsgId: MMSG-10545]
Starting action Action.	[MsgId: MMSG-15919]
Action.c(4): web_url("canonical.html") started  	[MsgId: MMSG-26355]
Action.c(4): Detected non-resource "https://support.mozilla.org/kb/captive-portal" in "http://detectportal.firefox.com/canonical.html"  	[MsgId: MMSG-26573]
Action.c(4): Error -35196: HTTP Status-Code=429 (Retry With) for "https://support.mozilla.org/kb/captive-portal"  	[MsgId: MERR-35196]
End auto log messages stack.	[MsgId: MMSG-10544]


Start auto log messages stack - Iteration 1147.	[MsgId: MMSG-10545]
Starting action Action.	[MsgId: MMSG-15919]
Action.c(4): web_url("canonical.html") started  	[MsgId: MMSG-26355]
Action.c(4): Detected non-resource "https://support.mozilla.org/kb/captive-portal" in "http://detectportal.firefox.com/canonical.html"  	[MsgId: MMSG-26573]
Action.c(4): Error -35196: HTTP Status-Code=429 (Retry With) for "https://support.mozilla.org/kb/captive-portal"  	[MsgId: MERR-35196]
End auto log messages stack.	[MsgId: MMSG-10544]


Start auto log messages stack - Iteration 989.	[MsgId: MMSG-10545]
Starting action Action.	[MsgId: MMSG-15919]
Action.c(4): web_url("canonical.html") started  	[MsgId: MMSG-26355]
Action.c(4): Detected non-resource "https://support.mozilla.org/kb/captive-portal" in "http://detectportal.firefox.com/canonical.html"  	[MsgId: MMSG-26573]
Action.c(4): Error -35196: HTTP Status-Code=429 (Retry With) for "https://support.mozilla.org/kb/captive-portal"  	[MsgId: MERR-35196]
End auto log messages stack.	[MsgId: MMSG-10544]
Start auto log messages stack - Iteration 1098.	[MsgId: MMSG-10545]
Start auto log messages stack - Iteration 1052.	[MsgId: MMSG-10545]
Starting action Action.	[MsgId: MMSG-15919]
Action.c(4): web_url("canonical.html") started  	[MsgId: MMSG-26355]
Starting action Action.	[MsgId: MMSG-15919]
Action.c(4): Detected non-resource "https://support.mozilla.org/kb/captive-portal" in "http://detectportal.firefox.com/canonical.html"  	[MsgId: MMSG-26573]
Action.c(4): web_url("canonical.html") started  	[MsgId: MMSG-26355]
Action.c(4): Error -35196: HTTP Status-Code=429 (Retry With) for "https://support.mozilla.org/kb/captive-portal"  	[MsgId: MERR-35196]
Action.c(4): Detected non-resource "https://support.mozilla.org/kb/captive-portal" in "http://detectportal.firefox.com/canonical.html"  	[MsgId: MMSG-26573]
Action.c(4): Error -35196: HTTP Status-Code=429 (Retry With) for "https://support.mozilla.org/kb/captive-portal"  	[MsgId: MERR-35196]
End auto log messages stack.	[MsgId: MMSG-10544]


End auto log messages stack.	[MsgId: MMSG-10544]




Start auto log messages stack - Iteration 1088.	[MsgId: MMSG-10545]
Starting action Action.	[MsgId: MMSG-15919]
Action.c(4): web_url("canonical.html") started  	[MsgId: MMSG-26355]
Action.c(4): Detected non-resource "https://support.mozilla.org/kb/captive-portal" in "http://detectportal.firefox.com/canonical.html"  	[MsgId: MMSG-26573]
Action.c(4): Error -35196: HTTP Status-Code=429 (Retry With) for "https://support.mozilla.org/kb/captive-portal"  	[MsgId: MERR-35196]
End auto log messages stack.	[MsgId: MMSG-10544]


Start auto log messages stack - Iteration 990.	[MsgId: MMSG-10545]
Starting action Action.	[MsgId: MMSG-15919]
Action.c(4): web_url("canonical.html") started  	[MsgId: MMSG-26355]
Action.c(4): Detected non-resource "https://support.mozilla.org/kb/captive-portal" in "http://detectportal.firefox.com/canonical.html"  	[MsgId: MMSG-26573]
Action.c(4): Error -35196: HTTP Status-Code=429 (Retry With) for "https://support.mozilla.org/kb/captive-portal"  	[MsgId: MERR-35196]
End auto log messages stack.	[MsgId: MMSG-10544]


Start auto log messages stack - Iteration 1053.	[MsgId: MMSG-10545]
Starting action Action.	[MsgId: MMSG-15919]
Action.c(4): web_url("canonical.html") started  	[MsgId: MMSG-26355]
Action.c(4): Detected non-resource "https://support.mozilla.org/kb/captive-portal" in "http://detectportal.firefox.com/canonical.html"  	[MsgId: MMSG-26573]
Action.c(4): Error -35196: HTTP Status-Code=429 (Retry With) for "https://support.mozilla.org/kb/captive-portal"  	[MsgId: MERR-35196]
End auto log messages stack.	[MsgId: MMSG-10544]


Start auto log messages stack - Iteration 1089.	[MsgId: MMSG-10545]
Starting action Action.	[MsgId: MMSG-15919]
Action.c(4): web_url("canonical.html") started  	[MsgId: MMSG-26355]
Action.c(4): Detected non-resource "https://support.mozilla.org/kb/captive-portal" in "http://detectportal.firefox.com/canonical.html"  	[MsgId: MMSG-26573]
Action.c(4): Error -35196: HTTP Status-Code=429 (Retry With) for "https://support.mozilla.org/kb/captive-portal"  	[MsgId: MERR-35196]
End auto log messages stack.	[MsgId: MMSG-10544]


Start auto log messages stack - Iteration 1099.	[MsgId: MMSG-10545]
Starting action Action.	[MsgId: MMSG-15919]
Action.c(4): web_url("canonical.html") started  	[MsgId: MMSG-26355]
Action.c(4): Detected non-resource "https://support.mozilla.org/kb/captive-portal" in "http://detectportal.firefox.com/canonical.html"  	[MsgId: MMSG-26573]
Action.c(4): Error -35196: HTTP Status-Code=429 (Retry With) for "https://support.mozilla.org/kb/captive-portal"  	[MsgId: MERR-35196]
End auto log messages stack.	[MsgId: MMSG-10544]


Start auto log messages stack - Iteration 1148.	[MsgId: MMSG-10545]
Starting action Action.	[MsgId: MMSG-15919]
Action.c(4): web_url("canonical.html") started  	[MsgId: MMSG-26355]
Action.c(4): Detected non-resource "https://support.mozilla.org/kb/captive-portal" in "http://detectportal.firefox.com/canonical.html"  	[MsgId: MMSG-26573]
Action.c(4): Error -35196: HTTP Status-Code=429 (Retry With) for "https://support.mozilla.org/kb/captive-portal"  	[MsgId: MERR-35196]
End auto log messages stack.	[MsgId: MMSG-10544]


Start auto log messages stack - Iteration 1100.	[MsgId: MMSG-10545]
Starting action Action.	[MsgId: MMSG-15919]
Action.c(4): web_url("canonical.html") started  	[MsgId: MMSG-26355]
Action.c(4): Detected non-resource "https://support.mozilla.org/kb/captive-portal" in "http://detectportal.firefox.com/canonical.html"  	[MsgId: MMSG-26573]
Action.c(4): Error -35196: HTTP Status-Code=429 (Retry With) for "https://support.mozilla.org/kb/captive-portal"  	[MsgId: MERR-35196]
End auto log messages stack.	[MsgId: MMSG-10544]


Start auto log messages stack - Iteration 991.	[MsgId: MMSG-10545]
Starting action Action.	[MsgId: MMSG-15919]
Action.c(4): web_url("canonical.html") started  	[MsgId: MMSG-26355]
Action.c(4): Detected non-resource "https://support.mozilla.org/kb/captive-portal" in "http://detectportal.firefox.com/canonical.html"  	[MsgId: MMSG-26573]
Action.c(4): Error -35196: HTTP Status-Code=429 (Retry With) for "https://support.mozilla.org/kb/captive-portal"  	[MsgId: MERR-35196]
End auto log messages stack.	[MsgId: MMSG-10544]


Start auto log messages stack - Iteration 1054.	[MsgId: MMSG-10545]
Starting action Action.	[MsgId: MMSG-15919]
Action.c(4): web_url("canonical.html") started  	[MsgId: MMSG-26355]
Start auto log messages stack - Iteration 1149.	[MsgId: MMSG-10545]
Action.c(4): Detected non-resource "https://support.mozilla.org/kb/captive-portal" in "http://detectportal.firefox.com/canonical.html"  	[MsgId: MMSG-26573]
Action.c(4): Error -35196: HTTP Status-Code=429 (Retry With) for "https://support.mozilla.org/kb/captive-portal"  	[MsgId: MERR-35196]
Starting action Action.	[MsgId: MMSG-15919]
Action.c(4): web_url("canonical.html") started  	[MsgId: MMSG-26355]
Action.c(4): Detected non-resource "https://support.mozilla.org/kb/captive-portal" in "http://detectportal.firefox.com/canonical.html"  	[MsgId: MMSG-26573]
Action.c(4): Error -35196: HTTP Status-Code=429 (Retry With) for "https://support.mozilla.org/kb/captive-portal"  	[MsgId: MERR-35196]
End auto log messages stack.	[MsgId: MMSG-10544]


End auto log messages stack.	[MsgId: MMSG-10544]


Start auto log messages stack - Iteration 1101.	[MsgId: MMSG-10545]
Starting action Action.	[MsgId: MMSG-15919]
Action.c(4): web_url("canonical.html") started  	[MsgId: MMSG-26355]
Action.c(4): Detected non-resource "https://support.mozilla.org/kb/captive-portal" in "http://detectportal.firefox.com/canonical.html"  	[MsgId: MMSG-26573]
Action.c(4): Error -35196: HTTP Status-Code=429 (Retry With) for "https://support.mozilla.org/kb/captive-portal"  	[MsgId: MERR-35196]
End auto log messages stack.	[MsgId: MMSG-10544]


Start auto log messages stack - Iteration 992.	[MsgId: MMSG-10545]
Starting action Action.	[MsgId: MMSG-15919]
Action.c(4): web_url("canonical.html") started  	[MsgId: MMSG-26355]
Action.c(4): Detected non-resource "https://support.mozilla.org/kb/captive-portal" in "http://detectportal.firefox.com/canonical.html"  	[MsgId: MMSG-26573]
Action.c(4): Error -35196: HTTP Status-Code=429 (Retry With) for "https://support.mozilla.org/kb/captive-portal"  	[MsgId: MERR-35196]
End auto log messages stack.	[MsgId: MMSG-10544]


Start auto log messages stack - Iteration 1090.	[MsgId: MMSG-10545]
Starting action Action.	[MsgId: MMSG-15919]
Action.c(4): web_url("canonical.html") started  	[MsgId: MMSG-26355]
Action.c(4): Detected non-resource "https://support.mozilla.org/kb/captive-portal" in "http://detectportal.firefox.com/canonical.html"  	[MsgId: MMSG-26573]
Action.c(4): Error -35196: HTTP Status-Code=429 (Retry With) for "https://support.mozilla.org/kb/captive-portal"  	[MsgId: MERR-35196]
End auto log messages stack.	[MsgId: MMSG-10544]


Start auto log messages stack - Iteration 999.	[MsgId: MMSG-10545]
Starting action Action.	[MsgId: MMSG-15919]
Action.c(4): web_url("canonical.html") started  	[MsgId: MMSG-26355]
Action.c(4): Detected non-resource "https://support.mozilla.org/kb/captive-portal" in "http://detectportal.firefox.com/canonical.html"  	[MsgId: MMSG-26573]
Action.c(4): Error -35196: HTTP Status-Code=429 (Retry With) for "https://support.mozilla.org/kb/captive-portal"  	[MsgId: MERR-35196]
End auto log messages stack.	[MsgId: MMSG-10544]


Start auto log messages stack - Iteration 1150.	[MsgId: MMSG-10545]
Starting action Action.	[MsgId: MMSG-15919]
Action.c(4): web_url("canonical.html") started  	[MsgId: MMSG-26355]
Action.c(4): Detected non-resource "https://support.mozilla.org/kb/captive-portal" in "http://detectportal.firefox.com/canonical.html"  	[MsgId: MMSG-26573]
Action.c(4): Error -35196: HTTP Status-Code=429 (Retry With) for "https://support.mozilla.org/kb/captive-portal"  	[MsgId: MERR-35196]
End auto log messages stack.	[MsgId: MMSG-10544]
Start auto log messages stack - Iteration 1102.	[MsgId: MMSG-10545]
Starting action Action.	[MsgId: MMSG-15919]
Action.c(4): web_url("canonical.html") started  	[MsgId: MMSG-26355]
Action.c(4): Detected non-resource "https://support.mozilla.org/kb/captive-portal" in "http://detectportal.firefox.com/canonical.html"  	[MsgId: MMSG-26573]
Action.c(4): Error -35196: HTTP Status-Code=429 (Retry With) for "https://support.mozilla.org/kb/captive-portal"  	[MsgId: MERR-35196]
End auto log messages stack.	[MsgId: MMSG-10544]




Start auto log messages stack - Iteration 1055.	[MsgId: MMSG-10545]
Starting action Action.	[MsgId: MMSG-15919]
Action.c(4): web_url("canonical.html") started  	[MsgId: MMSG-26355]
Action.c(4): Detected non-resource "https://support.mozilla.org/kb/captive-portal" in "http://detectportal.firefox.com/canonical.html"  	[MsgId: MMSG-26573]
Action.c(4): Error -35196: HTTP Status-Code=429 (Retry With) for "https://support.mozilla.org/kb/captive-portal"  	[MsgId: MERR-35196]
End auto log messages stack.	[MsgId: MMSG-10544]


Start auto log messages stack - Iteration 993.	[MsgId: MMSG-10545]
Starting action Action.	[MsgId: MMSG-15919]
Action.c(4): web_url("canonical.html") started  	[MsgId: MMSG-26355]
Action.c(4): Detected non-resource "https://support.mozilla.org/kb/captive-portal" in "http://detectportal.firefox.com/canonical.html"  	[MsgId: MMSG-26573]
Action.c(4): Error -35196: HTTP Status-Code=429 (Retry With) for "https://support.mozilla.org/kb/captive-portal"  	[MsgId: MERR-35196]
End auto log messages stack.	[MsgId: MMSG-10544]


Start auto log messages stack - Iteration 1103.	[MsgId: MMSG-10545]
Starting action Action.	[MsgId: MMSG-15919]
Action.c(4): web_url("canonical.html") started  	[MsgId: MMSG-26355]
Action.c(4): Detected non-resource "https://support.mozilla.org/kb/captive-portal" in "http://detectportal.firefox.com/canonical.html"  	[MsgId: MMSG-26573]
Action.c(4): Error -35196: HTTP Status-Code=429 (Retry With) for "https://support.mozilla.org/kb/captive-portal"  	[MsgId: MERR-35196]
End auto log messages stack.	[MsgId: MMSG-10544]


Start auto log messages stack - Iteration 1151.	[MsgId: MMSG-10545]
Starting action Action.	[MsgId: MMSG-15919]
Action.c(4): web_url("canonical.html") started  	[MsgId: MMSG-26355]
Action.c(4): Detected non-resource "https://support.mozilla.org/kb/captive-portal" in "http://detectportal.firefox.com/canonical.html"  	[MsgId: MMSG-26573]
Action.c(4): Error -35196: HTTP Status-Code=429 (Retry With) for "https://support.mozilla.org/kb/captive-portal"  	[MsgId: MERR-35196]
End auto log messages stack.	[MsgId: MMSG-10544]


Start auto log messages stack - Iteration 1000.	[MsgId: MMSG-10545]
Starting action Action.	[MsgId: MMSG-15919]
Action.c(4): web_url("canonical.html") started  	[MsgId: MMSG-26355]
Action.c(4): Detected non-resource "https://support.mozilla.org/kb/captive-portal" in "http://detectportal.firefox.com/canonical.html"  	[MsgId: MMSG-26573]
Action.c(4): Error -35196: HTTP Status-Code=429 (Retry With) for "https://support.mozilla.org/kb/captive-portal"  	[MsgId: MERR-35196]
End auto log messages stack.	[MsgId: MMSG-10544]


Start auto log messages stack - Iteration 1091.	[MsgId: MMSG-10545]
Starting action Action.	[MsgId: MMSG-15919]
Action.c(4): web_url("canonical.html") started  	[MsgId: MMSG-26355]
Action.c(4): Detected non-resource "https://support.mozilla.org/kb/captive-portal" in "http://detectportal.firefox.com/canonical.html"  	[MsgId: MMSG-26573]
Action.c(4): Error -35196: HTTP Status-Code=429 (Retry With) for "https://support.mozilla.org/kb/captive-portal"  	[MsgId: MERR-35196]
Start auto log messages stack - Iteration 1056.	[MsgId: MMSG-10545]
Starting action Action.	[MsgId: MMSG-15919]
Action.c(4): web_url("canonical.html") started  	[MsgId: MMSG-26355]
Action.c(4): Detected non-resource "https://support.mozilla.org/kb/captive-portal" in "http://detectportal.firefox.com/canonical.html"  	[MsgId: MMSG-26573]
Action.c(4): Error -35196: HTTP Status-Code=429 (Retry With) for "https://support.mozilla.org/kb/captive-portal"  	[MsgId: MERR-35196]
End auto log messages stack.	[MsgId: MMSG-10544]


End auto log messages stack.	[MsgId: MMSG-10544]


Start auto log messages stack - Iteration 994.	[MsgId: MMSG-10545]
Starting action Action.	[MsgId: MMSG-15919]
Action.c(4): web_url("canonical.html") started  	[MsgId: MMSG-26355]
Action.c(4): Detected non-resource "https://support.mozilla.org/kb/captive-portal" in "http://detectportal.firefox.com/canonical.html"  	[MsgId: MMSG-26573]
Action.c(4): Error -35196: HTTP Status-Code=429 (Retry With) for "https://support.mozilla.org/kb/captive-portal"  	[MsgId: MERR-35196]
End auto log messages stack.	[MsgId: MMSG-10544]


Start auto log messages stack - Iteration 1152.	[MsgId: MMSG-10545]
Starting action Action.	[MsgId: MMSG-15919]
Action.c(4): web_url("canonical.html") started  	[MsgId: MMSG-26355]
Action.c(4): Detected non-resource "https://support.mozilla.org/kb/captive-portal" in "http://detectportal.firefox.com/canonical.html"  	[MsgId: MMSG-26573]
Action.c(4): Error -35196: HTTP Status-Code=429 (Retry With) for "https://support.mozilla.org/kb/captive-portal"  	[MsgId: MERR-35196]
End auto log messages stack.	[MsgId: MMSG-10544]


Start auto log messages stack - Iteration 1104.	[MsgId: MMSG-10545]
Starting action Action.	[MsgId: MMSG-15919]
Action.c(4): web_url("canonical.html") started  	[MsgId: MMSG-26355]
Action.c(4): Detected non-resource "https://support.mozilla.org/kb/captive-portal" in "http://detectportal.firefox.com/canonical.html"  	[MsgId: MMSG-26573]
Action.c(4): Error -35196: HTTP Status-Code=429 (Retry With) for "https://support.mozilla.org/kb/captive-portal"  	[MsgId: MERR-35196]
End auto log messages stack.	[MsgId: MMSG-10544]


Start auto log messages stack - Iteration 1001.	[MsgId: MMSG-10545]
Starting action Action.	[MsgId: MMSG-15919]
Action.c(4): web_url("canonical.html") started  	[MsgId: MMSG-26355]
Action.c(4): Detected non-resource "https://support.mozilla.org/kb/captive-portal" in "http://detectportal.firefox.com/canonical.html"  	[MsgId: MMSG-26573]
Action.c(4): Error -35196: HTTP Status-Code=429 (Retry With) for "https://support.mozilla.org/kb/captive-portal"  	[MsgId: MERR-35196]
End auto log messages stack.	[MsgId: MMSG-10544]


Start auto log messages stack - Iteration 1092.	[MsgId: MMSG-10545]
Starting action Action.	[MsgId: MMSG-15919]
Action.c(4): web_url("canonical.html") started  	[MsgId: MMSG-26355]
Action.c(4): Detected non-resource "https://support.mozilla.org/kb/captive-portal" in "http://detectportal.firefox.com/canonical.html"  	[MsgId: MMSG-26573]
Start auto log messages stack - Iteration 1057.	[MsgId: MMSG-10545]
Starting action Action.	[MsgId: MMSG-15919]
Action.c(4): web_url("canonical.html") started  	[MsgId: MMSG-26355]
Action.c(4): Detected non-resource "https://support.mozilla.org/kb/captive-portal" in "http://detectportal.firefox.com/canonical.html"  	[MsgId: MMSG-26573]
Action.c(4): Error -35196: HTTP Status-Code=429 (Retry With) for "https://support.mozilla.org/kb/captive-portal"  	[MsgId: MERR-35196]
Action.c(4): Error -35196: HTTP Status-Code=429 (Retry With) for "https://support.mozilla.org/kb/captive-portal"  	[MsgId: MERR-35196]
End auto log messages stack.	[MsgId: MMSG-10544]


End auto log messages stack.	[MsgId: MMSG-10544]


Start auto log messages stack - Iteration 995.	[MsgId: MMSG-10545]
Starting action Action.	[MsgId: MMSG-15919]
Action.c(4): web_url("canonical.html") started  	[MsgId: MMSG-26355]
Action.c(4): Detected non-resource "https://support.mozilla.org/kb/captive-portal" in "http://detectportal.firefox.com/canonical.html"  	[MsgId: MMSG-26573]
Action.c(4): Error -35196: HTTP Status-Code=429 (Retry With) for "https://support.mozilla.org/kb/captive-portal"  	[MsgId: MERR-35196]
End auto log messages stack.	[MsgId: MMSG-10544]


Start auto log messages stack - Iteration 1153.	[MsgId: MMSG-10545]
Starting action Action.	[MsgId: MMSG-15919]
Action.c(4): web_url("canonical.html") started  	[MsgId: MMSG-26355]
Action.c(4): Detected non-resource "https://support.mozilla.org/kb/captive-portal" in "http://detectportal.firefox.com/canonical.html"  	[MsgId: MMSG-26573]
Action.c(4): Error -35196: HTTP Status-Code=429 (Retry With) for "https://support.mozilla.org/kb/captive-portal"  	[MsgId: MERR-35196]
End auto log messages stack.	[MsgId: MMSG-10544]


Start auto log messages stack - Iteration 1002.	[MsgId: MMSG-10545]
Starting action Action.	[MsgId: MMSG-15919]
Action.c(4): web_url("canonical.html") started  	[MsgId: MMSG-26355]
Action.c(4): Detected non-resource "https://support.mozilla.org/kb/captive-portal" in "http://detectportal.firefox.com/canonical.html"  	[MsgId: MMSG-26573]
Action.c(4): Error -35196: HTTP Status-Code=429 (Retry With) for "https://support.mozilla.org/kb/captive-portal"  	[MsgId: MERR-35196]
End auto log messages stack.	[MsgId: MMSG-10544]


Start auto log messages stack - Iteration 1093.	[MsgId: MMSG-10545]
Starting action Action.	[MsgId: MMSG-15919]
Action.c(4): web_url("canonical.html") started  	[MsgId: MMSG-26355]
Action.c(4): Detected non-resource "https://support.mozilla.org/kb/captive-portal" in "http://detectportal.firefox.com/canonical.html"  	[MsgId: MMSG-26573]
Action.c(4): Error -35196: HTTP Status-Code=429 (Retry With) for "https://support.mozilla.org/kb/captive-portal"  	[MsgId: MERR-35196]
End auto log messages stack.	[MsgId: MMSG-10544]


Start auto log messages stack - Iteration 1105.	[MsgId: MMSG-10545]
Starting action Action.	[MsgId: MMSG-15919]
Action.c(4): web_url("canonical.html") started  	[MsgId: MMSG-26355]
Action.c(4): Detected non-resource "https://support.mozilla.org/kb/captive-portal" in "http://detectportal.firefox.com/canonical.html"  	[MsgId: MMSG-26573]
Action.c(4): Error -35196: HTTP Status-Code=429 (Retry With) for "https://support.mozilla.org/kb/captive-portal"  	[MsgId: MERR-35196]
End auto log messages stack.	[MsgId: MMSG-10544]


Start auto log messages stack - Iteration 1058.	[MsgId: MMSG-10545]
Starting action Action.	[MsgId: MMSG-15919]
Action.c(4): web_url("canonical.html") started  	[MsgId: MMSG-26355]
Action.c(4): Detected non-resource "https://support.mozilla.org/kb/captive-portal" in "http://detectportal.firefox.com/canonical.html"  	[MsgId: MMSG-26573]
Action.c(4): Error -35196: HTTP Status-Code=429 (Retry With) for "https://support.mozilla.org/kb/captive-portal"  	[MsgId: MERR-35196]
End auto log messages stack.	[MsgId: MMSG-10544]


Start auto log messages stack - Iteration 996.	[MsgId: MMSG-10545]
Starting action Action.	[MsgId: MMSG-15919]
Action.c(4): web_url("canonical.html") started  	[MsgId: MMSG-26355]
Action.c(4): Detected non-resource "https://support.mozilla.org/kb/captive-portal" in "http://detectportal.firefox.com/canonical.html"  	[MsgId: MMSG-26573]
Action.c(4): Error -35196: HTTP Status-Code=429 (Retry With) for "https://support.mozilla.org/kb/captive-portal"  	[MsgId: MERR-35196]
End auto log messages stack.	[MsgId: MMSG-10544]


Start auto log messages stack - Iteration 1154.	[MsgId: MMSG-10545]
Starting action Action.	[MsgId: MMSG-15919]
Action.c(4): web_url("canonical.html") started  	[MsgId: MMSG-26355]
Action.c(4): Detected non-resource "https://support.mozilla.org/kb/captive-portal" in "http://detectportal.firefox.com/canonical.html"  	[MsgId: MMSG-26573]
Action.c(4): Error -35196: HTTP Status-Code=429 (Retry With) for "https://support.mozilla.org/kb/captive-portal"  	[MsgId: MERR-35196]
End auto log messages stack.	[MsgId: MMSG-10544]


Start auto log messages stack - Iteration 1003.	[MsgId: MMSG-10545]
Starting action Action.	[MsgId: MMSG-15919]
Action.c(4): web_url("canonical.html") started  	[MsgId: MMSG-26355]
Action.c(4): Detected non-resource "https://support.mozilla.org/kb/captive-portal" in "http://detectportal.firefox.com/canonical.html"  	[MsgId: MMSG-26573]
Action.c(4): Error -35196: HTTP Status-Code=429 (Retry With) for "https://support.mozilla.org/kb/captive-portal"  	[MsgId: MERR-35196]
End auto log messages stack.	[MsgId: MMSG-10544]


Start auto log messages stack - Iteration 1106.	[MsgId: MMSG-10545]
Starting action Action.	[MsgId: MMSG-15919]
Action.c(4): web_url("canonical.html") started  	[MsgId: MMSG-26355]
Action.c(4): Detected non-resource "https://support.mozilla.org/kb/captive-portal" in "http://detectportal.firefox.com/canonical.html"  	[MsgId: MMSG-26573]
Action.c(4): Error -35196: HTTP Status-Code=429 (Retry With) for "https://support.mozilla.org/kb/captive-portal"  	[MsgId: MERR-35196]
End auto log messages stack.	[MsgId: MMSG-10544]


Start auto log messages stack - Iteration 1059.	[MsgId: MMSG-10545]
Starting action Action.	[MsgId: MMSG-15919]
Action.c(4): web_url("canonical.html") started  	[MsgId: MMSG-26355]
Action.c(4): Detected non-resource "https://support.mozilla.org/kb/captive-portal" in "http://detectportal.firefox.com/canonical.html"  	[MsgId: MMSG-26573]
Action.c(4): Error -35196: HTTP Status-Code=429 (Retry With) for "https://support.mozilla.org/kb/captive-portal"  	[MsgId: MERR-35196]
End auto log messages stack.	[MsgId: MMSG-10544]


Start auto log messages stack - Iteration 1094.	[MsgId: MMSG-10545]
Starting action Action.	[MsgId: MMSG-15919]
Action.c(4): web_url("canonical.html") started  	[MsgId: MMSG-26355]
Action.c(4): Detected non-resource "https://support.mozilla.org/kb/captive-portal" in "http://detectportal.firefox.com/canonical.html"  	[MsgId: MMSG-26573]
Action.c(4): Error -35196: HTTP Status-Code=429 (Retry With) for "https://support.mozilla.org/kb/captive-portal"  	[MsgId: MERR-35196]
End auto log messages stack.	[MsgId: MMSG-10544]


Start auto log messages stack - Iteration 1004.	[MsgId: MMSG-10545]
Starting action Action.	[MsgId: MMSG-15919]
Action.c(4): web_url("canonical.html") started  	[MsgId: MMSG-26355]
Action.c(4): Detected non-resource "https://support.mozilla.org/kb/captive-portal" in "http://detectportal.firefox.com/canonical.html"  	[MsgId: MMSG-26573]
Action.c(4): Error -35196: HTTP Status-Code=429 (Retry With) for "https://support.mozilla.org/kb/captive-portal"  	[MsgId: MERR-35196]
End auto log messages stack.	[MsgId: MMSG-10544]


Start auto log messages stack - Iteration 1060.	[MsgId: MMSG-10545]
Starting action Action.	[MsgId: MMSG-15919]
Action.c(4): web_url("canonical.html") started  	[MsgId: MMSG-26355]
Action.c(4): Detected non-resource "https://support.mozilla.org/kb/captive-portal" in "http://detectportal.firefox.com/canonical.html"  	[MsgId: MMSG-26573]
Action.c(4): Error -35196: HTTP Status-Code=429 (Retry With) for "https://support.mozilla.org/kb/captive-portal"  	[MsgId: MERR-35196]
End auto log messages stack.	[MsgId: MMSG-10544]


Start auto log messages stack - Iteration 1095.	[MsgId: MMSG-10545]
Starting action Action.	[MsgId: MMSG-15919]
Action.c(4): web_url("canonical.html") started  	[MsgId: MMSG-26355]
Action.c(4): Detected non-resource "https://support.mozilla.org/kb/captive-portal" in "http://detectportal.firefox.com/canonical.html"  	[MsgId: MMSG-26573]
Action.c(4): Error -35196: HTTP Status-Code=429 (Retry With) for "https://support.mozilla.org/kb/captive-portal"  	[MsgId: MERR-35196]
End auto log messages stack.	[MsgId: MMSG-10544]


Start auto log messages stack - Iteration 1107.	[MsgId: MMSG-10545]
Starting action Action.	[MsgId: MMSG-15919]
Action.c(4): web_url("canonical.html") started  	[MsgId: MMSG-26355]
Action.c(4): Detected non-resource "https://support.mozilla.org/kb/captive-portal" in "http://detectportal.firefox.com/canonical.html"  	[MsgId: MMSG-26573]
Action.c(4): Error -35196: HTTP Status-Code=429 (Retry With) for "https://support.mozilla.org/kb/captive-portal"  	[MsgId: MERR-35196]
End auto log messages stack.	[MsgId: MMSG-10544]


Start auto log messages stack - Iteration 1005.	[MsgId: MMSG-10545]
Starting action Action.	[MsgId: MMSG-15919]
Action.c(4): web_url("canonical.html") started  	[MsgId: MMSG-26355]
Action.c(4): Detected non-resource "https://support.mozilla.org/kb/captive-portal" in "http://detectportal.firefox.com/canonical.html"  	[MsgId: MMSG-26573]
Action.c(4): Error -35196: HTTP Status-Code=429 (Retry With) for "https://support.mozilla.org/kb/captive-portal"  	[MsgId: MERR-35196]
End auto log messages stack.	[MsgId: MMSG-10544]


Start auto log messages stack - Iteration 997.	[MsgId: MMSG-10545]
Starting action Action.	[MsgId: MMSG-15919]
Action.c(4): web_url("canonical.html") started  	[MsgId: MMSG-26355]
Action.c(4): Detected non-resource "https://support.mozilla.org/kb/captive-portal" in "http://detectportal.firefox.com/canonical.html"  	[MsgId: MMSG-26573]
Action.c(4): Error -35196: HTTP Status-Code=429 (Retry With) for "https://support.mozilla.org/kb/captive-portal"  	[MsgId: MERR-35196]
End auto log messages stack.	[MsgId: MMSG-10544]


Start auto log messages stack - Iteration 1155.	[MsgId: MMSG-10545]
Starting action Action.	[MsgId: MMSG-15919]
Action.c(4): web_url("canonical.html") started  	[MsgId: MMSG-26355]
Action.c(4): Detected non-resource "https://support.mozilla.org/kb/captive-portal" in "http://detectportal.firefox.com/canonical.html"  	[MsgId: MMSG-26573]
Action.c(4): Error -35196: HTTP Status-Code=429 (Retry With) for "https://support.mozilla.org/kb/captive-portal"  	[MsgId: MERR-35196]
End auto log messages stack.	[MsgId: MMSG-10544]


Start auto log messages stack - Iteration 1096.	[MsgId: MMSG-10545]
Starting action Action.	[MsgId: MMSG-15919]
Action.c(4): web_url("canonical.html") started  	[MsgId: MMSG-26355]
Action.c(4): Detected non-resource "https://support.mozilla.org/kb/captive-portal" in "http://detectportal.firefox.com/canonical.html"  	[MsgId: MMSG-26573]
Action.c(4): Error -35196: HTTP Status-Code=429 (Retry With) for "https://support.mozilla.org/kb/captive-portal"  	[MsgId: MERR-35196]
End auto log messages stack.	[MsgId: MMSG-10544]


Start auto log messages stack - Iteration 1108.	[MsgId: MMSG-10545]
Starting action Action.	[MsgId: MMSG-15919]
Action.c(4): web_url("canonical.html") started  	[MsgId: MMSG-26355]
Action.c(4): Detected non-resource "https://support.mozilla.org/kb/captive-portal" in "http://detectportal.firefox.com/canonical.html"  	[MsgId: MMSG-26573]
Action.c(4): Error -35196: HTTP Status-Code=429 (Retry With) for "https://support.mozilla.org/kb/captive-portal"  	[MsgId: MERR-35196]
End auto log messages stack.	[MsgId: MMSG-10544]


Start auto log messages stack - Iteration 1061.	[MsgId: MMSG-10545]
Starting action Action.	[MsgId: MMSG-15919]
Action.c(4): web_url("canonical.html") started  	[MsgId: MMSG-26355]
Action.c(4): Detected non-resource "https://support.mozilla.org/kb/captive-portal" in "http://detectportal.firefox.com/canonical.html"  	[MsgId: MMSG-26573]
Action.c(4): Error -35196: HTTP Status-Code=429 (Retry With) for "https://support.mozilla.org/kb/captive-portal"  	[MsgId: MERR-35196]
End auto log messages stack.	[MsgId: MMSG-10544]


Start auto log messages stack - Iteration 1156.	[MsgId: MMSG-10545]
Starting action Action.	[MsgId: MMSG-15919]
Action.c(4): web_url("canonical.html") started  	[MsgId: MMSG-26355]
Action.c(4): Detected non-resource "https://support.mozilla.org/kb/captive-portal" in "http://detectportal.firefox.com/canonical.html"  	[MsgId: MMSG-26573]
Action.c(4): Error -35196: HTTP Status-Code=429 (Retry With) for "https://support.mozilla.org/kb/captive-portal"  	[MsgId: MERR-35196]
End auto log messages stack.	[MsgId: MMSG-10544]


Start auto log messages stack - Iteration 1006.	[MsgId: MMSG-10545]
Starting action Action.	[MsgId: MMSG-15919]
Action.c(4): web_url("canonical.html") started  	[MsgId: MMSG-26355]
Action.c(4): Detected non-resource "https://support.mozilla.org/kb/captive-portal" in "http://detectportal.firefox.com/canonical.html"  	[MsgId: MMSG-26573]
Action.c(4): Error -35196: HTTP Status-Code=429 (Retry With) for "https://support.mozilla.org/kb/captive-portal"  	[MsgId: MERR-35196]
End auto log messages stack.	[MsgId: MMSG-10544]


Start auto log messages stack - Iteration 1157.	[MsgId: MMSG-10545]
Starting action Action.	[MsgId: MMSG-15919]
Action.c(4): web_url("canonical.html") started  	[MsgId: MMSG-26355]
Action.c(4): Detected non-resource "https://support.mozilla.org/kb/captive-portal" in "http://detectportal.firefox.com/canonical.html"  	[MsgId: MMSG-26573]
Action.c(4): Error -35196: HTTP Status-Code=429 (Retry With) for "https://support.mozilla.org/kb/captive-portal"  	[MsgId: MERR-35196]
End auto log messages stack.	[MsgId: MMSG-10544]


Start auto log messages stack - Iteration 1007.	[MsgId: MMSG-10545]
Starting action Action.	[MsgId: MMSG-15919]
Action.c(4): web_url("canonical.html") started  	[MsgId: MMSG-26355]
Action.c(4): Detected non-resource "https://support.mozilla.org/kb/captive-portal" in "http://detectportal.firefox.com/canonical.html"  	[MsgId: MMSG-26573]
Action.c(4): Error -35196: HTTP Status-Code=429 (Retry With) for "https://support.mozilla.org/kb/captive-portal"  	[MsgId: MERR-35196]
End auto log messages stack.	[MsgId: MMSG-10544]


Start auto log messages stack - Iteration 1008.	[MsgId: MMSG-10545]
Starting action Action.	[MsgId: MMSG-15919]
Action.c(4): web_url("canonical.html") started  	[MsgId: MMSG-26355]
Start auto log messages stack - Iteration 1158.	[MsgId: MMSG-10545]
Starting action Action.	[MsgId: MMSG-15919]
Action.c(4): web_url("canonical.html") started  	[MsgId: MMSG-26355]
Action.c(4): Detected non-resource "https://support.mozilla.org/kb/captive-portal" in "http://detectportal.firefox.com/canonical.html"  	[MsgId: MMSG-26573]
Action.c(4): Error -35196: HTTP Status-Code=429 (Retry With) for "https://support.mozilla.org/kb/captive-portal"  	[MsgId: MERR-35196]
Action.c(4): Detected non-resource "https://support.mozilla.org/kb/captive-portal" in "http://detectportal.firefox.com/canonical.html"  	[MsgId: MMSG-26573]
End auto log messages stack.	[MsgId: MMSG-10544]


Action.c(4): Error -35196: HTTP Status-Code=429 (Retry With) for "https://support.mozilla.org/kb/captive-portal"  	[MsgId: MERR-35196]
End auto log messages stack.	[MsgId: MMSG-10544]


Start auto log messages stack - Iteration 1159.	[MsgId: MMSG-10545]
Starting action Action.	[MsgId: MMSG-15919]
Action.c(4): web_url("canonical.html") started  	[MsgId: MMSG-26355]
Action.c(4): Detected non-resource "https://support.mozilla.org/kb/captive-portal" in "http://detectportal.firefox.com/canonical.html"  	[MsgId: MMSG-26573]
Action.c(4): Error -35196: HTTP Status-Code=429 (Retry With) for "https://support.mozilla.org/kb/captive-portal"  	[MsgId: MERR-35196]
End auto log messages stack.	[MsgId: MMSG-10544]


Start auto log messages stack - Iteration 1009.	[MsgId: MMSG-10545]
Starting action Action.	[MsgId: MMSG-15919]
Action.c(4): web_url("canonical.html") started  	[MsgId: MMSG-26355]
Action.c(4): Detected non-resource "https://support.mozilla.org/kb/captive-portal" in "http://detectportal.firefox.com/canonical.html"  	[MsgId: MMSG-26573]
Action.c(4): Error -35196: HTTP Status-Code=429 (Retry With) for "https://support.mozilla.org/kb/captive-portal"  	[MsgId: MERR-35196]
End auto log messages stack.	[MsgId: MMSG-10544]


Start auto log messages stack - Iteration 1010.	[MsgId: MMSG-10545]
Starting action Action.	[MsgId: MMSG-15919]
Action.c(4): web_url("canonical.html") started  	[MsgId: MMSG-26355]
Action.c(4): Detected non-resource "https://support.mozilla.org/kb/captive-portal" in "http://detectportal.firefox.com/canonical.html"  	[MsgId: MMSG-26573]
Action.c(4): Error -35196: HTTP Status-Code=429 (Retry With) for "https://support.mozilla.org/kb/captive-portal"  	[MsgId: MERR-35196]
End auto log messages stack.	[MsgId: MMSG-10544]


Start auto log messages stack - Iteration 1160.	[MsgId: MMSG-10545]
Starting action Action.	[MsgId: MMSG-15919]
Action.c(4): web_url("canonical.html") started  	[MsgId: MMSG-26355]
Action.c(4): Detected non-resource "https://support.mozilla.org/kb/captive-portal" in "http://detectportal.firefox.com/canonical.html"  	[MsgId: MMSG-26573]
Action.c(4): Error -35196: HTTP Status-Code=429 (Retry With) for "https://support.mozilla.org/kb/captive-portal"  	[MsgId: MERR-35196]
End auto log messages stack.	[MsgId: MMSG-10544]


Start auto log messages stack - Iteration 998.	[MsgId: MMSG-10545]
Starting action Action.	[MsgId: MMSG-15919]
Action.c(4): web_url("canonical.html") started  	[MsgId: MMSG-26355]
Action.c(4): Detected non-resource "https://support.mozilla.org/kb/captive-portal" in "http://detectportal.firefox.com/canonical.html"  	[MsgId: MMSG-26573]
Action.c(4): Error -35196: HTTP Status-Code=429 (Retry With) for "https://support.mozilla.org/kb/captive-portal"  	[MsgId: MERR-35196]
End auto log messages stack.	[MsgId: MMSG-10544]


Start auto log messages stack - Iteration 1011.	[MsgId: MMSG-10545]
Starting action Action.	[MsgId: MMSG-15919]
Action.c(4): web_url("canonical.html") started  	[MsgId: MMSG-26355]
Action.c(4): Detected non-resource "https://support.mozilla.org/kb/captive-portal" in "http://detectportal.firefox.com/canonical.html"  	[MsgId: MMSG-26573]
Action.c(4): Error -35196: HTTP Status-Code=429 (Retry With) for "https://support.mozilla.org/kb/captive-portal"  	[MsgId: MERR-35196]
End auto log messages stack.	[MsgId: MMSG-10544]


Start auto log messages stack - Iteration 1097.	[MsgId: MMSG-10545]
Starting action Action.	[MsgId: MMSG-15919]
Action.c(4): web_url("canonical.html") started  	[MsgId: MMSG-26355]
Action.c(4): Detected non-resource "https://support.mozilla.org/kb/captive-portal" in "http://detectportal.firefox.com/canonical.html"  	[MsgId: MMSG-26573]
Action.c(4): Error -35196: HTTP Status-Code=429 (Retry With) for "https://support.mozilla.org/kb/captive-portal"  	[MsgId: MERR-35196]
End auto log messages stack.	[MsgId: MMSG-10544]


Start auto log messages stack - Iteration 1109.	[MsgId: MMSG-10545]
Starting action Action.	[MsgId: MMSG-15919]
Action.c(4): web_url("canonical.html") started  	[MsgId: MMSG-26355]
Action.c(4): Detected non-resource "https://support.mozilla.org/kb/captive-portal" in "http://detectportal.firefox.com/canonical.html"  	[MsgId: MMSG-26573]
Action.c(4): Error -35196: HTTP Status-Code=429 (Retry With) for "https://support.mozilla.org/kb/captive-portal"  	[MsgId: MERR-35196]
Start auto log messages stack - Iteration 1062.	[MsgId: MMSG-10545]
Starting action Action.	[MsgId: MMSG-15919]
Action.c(4): web_url("canonical.html") started  	[MsgId: MMSG-26355]
End auto log messages stack.	[MsgId: MMSG-10544]
Action.c(4): Detected non-resource "https://support.mozilla.org/kb/captive-portal" in "http://detectportal.firefox.com/canonical.html"  	[MsgId: MMSG-26573]


Action.c(4): Error -35196: HTTP Status-Code=429 (Retry With) for "https://support.mozilla.org/kb/captive-portal"  	[MsgId: MERR-35196]
End auto log messages stack.	[MsgId: MMSG-10544]


Start auto log messages stack - Iteration 1012.	[MsgId: MMSG-10545]
Starting action Action.	[MsgId: MMSG-15919]
Action.c(4): web_url("canonical.html") started  	[MsgId: MMSG-26355]
Action.c(4): Detected non-resource "https://support.mozilla.org/kb/captive-portal" in "http://detectportal.firefox.com/canonical.html"  	[MsgId: MMSG-26573]
Action.c(4): Error -35196: HTTP Status-Code=429 (Retry With) for "https://support.mozilla.org/kb/captive-portal"  	[MsgId: MERR-35196]
End auto log messages stack.	[MsgId: MMSG-10544]


Start auto log messages stack - Iteration 999.	[MsgId: MMSG-10545]
Starting action Action.	[MsgId: MMSG-15919]
Action.c(4): web_url("canonical.html") started  	[MsgId: MMSG-26355]
Action.c(4): Detected non-resource "https://support.mozilla.org/kb/captive-portal" in "http://detectportal.firefox.com/canonical.html"  	[MsgId: MMSG-26573]
Action.c(4): Error -35196: HTTP Status-Code=429 (Retry With) for "https://support.mozilla.org/kb/captive-portal"  	[MsgId: MERR-35196]
End auto log messages stack.	[MsgId: MMSG-10544]


Start auto log messages stack - Iteration 1098.	[MsgId: MMSG-10545]
Starting action Action.	[MsgId: MMSG-15919]
Action.c(4): web_url("canonical.html") started  	[MsgId: MMSG-26355]
Action.c(4): Detected non-resource "https://support.mozilla.org/kb/captive-portal" in "http://detectportal.firefox.com/canonical.html"  	[MsgId: MMSG-26573]
Action.c(4): Error -35196: HTTP Status-Code=429 (Retry With) for "https://support.mozilla.org/kb/captive-portal"  	[MsgId: MERR-35196]
End auto log messages stack.	[MsgId: MMSG-10544]


Start auto log messages stack - Iteration 1110.	[MsgId: MMSG-10545]
Starting action Action.	[MsgId: MMSG-15919]
Action.c(4): web_url("canonical.html") started  	[MsgId: MMSG-26355]
Action.c(4): Detected non-resource "https://support.mozilla.org/kb/captive-portal" in "http://detectportal.firefox.com/canonical.html"  	[MsgId: MMSG-26573]
Start auto log messages stack - Iteration 1063.	[MsgId: MMSG-10545]
Starting action Action.	[MsgId: MMSG-15919]
Action.c(4): web_url("canonical.html") started  	[MsgId: MMSG-26355]
Action.c(4): Detected non-resource "https://support.mozilla.org/kb/captive-portal" in "http://detectportal.firefox.com/canonical.html"  	[MsgId: MMSG-26573]
Action.c(4): Error -35196: HTTP Status-Code=429 (Retry With) for "https://support.mozilla.org/kb/captive-portal"  	[MsgId: MERR-35196]
Action.c(4): Error -35196: HTTP Status-Code=429 (Retry With) for "https://support.mozilla.org/kb/captive-portal"  	[MsgId: MERR-35196]
End auto log messages stack.	[MsgId: MMSG-10544]


End auto log messages stack.	[MsgId: MMSG-10544]


Start auto log messages stack - Iteration 1013.	[MsgId: MMSG-10545]
Start auto log messages stack - Iteration 1000.	[MsgId: MMSG-10545]
Starting action Action.	[MsgId: MMSG-15919]
Action.c(4): web_url("canonical.html") started  	[MsgId: MMSG-26355]
Action.c(4): Detected non-resource "https://support.mozilla.org/kb/captive-portal" in "http://detectportal.firefox.com/canonical.html"  	[MsgId: MMSG-26573]
Action.c(4): Error -35196: HTTP Status-Code=429 (Retry With) for "https://support.mozilla.org/kb/captive-portal"  	[MsgId: MERR-35196]
End auto log messages stack.	[MsgId: MMSG-10544]
Starting action Action.	[MsgId: MMSG-15919]
Action.c(4): web_url("canonical.html") started  	[MsgId: MMSG-26355]
Action.c(4): Detected non-resource "https://support.mozilla.org/kb/captive-portal" in "http://detectportal.firefox.com/canonical.html"  	[MsgId: MMSG-26573]
Action.c(4): Error -35196: HTTP Status-Code=429 (Retry With) for "https://support.mozilla.org/kb/captive-portal"  	[MsgId: MERR-35196]
End auto log messages stack.	[MsgId: MMSG-10544]




Start auto log messages stack - Iteration 1099.	[MsgId: MMSG-10545]
Starting action Action.	[MsgId: MMSG-15919]
Action.c(4): web_url("canonical.html") started  	[MsgId: MMSG-26355]
Action.c(4): Detected non-resource "https://support.mozilla.org/kb/captive-portal" in "http://detectportal.firefox.com/canonical.html"  	[MsgId: MMSG-26573]
Action.c(4): Error -35196: HTTP Status-Code=429 (Retry With) for "https://support.mozilla.org/kb/captive-portal"  	[MsgId: MERR-35196]
End auto log messages stack.	[MsgId: MMSG-10544]


Start auto log messages stack - Iteration 1064.	[MsgId: MMSG-10545]
Starting action Action.	[MsgId: MMSG-15919]
Action.c(4): web_url("canonical.html") started  	[MsgId: MMSG-26355]
Action.c(4): Detected non-resource "https://support.mozilla.org/kb/captive-portal" in "http://detectportal.firefox.com/canonical.html"  	[MsgId: MMSG-26573]
Action.c(4): Error -35196: HTTP Status-Code=429 (Retry With) for "https://support.mozilla.org/kb/captive-portal"  	[MsgId: MERR-35196]
End auto log messages stack.	[MsgId: MMSG-10544]


Start auto log messages stack - Iteration 1001.	[MsgId: MMSG-10545]
Starting action Action.	[MsgId: MMSG-15919]
Action.c(4): web_url("canonical.html") started  	[MsgId: MMSG-26355]
Action.c(4): Detected non-resource "https://support.mozilla.org/kb/captive-portal" in "http://detectportal.firefox.com/canonical.html"  	[MsgId: MMSG-26573]
Action.c(4): Error -35196: HTTP Status-Code=429 (Retry With) for "https://support.mozilla.org/kb/captive-portal"  	[MsgId: MERR-35196]
End auto log messages stack.	[MsgId: MMSG-10544]


Start auto log messages stack - Iteration 1014.	[MsgId: MMSG-10545]
Starting action Action.	[MsgId: MMSG-15919]
Action.c(4): web_url("canonical.html") started  	[MsgId: MMSG-26355]
Action.c(4): Detected non-resource "https://support.mozilla.org/kb/captive-portal" in "http://detectportal.firefox.com/canonical.html"  	[MsgId: MMSG-26573]
Action.c(4): Error -35196: HTTP Status-Code=429 (Retry With) for "https://support.mozilla.org/kb/captive-portal"  	[MsgId: MERR-35196]
End auto log messages stack.	[MsgId: MMSG-10544]


Start auto log messages stack - Iteration 1111.	[MsgId: MMSG-10545]
Starting action Action.	[MsgId: MMSG-15919]
Action.c(4): web_url("canonical.html") started  	[MsgId: MMSG-26355]
Action.c(4): Detected non-resource "https://support.mozilla.org/kb/captive-portal" in "http://detectportal.firefox.com/canonical.html"  	[MsgId: MMSG-26573]
Action.c(4): Error -35196: HTTP Status-Code=429 (Retry With) for "https://support.mozilla.org/kb/captive-portal"  	[MsgId: MERR-35196]
End auto log messages stack.	[MsgId: MMSG-10544]


Start auto log messages stack - Iteration 1100.	[MsgId: MMSG-10545]
Starting action Action.	[MsgId: MMSG-15919]
Action.c(4): web_url("canonical.html") started  	[MsgId: MMSG-26355]
Action.c(4): Detected non-resource "https://support.mozilla.org/kb/captive-portal" in "http://detectportal.firefox.com/canonical.html"  	[MsgId: MMSG-26573]
Action.c(4): Error -35196: HTTP Status-Code=429 (Retry With) for "https://support.mozilla.org/kb/captive-portal"  	[MsgId: MERR-35196]
End auto log messages stack.	[MsgId: MMSG-10544]


Start auto log messages stack - Iteration 1065.	[MsgId: MMSG-10545]
Starting action Action.	[MsgId: MMSG-15919]
Action.c(4): web_url("canonical.html") started  	[MsgId: MMSG-26355]
Action.c(4): Detected non-resource "https://support.mozilla.org/kb/captive-portal" in "http://detectportal.firefox.com/canonical.html"  	[MsgId: MMSG-26573]
Action.c(4): Error -35196: HTTP Status-Code=429 (Retry With) for "https://support.mozilla.org/kb/captive-portal"  	[MsgId: MERR-35196]
End auto log messages stack.	[MsgId: MMSG-10544]


Start auto log messages stack - Iteration 1002.	[MsgId: MMSG-10545]
Starting action Action.	[MsgId: MMSG-15919]
Action.c(4): web_url("canonical.html") started  	[MsgId: MMSG-26355]
Action.c(4): Detected non-resource "https://support.mozilla.org/kb/captive-portal" in "http://detectportal.firefox.com/canonical.html"  	[MsgId: MMSG-26573]
Action.c(4): Error -35196: HTTP Status-Code=429 (Retry With) for "https://support.mozilla.org/kb/captive-portal"  	[MsgId: MERR-35196]
End auto log messages stack.	[MsgId: MMSG-10544]


Start auto log messages stack - Iteration 1015.	[MsgId: MMSG-10545]
Starting action Action.	[MsgId: MMSG-15919]
Action.c(4): web_url("canonical.html") started  	[MsgId: MMSG-26355]
Action.c(4): Detected non-resource "https://support.mozilla.org/kb/captive-portal" in "http://detectportal.firefox.com/canonical.html"  	[MsgId: MMSG-26573]
Action.c(4): Error -35196: HTTP Status-Code=429 (Retry With) for "https://support.mozilla.org/kb/captive-portal"  	[MsgId: MERR-35196]
End auto log messages stack.	[MsgId: MMSG-10544]


Start auto log messages stack - Iteration 1112.	[MsgId: MMSG-10545]
Starting action Action.	[MsgId: MMSG-15919]
Action.c(4): web_url("canonical.html") started  	[MsgId: MMSG-26355]
Action.c(4): Detected non-resource "https://support.mozilla.org/kb/captive-portal" in "http://detectportal.firefox.com/canonical.html"  	[MsgId: MMSG-26573]
Action.c(4): Error -35196: HTTP Status-Code=429 (Retry With) for "https://support.mozilla.org/kb/captive-portal"  	[MsgId: MERR-35196]
End auto log messages stack.	[MsgId: MMSG-10544]


Start auto log messages stack - Iteration 1101.	[MsgId: MMSG-10545]
Starting action Action.	[MsgId: MMSG-15919]
Action.c(4): web_url("canonical.html") started  	[MsgId: MMSG-26355]
Action.c(4): Detected non-resource "https://support.mozilla.org/kb/captive-portal" in "http://detectportal.firefox.com/canonical.html"  	[MsgId: MMSG-26573]
Action.c(4): Error -35196: HTTP Status-Code=429 (Retry With) for "https://support.mozilla.org/kb/captive-portal"  	[MsgId: MERR-35196]
End auto log messages stack.	[MsgId: MMSG-10544]


Start auto log messages stack - Iteration 1161.	[MsgId: MMSG-10545]
Starting action Action.	[MsgId: MMSG-15919]
Action.c(4): web_url("canonical.html") started  	[MsgId: MMSG-26355]
Action.c(4): Detected non-resource "https://support.mozilla.org/kb/captive-portal" in "http://detectportal.firefox.com/canonical.html"  	[MsgId: MMSG-26573]
Action.c(4): Error -35196: HTTP Status-Code=429 (Retry With) for "https://support.mozilla.org/kb/captive-portal"  	[MsgId: MERR-35196]
End auto log messages stack.	[MsgId: MMSG-10544]


Start auto log messages stack - Iteration 1066.	[MsgId: MMSG-10545]
Starting action Action.	[MsgId: MMSG-15919]
Action.c(4): web_url("canonical.html") started  	[MsgId: MMSG-26355]
Action.c(4): Detected non-resource "https://support.mozilla.org/kb/captive-portal" in "http://detectportal.firefox.com/canonical.html"  	[MsgId: MMSG-26573]
Action.c(4): Error -35196: HTTP Status-Code=429 (Retry With) for "https://support.mozilla.org/kb/captive-portal"  	[MsgId: MERR-35196]
End auto log messages stack.	[MsgId: MMSG-10544]


Start auto log messages stack - Iteration 1003.	[MsgId: MMSG-10545]
Starting action Action.	[MsgId: MMSG-15919]
Action.c(4): web_url("canonical.html") started  	[MsgId: MMSG-26355]
Action.c(4): Detected non-resource "https://support.mozilla.org/kb/captive-portal" in "http://detectportal.firefox.com/canonical.html"  	[MsgId: MMSG-26573]
Action.c(4): Error -35196: HTTP Status-Code=429 (Retry With) for "https://support.mozilla.org/kb/captive-portal"  	[MsgId: MERR-35196]
End auto log messages stack.	[MsgId: MMSG-10544]


Start auto log messages stack - Iteration 1113.	[MsgId: MMSG-10545]
Starting action Action.	[MsgId: MMSG-15919]
Action.c(4): web_url("canonical.html") started  	[MsgId: MMSG-26355]
Action.c(4): Detected non-resource "https://support.mozilla.org/kb/captive-portal" in "http://detectportal.firefox.com/canonical.html"  	[MsgId: MMSG-26573]
Action.c(4): Error -35196: HTTP Status-Code=429 (Retry With) for "https://support.mozilla.org/kb/captive-portal"  	[MsgId: MERR-35196]
End auto log messages stack.	[MsgId: MMSG-10544]


Start auto log messages stack - Iteration 1016.	[MsgId: MMSG-10545]
Starting action Action.	[MsgId: MMSG-15919]
Action.c(4): web_url("canonical.html") started  	[MsgId: MMSG-26355]
Action.c(4): Detected non-resource "https://support.mozilla.org/kb/captive-portal" in "http://detectportal.firefox.com/canonical.html"  	[MsgId: MMSG-26573]
Action.c(4): Error -35196: HTTP Status-Code=429 (Retry With) for "https://support.mozilla.org/kb/captive-portal"  	[MsgId: MERR-35196]
End auto log messages stack.	[MsgId: MMSG-10544]


Start auto log messages stack - Iteration 1102.	[MsgId: MMSG-10545]
Starting action Action.	[MsgId: MMSG-15919]
Action.c(4): web_url("canonical.html") started  	[MsgId: MMSG-26355]
Action.c(4): Detected non-resource "https://support.mozilla.org/kb/captive-portal" in "http://detectportal.firefox.com/canonical.html"  	[MsgId: MMSG-26573]
Action.c(4): Error -35196: HTTP Status-Code=429 (Retry With) for "https://support.mozilla.org/kb/captive-portal"  	[MsgId: MERR-35196]
End auto log messages stack.	[MsgId: MMSG-10544]


Start auto log messages stack - Iteration 1114.	[MsgId: MMSG-10545]
Starting action Action.	[MsgId: MMSG-15919]
Action.c(4): web_url("canonical.html") started  	[MsgId: MMSG-26355]
Action.c(4): Detected non-resource "https://support.mozilla.org/kb/captive-portal" in "http://detectportal.firefox.com/canonical.html"  	[MsgId: MMSG-26573]
Action.c(4): Error -35196: HTTP Status-Code=429 (Retry With) for "https://support.mozilla.org/kb/captive-portal"  	[MsgId: MERR-35196]
End auto log messages stack.	[MsgId: MMSG-10544]
Start auto log messages stack - Iteration 1067.	[MsgId: MMSG-10545]
Starting action Action.	[MsgId: MMSG-15919]


Action.c(4): web_url("canonical.html") started  	[MsgId: MMSG-26355]
Action.c(4): Detected non-resource "https://support.mozilla.org/kb/captive-portal" in "http://detectportal.firefox.com/canonical.html"  	[MsgId: MMSG-26573]
Action.c(4): Error -35196: HTTP Status-Code=429 (Retry With) for "https://support.mozilla.org/kb/captive-portal"  	[MsgId: MERR-35196]
End auto log messages stack.	[MsgId: MMSG-10544]


Start auto log messages stack - Iteration 1004.	[MsgId: MMSG-10545]
Starting action Action.	[MsgId: MMSG-15919]
Action.c(4): web_url("canonical.html") started  	[MsgId: MMSG-26355]
Action.c(4): Detected non-resource "https://support.mozilla.org/kb/captive-portal" in "http://detectportal.firefox.com/canonical.html"  	[MsgId: MMSG-26573]
Action.c(4): Error -35196: HTTP Status-Code=429 (Retry With) for "https://support.mozilla.org/kb/captive-portal"  	[MsgId: MERR-35196]
End auto log messages stack.	[MsgId: MMSG-10544]


Start auto log messages stack - Iteration 1115.	[MsgId: MMSG-10545]
Starting action Action.	[MsgId: MMSG-15919]
Action.c(4): web_url("canonical.html") started  	[MsgId: MMSG-26355]
Action.c(4): Detected non-resource "https://support.mozilla.org/kb/captive-portal" in "http://detectportal.firefox.com/canonical.html"  	[MsgId: MMSG-26573]
Action.c(4): Error -35196: HTTP Status-Code=429 (Retry With) for "https://support.mozilla.org/kb/captive-portal"  	[MsgId: MERR-35196]
End auto log messages stack.	[MsgId: MMSG-10544]


Start auto log messages stack - Iteration 1005.	[MsgId: MMSG-10545]
Starting action Action.	[MsgId: MMSG-15919]
Action.c(4): web_url("canonical.html") started  	[MsgId: MMSG-26355]
Start auto log messages stack - Iteration 1068.	[MsgId: MMSG-10545]
Action.c(4): Detected non-resource "https://support.mozilla.org/kb/captive-portal" in "http://detectportal.firefox.com/canonical.html"  	[MsgId: MMSG-26573]
Starting action Action.	[MsgId: MMSG-15919]
Action.c(4): Error -35196: HTTP Status-Code=429 (Retry With) for "https://support.mozilla.org/kb/captive-portal"  	[MsgId: MERR-35196]
Action.c(4): web_url("canonical.html") started  	[MsgId: MMSG-26355]
Action.c(4): Detected non-resource "https://support.mozilla.org/kb/captive-portal" in "http://detectportal.firefox.com/canonical.html"  	[MsgId: MMSG-26573]
Action.c(4): Error -35196: HTTP Status-Code=429 (Retry With) for "https://support.mozilla.org/kb/captive-portal"  	[MsgId: MERR-35196]
End auto log messages stack.	[MsgId: MMSG-10544]
End auto log messages stack.	[MsgId: MMSG-10544]




Start auto log messages stack - Iteration 1006.	[MsgId: MMSG-10545]
Starting action Action.	[MsgId: MMSG-15919]
Action.c(4): web_url("canonical.html") started  	[MsgId: MMSG-26355]
Action.c(4): Detected non-resource "https://support.mozilla.org/kb/captive-portal" in "http://detectportal.firefox.com/canonical.html"  	[MsgId: MMSG-26573]
Action.c(4): Error -35196: HTTP Status-Code=429 (Retry With) for "https://support.mozilla.org/kb/captive-portal"  	[MsgId: MERR-35196]
End auto log messages stack.	[MsgId: MMSG-10544]


Start auto log messages stack - Iteration 1069.	[MsgId: MMSG-10545]
Starting action Action.	[MsgId: MMSG-15919]
Action.c(4): web_url("canonical.html") started  	[MsgId: MMSG-26355]
Action.c(4): Detected non-resource "https://support.mozilla.org/kb/captive-portal" in "http://detectportal.firefox.com/canonical.html"  	[MsgId: MMSG-26573]
Action.c(4): Error -35196: HTTP Status-Code=429 (Retry With) for "https://support.mozilla.org/kb/captive-portal"  	[MsgId: MERR-35196]
End auto log messages stack.	[MsgId: MMSG-10544]


Start auto log messages stack - Iteration 1116.	[MsgId: MMSG-10545]
Starting action Action.	[MsgId: MMSG-15919]
Action.c(4): web_url("canonical.html") started  	[MsgId: MMSG-26355]
Action.c(4): Detected non-resource "https://support.mozilla.org/kb/captive-portal" in "http://detectportal.firefox.com/canonical.html"  	[MsgId: MMSG-26573]
Action.c(4): Error -35196: HTTP Status-Code=429 (Retry With) for "https://support.mozilla.org/kb/captive-portal"  	[MsgId: MERR-35196]
End auto log messages stack.	[MsgId: MMSG-10544]


Start auto log messages stack - Iteration 1007.	[MsgId: MMSG-10545]
Starting action Action.	[MsgId: MMSG-15919]
Action.c(4): web_url("canonical.html") started  	[MsgId: MMSG-26355]
Action.c(4): Detected non-resource "https://support.mozilla.org/kb/captive-portal" in "http://detectportal.firefox.com/canonical.html"  	[MsgId: MMSG-26573]
Action.c(4): Error -35196: HTTP Status-Code=429 (Retry With) for "https://support.mozilla.org/kb/captive-portal"  	[MsgId: MERR-35196]
End auto log messages stack.	[MsgId: MMSG-10544]


Start auto log messages stack - Iteration 1070.	[MsgId: MMSG-10545]
Starting action Action.	[MsgId: MMSG-15919]
Action.c(4): web_url("canonical.html") started  	[MsgId: MMSG-26355]
Action.c(4): Detected non-resource "https://support.mozilla.org/kb/captive-portal" in "http://detectportal.firefox.com/canonical.html"  	[MsgId: MMSG-26573]
Action.c(4): Error -35196: HTTP Status-Code=429 (Retry With) for "https://support.mozilla.org/kb/captive-portal"  	[MsgId: MERR-35196]
End auto log messages stack.	[MsgId: MMSG-10544]


Start auto log messages stack - Iteration 1117.	[MsgId: MMSG-10545]
Starting action Action.	[MsgId: MMSG-15919]
Action.c(4): web_url("canonical.html") started  	[MsgId: MMSG-26355]
Action.c(4): Detected non-resource "https://support.mozilla.org/kb/captive-portal" in "http://detectportal.firefox.com/canonical.html"  	[MsgId: MMSG-26573]
Action.c(4): Error -35196: HTTP Status-Code=429 (Retry With) for "https://support.mozilla.org/kb/captive-portal"  	[MsgId: MERR-35196]
End auto log messages stack.	[MsgId: MMSG-10544]


Start auto log messages stack - Iteration 1008.	[MsgId: MMSG-10545]
Starting action Action.	[MsgId: MMSG-15919]
Action.c(4): web_url("canonical.html") started  	[MsgId: MMSG-26355]
Action.c(4): Detected non-resource "https://support.mozilla.org/kb/captive-portal" in "http://detectportal.firefox.com/canonical.html"  	[MsgId: MMSG-26573]
Action.c(4): Error -35196: HTTP Status-Code=429 (Retry With) for "https://support.mozilla.org/kb/captive-portal"  	[MsgId: MERR-35196]
End auto log messages stack.	[MsgId: MMSG-10544]


Start auto log messages stack - Iteration 1071.	[MsgId: MMSG-10545]
Start auto log messages stack - Iteration 1118.	[MsgId: MMSG-10545]
Starting action Action.	[MsgId: MMSG-15919]
Action.c(4): web_url("canonical.html") started  	[MsgId: MMSG-26355]
Action.c(4): Detected non-resource "https://support.mozilla.org/kb/captive-portal" in "http://detectportal.firefox.com/canonical.html"  	[MsgId: MMSG-26573]
Action.c(4): Error -35196: HTTP Status-Code=429 (Retry With) for "https://support.mozilla.org/kb/captive-portal"  	[MsgId: MERR-35196]
End auto log messages stack.	[MsgId: MMSG-10544]


Starting action Action.	[MsgId: MMSG-15919]
Action.c(4): web_url("canonical.html") started  	[MsgId: MMSG-26355]
Action.c(4): Detected non-resource "https://support.mozilla.org/kb/captive-portal" in "http://detectportal.firefox.com/canonical.html"  	[MsgId: MMSG-26573]
Action.c(4): Error -35196: HTTP Status-Code=429 (Retry With) for "https://support.mozilla.org/kb/captive-portal"  	[MsgId: MERR-35196]
End auto log messages stack.	[MsgId: MMSG-10544]


Start auto log messages stack - Iteration 1162.	[MsgId: MMSG-10545]
Starting action Action.	[MsgId: MMSG-15919]
Action.c(4): web_url("canonical.html") started  	[MsgId: MMSG-26355]
Action.c(4): Detected non-resource "https://support.mozilla.org/kb/captive-portal" in "http://detectportal.firefox.com/canonical.html"  	[MsgId: MMSG-26573]
Action.c(4): Error -35196: HTTP Status-Code=429 (Retry With) for "https://support.mozilla.org/kb/captive-portal"  	[MsgId: MERR-35196]
End auto log messages stack.	[MsgId: MMSG-10544]


Start auto log messages stack - Iteration 1009.	[MsgId: MMSG-10545]
Starting action Action.	[MsgId: MMSG-15919]
Action.c(4): web_url("canonical.html") started  	[MsgId: MMSG-26355]
Action.c(4): Detected non-resource "https://support.mozilla.org/kb/captive-portal" in "http://detectportal.firefox.com/canonical.html"  	[MsgId: MMSG-26573]
Action.c(4): Error -35196: HTTP Status-Code=429 (Retry With) for "https://support.mozilla.org/kb/captive-portal"  	[MsgId: MERR-35196]
End auto log messages stack.	[MsgId: MMSG-10544]


Start auto log messages stack - Iteration 1119.	[MsgId: MMSG-10545]
Starting action Action.	[MsgId: MMSG-15919]
Start auto log messages stack - Iteration 1072.	[MsgId: MMSG-10545]
Starting action Action.	[MsgId: MMSG-15919]
Action.c(4): web_url("canonical.html") started  	[MsgId: MMSG-26355]
Action.c(4): Detected non-resource "https://support.mozilla.org/kb/captive-portal" in "http://detectportal.firefox.com/canonical.html"  	[MsgId: MMSG-26573]
Action.c(4): Error -35196: HTTP Status-Code=429 (Retry With) for "https://support.mozilla.org/kb/captive-portal"  	[MsgId: MERR-35196]
Action.c(4): web_url("canonical.html") started  	[MsgId: MMSG-26355]
Action.c(4): Detected non-resource "https://support.mozilla.org/kb/captive-portal" in "http://detectportal.firefox.com/canonical.html"  	[MsgId: MMSG-26573]
Action.c(4): Error -35196: HTTP Status-Code=429 (Retry With) for "https://support.mozilla.org/kb/captive-portal"  	[MsgId: MERR-35196]
End auto log messages stack.	[MsgId: MMSG-10544]


End auto log messages stack.	[MsgId: MMSG-10544]


Start auto log messages stack - Iteration 1103.	[MsgId: MMSG-10545]
Starting action Action.	[MsgId: MMSG-15919]
Action.c(4): web_url("canonical.html") started  	[MsgId: MMSG-26355]
Action.c(4): Detected non-resource "https://support.mozilla.org/kb/captive-portal" in "http://detectportal.firefox.com/canonical.html"  	[MsgId: MMSG-26573]
Action.c(4): Error -35196: HTTP Status-Code=429 (Retry With) for "https://support.mozilla.org/kb/captive-portal"  	[MsgId: MERR-35196]
End auto log messages stack.	[MsgId: MMSG-10544]


Start auto log messages stack - Iteration 1017.	[MsgId: MMSG-10545]
Starting action Action.	[MsgId: MMSG-15919]
Action.c(4): web_url("canonical.html") started  	[MsgId: MMSG-26355]
Action.c(4): Detected non-resource "https://support.mozilla.org/kb/captive-portal" in "http://detectportal.firefox.com/canonical.html"  	[MsgId: MMSG-26573]
Action.c(4): Error -35196: HTTP Status-Code=429 (Retry With) for "https://support.mozilla.org/kb/captive-portal"  	[MsgId: MERR-35196]
End auto log messages stack.	[MsgId: MMSG-10544]


Start auto log messages stack - Iteration 1010.	[MsgId: MMSG-10545]
Starting action Action.	[MsgId: MMSG-15919]
Action.c(4): web_url("canonical.html") started  	[MsgId: MMSG-26355]
Action.c(4): Detected non-resource "https://support.mozilla.org/kb/captive-portal" in "http://detectportal.firefox.com/canonical.html"  	[MsgId: MMSG-26573]
Action.c(4): Error -35196: HTTP Status-Code=429 (Retry With) for "https://support.mozilla.org/kb/captive-portal"  	[MsgId: MERR-35196]
End auto log messages stack.	[MsgId: MMSG-10544]


Start auto log messages stack - Iteration 1163.	[MsgId: MMSG-10545]
Starting action Action.	[MsgId: MMSG-15919]
Action.c(4): web_url("canonical.html") started  	[MsgId: MMSG-26355]
Action.c(4): Detected non-resource "https://support.mozilla.org/kb/captive-portal" in "http://detectportal.firefox.com/canonical.html"  	[MsgId: MMSG-26573]
Action.c(4): Error -35196: HTTP Status-Code=429 (Retry With) for "https://support.mozilla.org/kb/captive-portal"  	[MsgId: MERR-35196]
End auto log messages stack.	[MsgId: MMSG-10544]


Start auto log messages stack - Iteration 1120.	[MsgId: MMSG-10545]
Starting action Action.	[MsgId: MMSG-15919]
Action.c(4): web_url("canonical.html") started  	[MsgId: MMSG-26355]
Action.c(4): Detected non-resource "https://support.mozilla.org/kb/captive-portal" in "http://detectportal.firefox.com/canonical.html"  	[MsgId: MMSG-26573]
Action.c(4): Error -35196: HTTP Status-Code=429 (Retry With) for "https://support.mozilla.org/kb/captive-portal"  	[MsgId: MERR-35196]
End auto log messages stack.	[MsgId: MMSG-10544]


Start auto log messages stack - Iteration 1104.	[MsgId: MMSG-10545]
Starting action Action.	[MsgId: MMSG-15919]
Action.c(4): web_url("canonical.html") started  	[MsgId: MMSG-26355]
Action.c(4): Detected non-resource "https://support.mozilla.org/kb/captive-portal" in "http://detectportal.firefox.com/canonical.html"  	[MsgId: MMSG-26573]
Action.c(4): Error -35196: HTTP Status-Code=429 (Retry With) for "https://support.mozilla.org/kb/captive-portal"  	[MsgId: MERR-35196]
Start auto log messages stack - Iteration 1073.	[MsgId: MMSG-10545]
Starting action Action.	[MsgId: MMSG-15919]
End auto log messages stack.	[MsgId: MMSG-10544]
Action.c(4): web_url("canonical.html") started  	[MsgId: MMSG-26355]


Action.c(4): Detected non-resource "https://support.mozilla.org/kb/captive-portal" in "http://detectportal.firefox.com/canonical.html"  	[MsgId: MMSG-26573]
Action.c(4): Error -35196: HTTP Status-Code=429 (Retry With) for "https://support.mozilla.org/kb/captive-portal"  	[MsgId: MERR-35196]
End auto log messages stack.	[MsgId: MMSG-10544]


Start auto log messages stack - Iteration 1018.	[MsgId: MMSG-10545]
Starting action Action.	[MsgId: MMSG-15919]
Action.c(4): web_url("canonical.html") started  	[MsgId: MMSG-26355]
Action.c(4): Detected non-resource "https://support.mozilla.org/kb/captive-portal" in "http://detectportal.firefox.com/canonical.html"  	[MsgId: MMSG-26573]
Action.c(4): Error -35196: HTTP Status-Code=429 (Retry With) for "https://support.mozilla.org/kb/captive-portal"  	[MsgId: MERR-35196]
End auto log messages stack.	[MsgId: MMSG-10544]


Start auto log messages stack - Iteration 1011.	[MsgId: MMSG-10545]
Starting action Action.	[MsgId: MMSG-15919]
Action.c(4): web_url("canonical.html") started  	[MsgId: MMSG-26355]
Action.c(4): Detected non-resource "https://support.mozilla.org/kb/captive-portal" in "http://detectportal.firefox.com/canonical.html"  	[MsgId: MMSG-26573]
Action.c(4): Error -35196: HTTP Status-Code=429 (Retry With) for "https://support.mozilla.org/kb/captive-portal"  	[MsgId: MERR-35196]
End auto log messages stack.	[MsgId: MMSG-10544]


Start auto log messages stack - Iteration 1164.	[MsgId: MMSG-10545]
Starting action Action.	[MsgId: MMSG-15919]
Action.c(4): web_url("canonical.html") started  	[MsgId: MMSG-26355]
Action.c(4): Detected non-resource "https://support.mozilla.org/kb/captive-portal" in "http://detectportal.firefox.com/canonical.html"  	[MsgId: MMSG-26573]
Action.c(4): Error -35196: HTTP Status-Code=429 (Retry With) for "https://support.mozilla.org/kb/captive-portal"  	[MsgId: MERR-35196]
End auto log messages stack.	[MsgId: MMSG-10544]


Start auto log messages stack - Iteration 1121.	[MsgId: MMSG-10545]
Starting action Action.	[MsgId: MMSG-15919]
Action.c(4): web_url("canonical.html") started  	[MsgId: MMSG-26355]
Action.c(4): Detected non-resource "https://support.mozilla.org/kb/captive-portal" in "http://detectportal.firefox.com/canonical.html"  	[MsgId: MMSG-26573]
Action.c(4): Error -35196: HTTP Status-Code=429 (Retry With) for "https://support.mozilla.org/kb/captive-portal"  	[MsgId: MERR-35196]
End auto log messages stack.	[MsgId: MMSG-10544]


Start auto log messages stack - Iteration 1074.	[MsgId: MMSG-10545]
Starting action Action.	[MsgId: MMSG-15919]
Action.c(4): web_url("canonical.html") started  	[MsgId: MMSG-26355]
Action.c(4): Detected non-resource "https://support.mozilla.org/kb/captive-portal" in "http://detectportal.firefox.com/canonical.html"  	[MsgId: MMSG-26573]
Action.c(4): Error -35196: HTTP Status-Code=429 (Retry With) for "https://support.mozilla.org/kb/captive-portal"  	[MsgId: MERR-35196]
End auto log messages stack.	[MsgId: MMSG-10544]


Start auto log messages stack - Iteration 1105.	[MsgId: MMSG-10545]
Starting action Action.	[MsgId: MMSG-15919]
Action.c(4): web_url("canonical.html") started  	[MsgId: MMSG-26355]
Action.c(4): Detected non-resource "https://support.mozilla.org/kb/captive-portal" in "http://detectportal.firefox.com/canonical.html"  	[MsgId: MMSG-26573]
Action.c(4): Error -35196: HTTP Status-Code=429 (Retry With) for "https://support.mozilla.org/kb/captive-portal"  	[MsgId: MERR-35196]
End auto log messages stack.	[MsgId: MMSG-10544]


Start auto log messages stack - Iteration 1019.	[MsgId: MMSG-10545]
Starting action Action.	[MsgId: MMSG-15919]
Action.c(4): web_url("canonical.html") started  	[MsgId: MMSG-26355]
Action.c(4): Detected non-resource "https://support.mozilla.org/kb/captive-portal" in "http://detectportal.firefox.com/canonical.html"  	[MsgId: MMSG-26573]
Action.c(4): Error -35196: HTTP Status-Code=429 (Retry With) for "https://support.mozilla.org/kb/captive-portal"  	[MsgId: MERR-35196]
End auto log messages stack.	[MsgId: MMSG-10544]


Start auto log messages stack - Iteration 1012.	[MsgId: MMSG-10545]
Starting action Action.	[MsgId: MMSG-15919]
Action.c(4): web_url("canonical.html") started  	[MsgId: MMSG-26355]
Action.c(4): Detected non-resource "https://support.mozilla.org/kb/captive-portal" in "http://detectportal.firefox.com/canonical.html"  	[MsgId: MMSG-26573]
Action.c(4): Error -35196: HTTP Status-Code=429 (Retry With) for "https://support.mozilla.org/kb/captive-portal"  	[MsgId: MERR-35196]
End auto log messages stack.	[MsgId: MMSG-10544]


Start auto log messages stack - Iteration 1165.	[MsgId: MMSG-10545]
Starting action Action.	[MsgId: MMSG-15919]
Action.c(4): web_url("canonical.html") started  	[MsgId: MMSG-26355]
Action.c(4): Detected non-resource "https://support.mozilla.org/kb/captive-portal" in "http://detectportal.firefox.com/canonical.html"  	[MsgId: MMSG-26573]
Action.c(4): Error -35196: HTTP Status-Code=429 (Retry With) for "https://support.mozilla.org/kb/captive-portal"  	[MsgId: MERR-35196]
End auto log messages stack.	[MsgId: MMSG-10544]


Start auto log messages stack - Iteration 1122.	[MsgId: MMSG-10545]
Starting action Action.	[MsgId: MMSG-15919]
Action.c(4): web_url("canonical.html") started  	[MsgId: MMSG-26355]
Action.c(4): Detected non-resource "https://support.mozilla.org/kb/captive-portal" in "http://detectportal.firefox.com/canonical.html"  	[MsgId: MMSG-26573]
Action.c(4): Error -35196: HTTP Status-Code=429 (Retry With) for "https://support.mozilla.org/kb/captive-portal"  	[MsgId: MERR-35196]
End auto log messages stack.	[MsgId: MMSG-10544]


Start auto log messages stack - Iteration 1013.	[MsgId: MMSG-10545]
Starting action Action.	[MsgId: MMSG-15919]
Start auto log messages stack - Iteration 1106.	[MsgId: MMSG-10545]
Action.c(4): web_url("canonical.html") started  	[MsgId: MMSG-26355]
Starting action Action.	[MsgId: MMSG-15919]
Action.c(4): web_url("canonical.html") started  	[MsgId: MMSG-26355]
Action.c(4): Detected non-resource "https://support.mozilla.org/kb/captive-portal" in "http://detectportal.firefox.com/canonical.html"  	[MsgId: MMSG-26573]
Action.c(4): Error -35196: HTTP Status-Code=429 (Retry With) for "https://support.mozilla.org/kb/captive-portal"  	[MsgId: MERR-35196]
Action.c(4): Detected non-resource "https://support.mozilla.org/kb/captive-portal" in "http://detectportal.firefox.com/canonical.html"  	[MsgId: MMSG-26573]
Action.c(4): Error -35196: HTTP Status-Code=429 (Retry With) for "https://support.mozilla.org/kb/captive-portal"  	[MsgId: MERR-35196]
End auto log messages stack.	[MsgId: MMSG-10544]


End auto log messages stack.	[MsgId: MMSG-10544]


Start auto log messages stack - Iteration 1020.	[MsgId: MMSG-10545]
Starting action Action.	[MsgId: MMSG-15919]
Action.c(4): web_url("canonical.html") started  	[MsgId: MMSG-26355]
Action.c(4): Detected non-resource "https://support.mozilla.org/kb/captive-portal" in "http://detectportal.firefox.com/canonical.html"  	[MsgId: MMSG-26573]
Action.c(4): Error -35196: HTTP Status-Code=429 (Retry With) for "https://support.mozilla.org/kb/captive-portal"  	[MsgId: MERR-35196]
Start auto log messages stack - Iteration 1075.	[MsgId: MMSG-10545]
Starting action Action.	[MsgId: MMSG-15919]
Action.c(4): web_url("canonical.html") started  	[MsgId: MMSG-26355]
Action.c(4): Detected non-resource "https://support.mozilla.org/kb/captive-portal" in "http://detectportal.firefox.com/canonical.html"  	[MsgId: MMSG-26573]
Action.c(4): Error -35196: HTTP Status-Code=429 (Retry With) for "https://support.mozilla.org/kb/captive-portal"  	[MsgId: MERR-35196]
End auto log messages stack.	[MsgId: MMSG-10544]


End auto log messages stack.	[MsgId: MMSG-10544]


Start auto log messages stack - Iteration 1166.	[MsgId: MMSG-10545]
Starting action Action.	[MsgId: MMSG-15919]
Action.c(4): web_url("canonical.html") started  	[MsgId: MMSG-26355]
Action.c(4): Detected non-resource "https://support.mozilla.org/kb/captive-portal" in "http://detectportal.firefox.com/canonical.html"  	[MsgId: MMSG-26573]
Action.c(4): Error -35196: HTTP Status-Code=429 (Retry With) for "https://support.mozilla.org/kb/captive-portal"  	[MsgId: MERR-35196]
End auto log messages stack.	[MsgId: MMSG-10544]


Start auto log messages stack - Iteration 1021.	[MsgId: MMSG-10545]
Starting action Action.	[MsgId: MMSG-15919]
Action.c(4): web_url("canonical.html") started  	[MsgId: MMSG-26355]
Action.c(4): Detected non-resource "https://support.mozilla.org/kb/captive-portal" in "http://detectportal.firefox.com/canonical.html"  	[MsgId: MMSG-26573]
Start auto log messages stack - Iteration 1014.	[MsgId: MMSG-10545]
Action.c(4): Error -35196: HTTP Status-Code=429 (Retry With) for "https://support.mozilla.org/kb/captive-portal"  	[MsgId: MERR-35196]
Starting action Action.	[MsgId: MMSG-15919]
Action.c(4): web_url("canonical.html") started  	[MsgId: MMSG-26355]
Action.c(4): Detected non-resource "https://support.mozilla.org/kb/captive-portal" in "http://detectportal.firefox.com/canonical.html"  	[MsgId: MMSG-26573]
Action.c(4): Error -35196: HTTP Status-Code=429 (Retry With) for "https://support.mozilla.org/kb/captive-portal"  	[MsgId: MERR-35196]
End auto log messages stack.	[MsgId: MMSG-10544]


End auto log messages stack.	[MsgId: MMSG-10544]


Start auto log messages stack - Iteration 1107.	[MsgId: MMSG-10545]
Starting action Action.	[MsgId: MMSG-15919]
Action.c(4): web_url("canonical.html") started  	[MsgId: MMSG-26355]
Action.c(4): Detected non-resource "https://support.mozilla.org/kb/captive-portal" in "http://detectportal.firefox.com/canonical.html"  	[MsgId: MMSG-26573]
Action.c(4): Error -35196: HTTP Status-Code=429 (Retry With) for "https://support.mozilla.org/kb/captive-portal"  	[MsgId: MERR-35196]
End auto log messages stack.	[MsgId: MMSG-10544]


Start auto log messages stack - Iteration 1167.	[MsgId: MMSG-10545]
Starting action Action.	[MsgId: MMSG-15919]
Action.c(4): web_url("canonical.html") started  	[MsgId: MMSG-26355]
Action.c(4): Detected non-resource "https://support.mozilla.org/kb/captive-portal" in "http://detectportal.firefox.com/canonical.html"  	[MsgId: MMSG-26573]
Action.c(4): Error -35196: HTTP Status-Code=429 (Retry With) for "https://support.mozilla.org/kb/captive-portal"  	[MsgId: MERR-35196]
End auto log messages stack.	[MsgId: MMSG-10544]


Start auto log messages stack - Iteration 1015.	[MsgId: MMSG-10545]
Starting action Action.	[MsgId: MMSG-15919]
Action.c(4): web_url("canonical.html") started  	[MsgId: MMSG-26355]
Action.c(4): Detected non-resource "https://support.mozilla.org/kb/captive-portal" in "http://detectportal.firefox.com/canonical.html"  	[MsgId: MMSG-26573]
Action.c(4): Error -35196: HTTP Status-Code=429 (Retry With) for "https://support.mozilla.org/kb/captive-portal"  	[MsgId: MERR-35196]
End auto log messages stack.	[MsgId: MMSG-10544]


Start auto log messages stack - Iteration 1022.	[MsgId: MMSG-10545]
Starting action Action.	[MsgId: MMSG-15919]
Action.c(4): web_url("canonical.html") started  	[MsgId: MMSG-26355]
Action.c(4): Detected non-resource "https://support.mozilla.org/kb/captive-portal" in "http://detectportal.firefox.com/canonical.html"  	[MsgId: MMSG-26573]
Action.c(4): Error -35196: HTTP Status-Code=429 (Retry With) for "https://support.mozilla.org/kb/captive-portal"  	[MsgId: MERR-35196]
End auto log messages stack.	[MsgId: MMSG-10544]


Start auto log messages stack - Iteration 1108.	[MsgId: MMSG-10545]
Starting action Action.	[MsgId: MMSG-15919]
Action.c(4): web_url("canonical.html") started  	[MsgId: MMSG-26355]
Action.c(4): Detected non-resource "https://support.mozilla.org/kb/captive-portal" in "http://detectportal.firefox.com/canonical.html"  	[MsgId: MMSG-26573]
Action.c(4): Error -35196: HTTP Status-Code=429 (Retry With) for "https://support.mozilla.org/kb/captive-portal"  	[MsgId: MERR-35196]
End auto log messages stack.	[MsgId: MMSG-10544]


Start auto log messages stack - Iteration 1168.	[MsgId: MMSG-10545]
Starting action Action.	[MsgId: MMSG-15919]
Action.c(4): web_url("canonical.html") started  	[MsgId: MMSG-26355]
Action.c(4): Detected non-resource "https://support.mozilla.org/kb/captive-portal" in "http://detectportal.firefox.com/canonical.html"  	[MsgId: MMSG-26573]
Action.c(4): Error -35196: HTTP Status-Code=429 (Retry With) for "https://support.mozilla.org/kb/captive-portal"  	[MsgId: MERR-35196]
End auto log messages stack.	[MsgId: MMSG-10544]


Start auto log messages stack - Iteration 1023.	[MsgId: MMSG-10545]
Starting action Action.	[MsgId: MMSG-15919]
Action.c(4): web_url("canonical.html") started  	[MsgId: MMSG-26355]
Action.c(4): Detected non-resource "https://support.mozilla.org/kb/captive-portal" in "http://detectportal.firefox.com/canonical.html"  	[MsgId: MMSG-26573]
Action.c(4): Error -35196: HTTP Status-Code=429 (Retry With) for "https://support.mozilla.org/kb/captive-portal"  	[MsgId: MERR-35196]
End auto log messages stack.	[MsgId: MMSG-10544]


Start auto log messages stack - Iteration 1016.	[MsgId: MMSG-10545]
Starting action Action.	[MsgId: MMSG-15919]
Action.c(4): web_url("canonical.html") started  	[MsgId: MMSG-26355]
Action.c(4): Detected non-resource "https://support.mozilla.org/kb/captive-portal" in "http://detectportal.firefox.com/canonical.html"  	[MsgId: MMSG-26573]
Action.c(4): Error -35196: HTTP Status-Code=429 (Retry With) for "https://support.mozilla.org/kb/captive-portal"  	[MsgId: MERR-35196]
End auto log messages stack.	[MsgId: MMSG-10544]


Start auto log messages stack - Iteration 1109.	[MsgId: MMSG-10545]
Starting action Action.	[MsgId: MMSG-15919]
Action.c(4): web_url("canonical.html") started  	[MsgId: MMSG-26355]
Action.c(4): Detected non-resource "https://support.mozilla.org/kb/captive-portal" in "http://detectportal.firefox.com/canonical.html"  	[MsgId: MMSG-26573]
Action.c(4): Error -35196: HTTP Status-Code=429 (Retry With) for "https://support.mozilla.org/kb/captive-portal"  	[MsgId: MERR-35196]
End auto log messages stack.	[MsgId: MMSG-10544]


Start auto log messages stack - Iteration 1169.	[MsgId: MMSG-10545]
Starting action Action.	[MsgId: MMSG-15919]
Action.c(4): web_url("canonical.html") started  	[MsgId: MMSG-26355]
Action.c(4): Detected non-resource "https://support.mozilla.org/kb/captive-portal" in "http://detectportal.firefox.com/canonical.html"  	[MsgId: MMSG-26573]
Action.c(4): Error -35196: HTTP Status-Code=429 (Retry With) for "https://support.mozilla.org/kb/captive-portal"  	[MsgId: MERR-35196]
End auto log messages stack.	[MsgId: MMSG-10544]


Start auto log messages stack - Iteration 1024.	[MsgId: MMSG-10545]
Starting action Action.	[MsgId: MMSG-15919]
Action.c(4): web_url("canonical.html") started  	[MsgId: MMSG-26355]
Action.c(4): Detected non-resource "https://support.mozilla.org/kb/captive-portal" in "http://detectportal.firefox.com/canonical.html"  	[MsgId: MMSG-26573]
Action.c(4): Error -35196: HTTP Status-Code=429 (Retry With) for "https://support.mozilla.org/kb/captive-portal"  	[MsgId: MERR-35196]
End auto log messages stack.	[MsgId: MMSG-10544]


Start auto log messages stack - Iteration 1017.	[MsgId: MMSG-10545]
Starting action Action.	[MsgId: MMSG-15919]
Action.c(4): web_url("canonical.html") started  	[MsgId: MMSG-26355]
Action.c(4): Detected non-resource "https://support.mozilla.org/kb/captive-portal" in "http://detectportal.firefox.com/canonical.html"  	[MsgId: MMSG-26573]
Action.c(4): Error -35196: HTTP Status-Code=429 (Retry With) for "https://support.mozilla.org/kb/captive-portal"  	[MsgId: MERR-35196]
End auto log messages stack.	[MsgId: MMSG-10544]


Start auto log messages stack - Iteration 1110.	[MsgId: MMSG-10545]
Starting action Action.	[MsgId: MMSG-15919]
Action.c(4): web_url("canonical.html") started  	[MsgId: MMSG-26355]
Action.c(4): Detected non-resource "https://support.mozilla.org/kb/captive-portal" in "http://detectportal.firefox.com/canonical.html"  	[MsgId: MMSG-26573]
Action.c(4): Error -35196: HTTP Status-Code=429 (Retry With) for "https://support.mozilla.org/kb/captive-portal"  	[MsgId: MERR-35196]
End auto log messages stack.	[MsgId: MMSG-10544]


Start auto log messages stack - Iteration 1170.	[MsgId: MMSG-10545]
Starting action Action.	[MsgId: MMSG-15919]
Action.c(4): web_url("canonical.html") started  	[MsgId: MMSG-26355]
Action.c(4): Detected non-resource "https://support.mozilla.org/kb/captive-portal" in "http://detectportal.firefox.com/canonical.html"  	[MsgId: MMSG-26573]
Action.c(4): Error -35196: HTTP Status-Code=429 (Retry With) for "https://support.mozilla.org/kb/captive-portal"  	[MsgId: MERR-35196]
End auto log messages stack.	[MsgId: MMSG-10544]


Start auto log messages stack - Iteration 1025.	[MsgId: MMSG-10545]
Starting action Action.	[MsgId: MMSG-15919]
Action.c(4): web_url("canonical.html") started  	[MsgId: MMSG-26355]
Action.c(4): Detected non-resource "https://support.mozilla.org/kb/captive-portal" in "http://detectportal.firefox.com/canonical.html"  	[MsgId: MMSG-26573]
Action.c(4): Error -35196: HTTP Status-Code=429 (Retry With) for "https://support.mozilla.org/kb/captive-portal"  	[MsgId: MERR-35196]
End auto log messages stack.	[MsgId: MMSG-10544]


Start auto log messages stack - Iteration 1018.	[MsgId: MMSG-10545]
Starting action Action.	[MsgId: MMSG-15919]
Action.c(4): web_url("canonical.html") started  	[MsgId: MMSG-26355]
Action.c(4): Detected non-resource "https://support.mozilla.org/kb/captive-portal" in "http://detectportal.firefox.com/canonical.html"  	[MsgId: MMSG-26573]
Action.c(4): Error -35196: HTTP Status-Code=429 (Retry With) for "https://support.mozilla.org/kb/captive-portal"  	[MsgId: MERR-35196]
End auto log messages stack.	[MsgId: MMSG-10544]


Start auto log messages stack - Iteration 1111.	[MsgId: MMSG-10545]
Starting action Action.	[MsgId: MMSG-15919]
Action.c(4): web_url("canonical.html") started  	[MsgId: MMSG-26355]
Action.c(4): Detected non-resource "https://support.mozilla.org/kb/captive-portal" in "http://detectportal.firefox.com/canonical.html"  	[MsgId: MMSG-26573]
Action.c(4): Error -35196: HTTP Status-Code=429 (Retry With) for "https://support.mozilla.org/kb/captive-portal"  	[MsgId: MERR-35196]
End auto log messages stack.	[MsgId: MMSG-10544]


Start auto log messages stack - Iteration 1171.	[MsgId: MMSG-10545]
Starting action Action.	[MsgId: MMSG-15919]
Action.c(4): web_url("canonical.html") started  	[MsgId: MMSG-26355]
Action.c(4): Detected non-resource "https://support.mozilla.org/kb/captive-portal" in "http://detectportal.firefox.com/canonical.html"  	[MsgId: MMSG-26573]
Action.c(4): Error -35196: HTTP Status-Code=429 (Retry With) for "https://support.mozilla.org/kb/captive-portal"  	[MsgId: MERR-35196]
End auto log messages stack.	[MsgId: MMSG-10544]


Start auto log messages stack - Iteration 1026.	[MsgId: MMSG-10545]
Starting action Action.	[MsgId: MMSG-15919]
Action.c(4): web_url("canonical.html") started  	[MsgId: MMSG-26355]
Action.c(4): Detected non-resource "https://support.mozilla.org/kb/captive-portal" in "http://detectportal.firefox.com/canonical.html"  	[MsgId: MMSG-26573]
Action.c(4): Error -35196: HTTP Status-Code=429 (Retry With) for "https://support.mozilla.org/kb/captive-portal"  	[MsgId: MERR-35196]
End auto log messages stack.	[MsgId: MMSG-10544]


Start auto log messages stack - Iteration 1019.	[MsgId: MMSG-10545]
Starting action Action.	[MsgId: MMSG-15919]
Action.c(4): web_url("canonical.html") started  	[MsgId: MMSG-26355]
Action.c(4): Detected non-resource "https://support.mozilla.org/kb/captive-portal" in "http://detectportal.firefox.com/canonical.html"  	[MsgId: MMSG-26573]
Action.c(4): Error -35196: HTTP Status-Code=429 (Retry With) for "https://support.mozilla.org/kb/captive-portal"  	[MsgId: MERR-35196]
End auto log messages stack.	[MsgId: MMSG-10544]


Start auto log messages stack - Iteration 1112.	[MsgId: MMSG-10545]
Starting action Action.	[MsgId: MMSG-15919]
Action.c(4): web_url("canonical.html") started  	[MsgId: MMSG-26355]
Action.c(4): Detected non-resource "https://support.mozilla.org/kb/captive-portal" in "http://detectportal.firefox.com/canonical.html"  	[MsgId: MMSG-26573]
Action.c(4): Error -35196: HTTP Status-Code=429 (Retry With) for "https://support.mozilla.org/kb/captive-portal"  	[MsgId: MERR-35196]
Start auto log messages stack - Iteration 1172.	[MsgId: MMSG-10545]
End auto log messages stack.	[MsgId: MMSG-10544]


Starting action Action.	[MsgId: MMSG-15919]
Action.c(4): web_url("canonical.html") started  	[MsgId: MMSG-26355]
Action.c(4): Detected non-resource "https://support.mozilla.org/kb/captive-portal" in "http://detectportal.firefox.com/canonical.html"  	[MsgId: MMSG-26573]
Action.c(4): Error -35196: HTTP Status-Code=429 (Retry With) for "https://support.mozilla.org/kb/captive-portal"  	[MsgId: MERR-35196]
End auto log messages stack.	[MsgId: MMSG-10544]


Start auto log messages stack - Iteration 1027.	[MsgId: MMSG-10545]
Starting action Action.	[MsgId: MMSG-15919]
Action.c(4): web_url("canonical.html") started  	[MsgId: MMSG-26355]
Action.c(4): Detected non-resource "https://support.mozilla.org/kb/captive-portal" in "http://detectportal.firefox.com/canonical.html"  	[MsgId: MMSG-26573]
Action.c(4): Error -35196: HTTP Status-Code=429 (Retry With) for "https://support.mozilla.org/kb/captive-portal"  	[MsgId: MERR-35196]
End auto log messages stack.	[MsgId: MMSG-10544]


Start auto log messages stack - Iteration 1020.	[MsgId: MMSG-10545]
Starting action Action.	[MsgId: MMSG-15919]
Action.c(4): web_url("canonical.html") started  	[MsgId: MMSG-26355]
Action.c(4): Detected non-resource "https://support.mozilla.org/kb/captive-portal" in "http://detectportal.firefox.com/canonical.html"  	[MsgId: MMSG-26573]
Action.c(4): Error -35196: HTTP Status-Code=429 (Retry With) for "https://support.mozilla.org/kb/captive-portal"  	[MsgId: MERR-35196]
End auto log messages stack.	[MsgId: MMSG-10544]


Start auto log messages stack - Iteration 1113.	[MsgId: MMSG-10545]
Starting action Action.	[MsgId: MMSG-15919]
Action.c(4): web_url("canonical.html") started  	[MsgId: MMSG-26355]
Action.c(4): Detected non-resource "https://support.mozilla.org/kb/captive-portal" in "http://detectportal.firefox.com/canonical.html"  	[MsgId: MMSG-26573]
Action.c(4): Error -35196: HTTP Status-Code=429 (Retry With) for "https://support.mozilla.org/kb/captive-portal"  	[MsgId: MERR-35196]
End auto log messages stack.	[MsgId: MMSG-10544]


Start auto log messages stack - Iteration 1173.	[MsgId: MMSG-10545]
Starting action Action.	[MsgId: MMSG-15919]
Action.c(4): web_url("canonical.html") started  	[MsgId: MMSG-26355]
Action.c(4): Detected non-resource "https://support.mozilla.org/kb/captive-portal" in "http://detectportal.firefox.com/canonical.html"  	[MsgId: MMSG-26573]
Action.c(4): Error -35196: HTTP Status-Code=429 (Retry With) for "https://support.mozilla.org/kb/captive-portal"  	[MsgId: MERR-35196]
End auto log messages stack.	[MsgId: MMSG-10544]


Start auto log messages stack - Iteration 1028.	[MsgId: MMSG-10545]
Starting action Action.	[MsgId: MMSG-15919]
Action.c(4): web_url("canonical.html") started  	[MsgId: MMSG-26355]
Action.c(4): Detected non-resource "https://support.mozilla.org/kb/captive-portal" in "http://detectportal.firefox.com/canonical.html"  	[MsgId: MMSG-26573]
Action.c(4): Error -35196: HTTP Status-Code=429 (Retry With) for "https://support.mozilla.org/kb/captive-portal"  	[MsgId: MERR-35196]
End auto log messages stack.	[MsgId: MMSG-10544]


Start auto log messages stack - Iteration 1021.	[MsgId: MMSG-10545]
Starting action Action.	[MsgId: MMSG-15919]
Action.c(4): web_url("canonical.html") started  	[MsgId: MMSG-26355]
Action.c(4): Detected non-resource "https://support.mozilla.org/kb/captive-portal" in "http://detectportal.firefox.com/canonical.html"  	[MsgId: MMSG-26573]
Action.c(4): Error -35196: HTTP Status-Code=429 (Retry With) for "https://support.mozilla.org/kb/captive-portal"  	[MsgId: MERR-35196]
End auto log messages stack.	[MsgId: MMSG-10544]


Start auto log messages stack - Iteration 1114.	[MsgId: MMSG-10545]
Starting action Action.	[MsgId: MMSG-15919]
Action.c(4): web_url("canonical.html") started  	[MsgId: MMSG-26355]
Action.c(4): Detected non-resource "https://support.mozilla.org/kb/captive-portal" in "http://detectportal.firefox.com/canonical.html"  	[MsgId: MMSG-26573]
Action.c(4): Error -35196: HTTP Status-Code=429 (Retry With) for "https://support.mozilla.org/kb/captive-portal"  	[MsgId: MERR-35196]
End auto log messages stack.	[MsgId: MMSG-10544]


Start auto log messages stack - Iteration 1029.	[MsgId: MMSG-10545]
Starting action Action.	[MsgId: MMSG-15919]
Action.c(4): web_url("canonical.html") started  	[MsgId: MMSG-26355]
Action.c(4): Detected non-resource "https://support.mozilla.org/kb/captive-portal" in "http://detectportal.firefox.com/canonical.html"  	[MsgId: MMSG-26573]
Action.c(4): Error -35196: HTTP Status-Code=429 (Retry With) for "https://support.mozilla.org/kb/captive-portal"  	[MsgId: MERR-35196]
Start auto log messages stack - Iteration 1174.	[MsgId: MMSG-10545]
Starting action Action.	[MsgId: MMSG-15919]
Action.c(4): web_url("canonical.html") started  	[MsgId: MMSG-26355]
Action.c(4): Detected non-resource "https://support.mozilla.org/kb/captive-portal" in "http://detectportal.firefox.com/canonical.html"  	[MsgId: MMSG-26573]
Action.c(4): Error -35196: HTTP Status-Code=429 (Retry With) for "https://support.mozilla.org/kb/captive-portal"  	[MsgId: MERR-35196]
End auto log messages stack.	[MsgId: MMSG-10544]
End auto log messages stack.	[MsgId: MMSG-10544]




Start auto log messages stack - Iteration 1022.	[MsgId: MMSG-10545]
Starting action Action.	[MsgId: MMSG-15919]
Action.c(4): web_url("canonical.html") started  	[MsgId: MMSG-26355]
Action.c(4): Detected non-resource "https://support.mozilla.org/kb/captive-portal" in "http://detectportal.firefox.com/canonical.html"  	[MsgId: MMSG-26573]
Action.c(4): Error -35196: HTTP Status-Code=429 (Retry With) for "https://support.mozilla.org/kb/captive-portal"  	[MsgId: MERR-35196]
End auto log messages stack.	[MsgId: MMSG-10544]


Start auto log messages stack - Iteration 1175.	[MsgId: MMSG-10545]
Starting action Action.	[MsgId: MMSG-15919]
Action.c(4): web_url("canonical.html") started  	[MsgId: MMSG-26355]
Action.c(4): Detected non-resource "https://support.mozilla.org/kb/captive-portal" in "http://detectportal.firefox.com/canonical.html"  	[MsgId: MMSG-26573]
Action.c(4): Error -35196: HTTP Status-Code=429 (Retry With) for "https://support.mozilla.org/kb/captive-portal"  	[MsgId: MERR-35196]
End auto log messages stack.	[MsgId: MMSG-10544]


Start auto log messages stack - Iteration 1030.	[MsgId: MMSG-10545]
Starting action Action.	[MsgId: MMSG-15919]
Action.c(4): web_url("canonical.html") started  	[MsgId: MMSG-26355]
Action.c(4): Detected non-resource "https://support.mozilla.org/kb/captive-portal" in "http://detectportal.firefox.com/canonical.html"  	[MsgId: MMSG-26573]
Action.c(4): Error -35196: HTTP Status-Code=429 (Retry With) for "https://support.mozilla.org/kb/captive-portal"  	[MsgId: MERR-35196]
End auto log messages stack.	[MsgId: MMSG-10544]


Start auto log messages stack - Iteration 1115.	[MsgId: MMSG-10545]
Starting action Action.	[MsgId: MMSG-15919]
Action.c(4): web_url("canonical.html") started  	[MsgId: MMSG-26355]
Action.c(4): Detected non-resource "https://support.mozilla.org/kb/captive-portal" in "http://detectportal.firefox.com/canonical.html"  	[MsgId: MMSG-26573]
Action.c(4): Error -35196: HTTP Status-Code=429 (Retry With) for "https://support.mozilla.org/kb/captive-portal"  	[MsgId: MERR-35196]
End auto log messages stack.	[MsgId: MMSG-10544]


Start auto log messages stack - Iteration 1023.	[MsgId: MMSG-10545]
Starting action Action.	[MsgId: MMSG-15919]
Action.c(4): web_url("canonical.html") started  	[MsgId: MMSG-26355]
Action.c(4): Detected non-resource "https://support.mozilla.org/kb/captive-portal" in "http://detectportal.firefox.com/canonical.html"  	[MsgId: MMSG-26573]
Action.c(4): Error -35196: HTTP Status-Code=429 (Retry With) for "https://support.mozilla.org/kb/captive-portal"  	[MsgId: MERR-35196]
End auto log messages stack.	[MsgId: MMSG-10544]


Start auto log messages stack - Iteration 1176.	[MsgId: MMSG-10545]
Starting action Action.	[MsgId: MMSG-15919]
Action.c(4): web_url("canonical.html") started  	[MsgId: MMSG-26355]
Action.c(4): Detected non-resource "https://support.mozilla.org/kb/captive-portal" in "http://detectportal.firefox.com/canonical.html"  	[MsgId: MMSG-26573]
Action.c(4): Error -35196: HTTP Status-Code=429 (Retry With) for "https://support.mozilla.org/kb/captive-portal"  	[MsgId: MERR-35196]
End auto log messages stack.	[MsgId: MMSG-10544]


Start auto log messages stack - Iteration 1031.	[MsgId: MMSG-10545]
Starting action Action.	[MsgId: MMSG-15919]
Action.c(4): web_url("canonical.html") started  	[MsgId: MMSG-26355]
Action.c(4): Detected non-resource "https://support.mozilla.org/kb/captive-portal" in "http://detectportal.firefox.com/canonical.html"  	[MsgId: MMSG-26573]
Action.c(4): Error -35196: HTTP Status-Code=429 (Retry With) for "https://support.mozilla.org/kb/captive-portal"  	[MsgId: MERR-35196]
End auto log messages stack.	[MsgId: MMSG-10544]


Start auto log messages stack - Iteration 1116.	[MsgId: MMSG-10545]
Starting action Action.	[MsgId: MMSG-15919]
Action.c(4): web_url("canonical.html") started  	[MsgId: MMSG-26355]
Action.c(4): Detected non-resource "https://support.mozilla.org/kb/captive-portal" in "http://detectportal.firefox.com/canonical.html"  	[MsgId: MMSG-26573]
Action.c(4): Error -35196: HTTP Status-Code=429 (Retry With) for "https://support.mozilla.org/kb/captive-portal"  	[MsgId: MERR-35196]
End auto log messages stack.	[MsgId: MMSG-10544]


Start auto log messages stack - Iteration 1024.	[MsgId: MMSG-10545]
Starting action Action.	[MsgId: MMSG-15919]
Action.c(4): web_url("canonical.html") started  	[MsgId: MMSG-26355]
Action.c(4): Detected non-resource "https://support.mozilla.org/kb/captive-portal" in "http://detectportal.firefox.com/canonical.html"  	[MsgId: MMSG-26573]
Action.c(4): Error -35196: HTTP Status-Code=429 (Retry With) for "https://support.mozilla.org/kb/captive-portal"  	[MsgId: MERR-35196]
End auto log messages stack.	[MsgId: MMSG-10544]


Start auto log messages stack - Iteration 1177.	[MsgId: MMSG-10545]
Starting action Action.	[MsgId: MMSG-15919]
Action.c(4): web_url("canonical.html") started  	[MsgId: MMSG-26355]
Action.c(4): Detected non-resource "https://support.mozilla.org/kb/captive-portal" in "http://detectportal.firefox.com/canonical.html"  	[MsgId: MMSG-26573]
Action.c(4): Error -35196: HTTP Status-Code=429 (Retry With) for "https://support.mozilla.org/kb/captive-portal"  	[MsgId: MERR-35196]
End auto log messages stack.	[MsgId: MMSG-10544]


Start auto log messages stack - Iteration 1117.	[MsgId: MMSG-10545]
Starting action Action.	[MsgId: MMSG-15919]
Action.c(4): web_url("canonical.html") started  	[MsgId: MMSG-26355]
Action.c(4): Detected non-resource "https://support.mozilla.org/kb/captive-portal" in "http://detectportal.firefox.com/canonical.html"  	[MsgId: MMSG-26573]
Action.c(4): Error -35196: HTTP Status-Code=429 (Retry With) for "https://support.mozilla.org/kb/captive-portal"  	[MsgId: MERR-35196]
End auto log messages stack.	[MsgId: MMSG-10544]


Start auto log messages stack - Iteration 1032.	[MsgId: MMSG-10545]
Starting action Action.	[MsgId: MMSG-15919]
Action.c(4): web_url("canonical.html") started  	[MsgId: MMSG-26355]
Action.c(4): Detected non-resource "https://support.mozilla.org/kb/captive-portal" in "http://detectportal.firefox.com/canonical.html"  	[MsgId: MMSG-26573]
Action.c(4): Error -35196: HTTP Status-Code=429 (Retry With) for "https://support.mozilla.org/kb/captive-portal"  	[MsgId: MERR-35196]
End auto log messages stack.	[MsgId: MMSG-10544]


Start auto log messages stack - Iteration 1025.	[MsgId: MMSG-10545]
Starting action Action.	[MsgId: MMSG-15919]
Action.c(4): web_url("canonical.html") started  	[MsgId: MMSG-26355]
Action.c(4): Detected non-resource "https://support.mozilla.org/kb/captive-portal" in "http://detectportal.firefox.com/canonical.html"  	[MsgId: MMSG-26573]
Action.c(4): Error -35196: HTTP Status-Code=429 (Retry With) for "https://support.mozilla.org/kb/captive-portal"  	[MsgId: MERR-35196]
End auto log messages stack.	[MsgId: MMSG-10544]


Start auto log messages stack - Iteration 1033.	[MsgId: MMSG-10545]
Starting action Action.	[MsgId: MMSG-15919]
Action.c(4): web_url("canonical.html") started  	[MsgId: MMSG-26355]
Action.c(4): Detected non-resource "https://support.mozilla.org/kb/captive-portal" in "http://detectportal.firefox.com/canonical.html"  	[MsgId: MMSG-26573]
Action.c(4): Error -35196: HTTP Status-Code=429 (Retry With) for "https://support.mozilla.org/kb/captive-portal"  	[MsgId: MERR-35196]
End auto log messages stack.	[MsgId: MMSG-10544]


Start auto log messages stack - Iteration 1026.	[MsgId: MMSG-10545]
Starting action Action.	[MsgId: MMSG-15919]
Action.c(4): web_url("canonical.html") started  	[MsgId: MMSG-26355]
Action.c(4): Detected non-resource "https://support.mozilla.org/kb/captive-portal" in "http://detectportal.firefox.com/canonical.html"  	[MsgId: MMSG-26573]
Action.c(4): Error -35196: HTTP Status-Code=429 (Retry With) for "https://support.mozilla.org/kb/captive-portal"  	[MsgId: MERR-35196]
End auto log messages stack.	[MsgId: MMSG-10544]


Start auto log messages stack - Iteration 1034.	[MsgId: MMSG-10545]
Starting action Action.	[MsgId: MMSG-15919]
Action.c(4): web_url("canonical.html") started  	[MsgId: MMSG-26355]
Action.c(4): Detected non-resource "https://support.mozilla.org/kb/captive-portal" in "http://detectportal.firefox.com/canonical.html"  	[MsgId: MMSG-26573]
Action.c(4): Error -35196: HTTP Status-Code=429 (Retry With) for "https://support.mozilla.org/kb/captive-portal"  	[MsgId: MERR-35196]
End auto log messages stack.	[MsgId: MMSG-10544]


Start auto log messages stack - Iteration 1027.	[MsgId: MMSG-10545]
Starting action Action.	[MsgId: MMSG-15919]
Action.c(4): web_url("canonical.html") started  	[MsgId: MMSG-26355]
Action.c(4): Detected non-resource "https://support.mozilla.org/kb/captive-portal" in "http://detectportal.firefox.com/canonical.html"  	[MsgId: MMSG-26573]
Action.c(4): Error -35196: HTTP Status-Code=429 (Retry With) for "https://support.mozilla.org/kb/captive-portal"  	[MsgId: MERR-35196]
End auto log messages stack.	[MsgId: MMSG-10544]


Start auto log messages stack - Iteration 1035.	[MsgId: MMSG-10545]
Starting action Action.	[MsgId: MMSG-15919]
Action.c(4): web_url("canonical.html") started  	[MsgId: MMSG-26355]
Action.c(4): Detected non-resource "https://support.mozilla.org/kb/captive-portal" in "http://detectportal.firefox.com/canonical.html"  	[MsgId: MMSG-26573]
Action.c(4): Error -35196: HTTP Status-Code=429 (Retry With) for "https://support.mozilla.org/kb/captive-portal"  	[MsgId: MERR-35196]
End auto log messages stack.	[MsgId: MMSG-10544]


Start auto log messages stack - Iteration 1028.	[MsgId: MMSG-10545]
Starting action Action.	[MsgId: MMSG-15919]
Action.c(4): web_url("canonical.html") started  	[MsgId: MMSG-26355]
Action.c(4): Detected non-resource "https://support.mozilla.org/kb/captive-portal" in "http://detectportal.firefox.com/canonical.html"  	[MsgId: MMSG-26573]
Action.c(4): Error -35196: HTTP Status-Code=429 (Retry With) for "https://support.mozilla.org/kb/captive-portal"  	[MsgId: MERR-35196]
End auto log messages stack.	[MsgId: MMSG-10544]


Start auto log messages stack - Iteration 1036.	[MsgId: MMSG-10545]
Starting action Action.	[MsgId: MMSG-15919]
Action.c(4): web_url("canonical.html") started  	[MsgId: MMSG-26355]
Action.c(4): Detected non-resource "https://support.mozilla.org/kb/captive-portal" in "http://detectportal.firefox.com/canonical.html"  	[MsgId: MMSG-26573]
Action.c(4): Error -35196: HTTP Status-Code=429 (Retry With) for "https://support.mozilla.org/kb/captive-portal"  	[MsgId: MERR-35196]
End auto log messages stack.	[MsgId: MMSG-10544]


Start auto log messages stack - Iteration 1029.	[MsgId: MMSG-10545]
Starting action Action.	[MsgId: MMSG-15919]
Action.c(4): web_url("canonical.html") started  	[MsgId: MMSG-26355]
Action.c(4): Detected non-resource "https://support.mozilla.org/kb/captive-portal" in "http://detectportal.firefox.com/canonical.html"  	[MsgId: MMSG-26573]
Action.c(4): Error -35196: HTTP Status-Code=429 (Retry With) for "https://support.mozilla.org/kb/captive-portal"  	[MsgId: MERR-35196]
End auto log messages stack.	[MsgId: MMSG-10544]


Start auto log messages stack - Iteration 1037.	[MsgId: MMSG-10545]
Starting action Action.	[MsgId: MMSG-15919]
Action.c(4): web_url("canonical.html") started  	[MsgId: MMSG-26355]
Action.c(4): Detected non-resource "https://support.mozilla.org/kb/captive-portal" in "http://detectportal.firefox.com/canonical.html"  	[MsgId: MMSG-26573]
Action.c(4): Error -35196: HTTP Status-Code=429 (Retry With) for "https://support.mozilla.org/kb/captive-portal"  	[MsgId: MERR-35196]
End auto log messages stack.	[MsgId: MMSG-10544]


Start auto log messages stack - Iteration 1030.	[MsgId: MMSG-10545]
Starting action Action.	[MsgId: MMSG-15919]
Action.c(4): web_url("canonical.html") started  	[MsgId: MMSG-26355]
Action.c(4): Detected non-resource "https://support.mozilla.org/kb/captive-portal" in "http://detectportal.firefox.com/canonical.html"  	[MsgId: MMSG-26573]
Action.c(4): Error -35196: HTTP Status-Code=429 (Retry With) for "https://support.mozilla.org/kb/captive-portal"  	[MsgId: MERR-35196]
End auto log messages stack.	[MsgId: MMSG-10544]


Start auto log messages stack - Iteration 1038.	[MsgId: MMSG-10545]
Starting action Action.	[MsgId: MMSG-15919]
Action.c(4): web_url("canonical.html") started  	[MsgId: MMSG-26355]
Action.c(4): Detected non-resource "https://support.mozilla.org/kb/captive-portal" in "http://detectportal.firefox.com/canonical.html"  	[MsgId: MMSG-26573]
Action.c(4): Error -35196: HTTP Status-Code=429 (Retry With) for "https://support.mozilla.org/kb/captive-portal"  	[MsgId: MERR-35196]
End auto log messages stack.	[MsgId: MMSG-10544]


Start auto log messages stack - Iteration 1031.	[MsgId: MMSG-10545]
Starting action Action.	[MsgId: MMSG-15919]
Action.c(4): web_url("canonical.html") started  	[MsgId: MMSG-26355]
Action.c(4): Detected non-resource "https://support.mozilla.org/kb/captive-portal" in "http://detectportal.firefox.com/canonical.html"  	[MsgId: MMSG-26573]
Action.c(4): Error -35196: HTTP Status-Code=429 (Retry With) for "https://support.mozilla.org/kb/captive-portal"  	[MsgId: MERR-35196]
End auto log messages stack.	[MsgId: MMSG-10544]


Start auto log messages stack - Iteration 1118.	[MsgId: MMSG-10545]
Starting action Action.	[MsgId: MMSG-15919]
Action.c(4): web_url("canonical.html") started  	[MsgId: MMSG-26355]
Action.c(4): Detected non-resource "https://support.mozilla.org/kb/captive-portal" in "http://detectportal.firefox.com/canonical.html"  	[MsgId: MMSG-26573]
Action.c(4): Error -35196: HTTP Status-Code=429 (Retry With) for "https://support.mozilla.org/kb/captive-portal"  	[MsgId: MERR-35196]
End auto log messages stack.	[MsgId: MMSG-10544]


Start auto log messages stack - Iteration 1039.	[MsgId: MMSG-10545]
Starting action Action.	[MsgId: MMSG-15919]
Action.c(4): web_url("canonical.html") started  	[MsgId: MMSG-26355]
Action.c(4): Detected non-resource "https://support.mozilla.org/kb/captive-portal" in "http://detectportal.firefox.com/canonical.html"  	[MsgId: MMSG-26573]
Action.c(4): Error -35196: HTTP Status-Code=429 (Retry With) for "https://support.mozilla.org/kb/captive-portal"  	[MsgId: MERR-35196]
End auto log messages stack.	[MsgId: MMSG-10544]


Start auto log messages stack - Iteration 1178.	[MsgId: MMSG-10545]
Starting action Action.	[MsgId: MMSG-15919]
Action.c(4): web_url("canonical.html") started  	[MsgId: MMSG-26355]
Action.c(4): Detected non-resource "https://support.mozilla.org/kb/captive-portal" in "http://detectportal.firefox.com/canonical.html"  	[MsgId: MMSG-26573]
Action.c(4): Error -35196: HTTP Status-Code=429 (Retry With) for "https://support.mozilla.org/kb/captive-portal"  	[MsgId: MERR-35196]
End auto log messages stack.	[MsgId: MMSG-10544]


Start auto log messages stack - Iteration 1032.	[MsgId: MMSG-10545]
Starting action Action.	[MsgId: MMSG-15919]
Action.c(4): web_url("canonical.html") started  	[MsgId: MMSG-26355]
Action.c(4): Detected non-resource "https://support.mozilla.org/kb/captive-portal" in "http://detectportal.firefox.com/canonical.html"  	[MsgId: MMSG-26573]
Action.c(4): Error -35196: HTTP Status-Code=429 (Retry With) for "https://support.mozilla.org/kb/captive-portal"  	[MsgId: MERR-35196]
End auto log messages stack.	[MsgId: MMSG-10544]


Start auto log messages stack - Iteration 1040.	[MsgId: MMSG-10545]
Start auto log messages stack - Iteration 1179.	[MsgId: MMSG-10545]
Starting action Action.	[MsgId: MMSG-15919]
Starting action Action.	[MsgId: MMSG-15919]
Action.c(4): web_url("canonical.html") started  	[MsgId: MMSG-26355]
Action.c(4): web_url("canonical.html") started  	[MsgId: MMSG-26355]
Action.c(4): Detected non-resource "https://support.mozilla.org/kb/captive-portal" in "http://detectportal.firefox.com/canonical.html"  	[MsgId: MMSG-26573]
Action.c(4): Detected non-resource "https://support.mozilla.org/kb/captive-portal" in "http://detectportal.firefox.com/canonical.html"  	[MsgId: MMSG-26573]
Action.c(4): Error -35196: HTTP Status-Code=429 (Retry With) for "https://support.mozilla.org/kb/captive-portal"  	[MsgId: MERR-35196]
Action.c(4): Error -35196: HTTP Status-Code=429 (Retry With) for "https://support.mozilla.org/kb/captive-portal"  	[MsgId: MERR-35196]
End auto log messages stack.	[MsgId: MMSG-10544]


Start auto log messages stack - Iteration 1119.	[MsgId: MMSG-10545]
Starting action Action.	[MsgId: MMSG-15919]
Action.c(4): web_url("canonical.html") started  	[MsgId: MMSG-26355]
Action.c(4): Detected non-resource "https://support.mozilla.org/kb/captive-portal" in "http://detectportal.firefox.com/canonical.html"  	[MsgId: MMSG-26573]
Action.c(4): Error -35196: HTTP Status-Code=429 (Retry With) for "https://support.mozilla.org/kb/captive-portal"  	[MsgId: MERR-35196]
End auto log messages stack.	[MsgId: MMSG-10544]


End auto log messages stack.	[MsgId: MMSG-10544]


Start auto log messages stack - Iteration 1033.	[MsgId: MMSG-10545]
Starting action Action.	[MsgId: MMSG-15919]
Action.c(4): web_url("canonical.html") started  	[MsgId: MMSG-26355]
Action.c(4): Detected non-resource "https://support.mozilla.org/kb/captive-portal" in "http://detectportal.firefox.com/canonical.html"  	[MsgId: MMSG-26573]
Action.c(4): Error -35196: HTTP Status-Code=429 (Retry With) for "https://support.mozilla.org/kb/captive-portal"  	[MsgId: MERR-35196]
End auto log messages stack.	[MsgId: MMSG-10544]


Start auto log messages stack - Iteration 1180.	[MsgId: MMSG-10545]
Starting action Action.	[MsgId: MMSG-15919]
Start auto log messages stack - Iteration 1120.	[MsgId: MMSG-10545]
Start auto log messages stack - Iteration 1041.	[MsgId: MMSG-10545]
Action.c(4): web_url("canonical.html") started  	[MsgId: MMSG-26355]
Starting action Action.	[MsgId: MMSG-15919]
Action.c(4): Detected non-resource "https://support.mozilla.org/kb/captive-portal" in "http://detectportal.firefox.com/canonical.html"  	[MsgId: MMSG-26573]
Action.c(4): web_url("canonical.html") started  	[MsgId: MMSG-26355]
Action.c(4): Error -35196: HTTP Status-Code=429 (Retry With) for "https://support.mozilla.org/kb/captive-portal"  	[MsgId: MERR-35196]
Action.c(4): Detected non-resource "https://support.mozilla.org/kb/captive-portal" in "http://detectportal.firefox.com/canonical.html"  	[MsgId: MMSG-26573]
Action.c(4): Error -35196: HTTP Status-Code=429 (Retry With) for "https://support.mozilla.org/kb/captive-portal"  	[MsgId: MERR-35196]
Starting action Action.	[MsgId: MMSG-15919]
End auto log messages stack.	[MsgId: MMSG-10544]


Action.c(4): web_url("canonical.html") started  	[MsgId: MMSG-26355]
Action.c(4): Detected non-resource "https://support.mozilla.org/kb/captive-portal" in "http://detectportal.firefox.com/canonical.html"  	[MsgId: MMSG-26573]
Action.c(4): Error -35196: HTTP Status-Code=429 (Retry With) for "https://support.mozilla.org/kb/captive-portal"  	[MsgId: MERR-35196]
End auto log messages stack.	[MsgId: MMSG-10544]


End auto log messages stack.	[MsgId: MMSG-10544]


Start auto log messages stack - Iteration 1034.	[MsgId: MMSG-10545]
Starting action Action.	[MsgId: MMSG-15919]
Action.c(4): web_url("canonical.html") started  	[MsgId: MMSG-26355]
Action.c(4): Detected non-resource "https://support.mozilla.org/kb/captive-portal" in "http://detectportal.firefox.com/canonical.html"  	[MsgId: MMSG-26573]
Action.c(4): Error -35196: HTTP Status-Code=429 (Retry With) for "https://support.mozilla.org/kb/captive-portal"  	[MsgId: MERR-35196]
End auto log messages stack.	[MsgId: MMSG-10544]


Start auto log messages stack - Iteration 1121.	[MsgId: MMSG-10545]
Starting action Action.	[MsgId: MMSG-15919]
Action.c(4): web_url("canonical.html") started  	[MsgId: MMSG-26355]
Action.c(4): Detected non-resource "https://support.mozilla.org/kb/captive-portal" in "http://detectportal.firefox.com/canonical.html"  	[MsgId: MMSG-26573]
Action.c(4): Error -35196: HTTP Status-Code=429 (Retry With) for "https://support.mozilla.org/kb/captive-portal"  	[MsgId: MERR-35196]
End auto log messages stack.	[MsgId: MMSG-10544]


Start auto log messages stack - Iteration 1042.	[MsgId: MMSG-10545]
Starting action Action.	[MsgId: MMSG-15919]
Action.c(4): web_url("canonical.html") started  	[MsgId: MMSG-26355]
Action.c(4): Detected non-resource "https://support.mozilla.org/kb/captive-portal" in "http://detectportal.firefox.com/canonical.html"  	[MsgId: MMSG-26573]
Action.c(4): Error -35196: HTTP Status-Code=429 (Retry With) for "https://support.mozilla.org/kb/captive-portal"  	[MsgId: MERR-35196]
End auto log messages stack.	[MsgId: MMSG-10544]


Start auto log messages stack - Iteration 1181.	[MsgId: MMSG-10545]
Starting action Action.	[MsgId: MMSG-15919]
Action.c(4): web_url("canonical.html") started  	[MsgId: MMSG-26355]
Action.c(4): Detected non-resource "https://support.mozilla.org/kb/captive-portal" in "http://detectportal.firefox.com/canonical.html"  	[MsgId: MMSG-26573]
Action.c(4): Error -35196: HTTP Status-Code=429 (Retry With) for "https://support.mozilla.org/kb/captive-portal"  	[MsgId: MERR-35196]
End auto log messages stack.	[MsgId: MMSG-10544]


Start auto log messages stack - Iteration 1035.	[MsgId: MMSG-10545]
Starting action Action.	[MsgId: MMSG-15919]
Action.c(4): web_url("canonical.html") started  	[MsgId: MMSG-26355]
Action.c(4): Detected non-resource "https://support.mozilla.org/kb/captive-portal" in "http://detectportal.firefox.com/canonical.html"  	[MsgId: MMSG-26573]
Action.c(4): Error -35196: HTTP Status-Code=429 (Retry With) for "https://support.mozilla.org/kb/captive-portal"  	[MsgId: MERR-35196]
End auto log messages stack.	[MsgId: MMSG-10544]


Start auto log messages stack - Iteration 1122.	[MsgId: MMSG-10545]
Starting action Action.	[MsgId: MMSG-15919]
Action.c(4): web_url("canonical.html") started  	[MsgId: MMSG-26355]
Action.c(4): Detected non-resource "https://support.mozilla.org/kb/captive-portal" in "http://detectportal.firefox.com/canonical.html"  	[MsgId: MMSG-26573]
Action.c(4): Error -35196: HTTP Status-Code=429 (Retry With) for "https://support.mozilla.org/kb/captive-portal"  	[MsgId: MERR-35196]
End auto log messages stack.	[MsgId: MMSG-10544]


Start auto log messages stack - Iteration 1043.	[MsgId: MMSG-10545]
Starting action Action.	[MsgId: MMSG-15919]
Action.c(4): web_url("canonical.html") started  	[MsgId: MMSG-26355]
Action.c(4): Detected non-resource "https://support.mozilla.org/kb/captive-portal" in "http://detectportal.firefox.com/canonical.html"  	[MsgId: MMSG-26573]
Action.c(4): Error -35196: HTTP Status-Code=429 (Retry With) for "https://support.mozilla.org/kb/captive-portal"  	[MsgId: MERR-35196]
End auto log messages stack.	[MsgId: MMSG-10544]


Start auto log messages stack - Iteration 1182.	[MsgId: MMSG-10545]
Starting action Action.	[MsgId: MMSG-15919]
Action.c(4): web_url("canonical.html") started  	[MsgId: MMSG-26355]
Action.c(4): Detected non-resource "https://support.mozilla.org/kb/captive-portal" in "http://detectportal.firefox.com/canonical.html"  	[MsgId: MMSG-26573]
Action.c(4): Error -35196: HTTP Status-Code=429 (Retry With) for "https://support.mozilla.org/kb/captive-portal"  	[MsgId: MERR-35196]
End auto log messages stack.	[MsgId: MMSG-10544]


Start auto log messages stack - Iteration 1036.	[MsgId: MMSG-10545]
Starting action Action.	[MsgId: MMSG-15919]
Action.c(4): web_url("canonical.html") started  	[MsgId: MMSG-26355]
Action.c(4): Detected non-resource "https://support.mozilla.org/kb/captive-portal" in "http://detectportal.firefox.com/canonical.html"  	[MsgId: MMSG-26573]
Action.c(4): Error -35196: HTTP Status-Code=429 (Retry With) for "https://support.mozilla.org/kb/captive-portal"  	[MsgId: MERR-35196]
End auto log messages stack.	[MsgId: MMSG-10544]


Start auto log messages stack - Iteration 1123.	[MsgId: MMSG-10545]
Starting action Action.	[MsgId: MMSG-15919]
Action.c(4): web_url("canonical.html") started  	[MsgId: MMSG-26355]
Action.c(4): Detected non-resource "https://support.mozilla.org/kb/captive-portal" in "http://detectportal.firefox.com/canonical.html"  	[MsgId: MMSG-26573]
Action.c(4): Error -35196: HTTP Status-Code=429 (Retry With) for "https://support.mozilla.org/kb/captive-portal"  	[MsgId: MERR-35196]
End auto log messages stack.	[MsgId: MMSG-10544]


Start auto log messages stack - Iteration 1044.	[MsgId: MMSG-10545]
Starting action Action.	[MsgId: MMSG-15919]
Action.c(4): web_url("canonical.html") started  	[MsgId: MMSG-26355]
Action.c(4): Detected non-resource "https://support.mozilla.org/kb/captive-portal" in "http://detectportal.firefox.com/canonical.html"  	[MsgId: MMSG-26573]
Action.c(4): Error -35196: HTTP Status-Code=429 (Retry With) for "https://support.mozilla.org/kb/captive-portal"  	[MsgId: MERR-35196]
End auto log messages stack.	[MsgId: MMSG-10544]


Start auto log messages stack - Iteration 1183.	[MsgId: MMSG-10545]
Starting action Action.	[MsgId: MMSG-15919]
Action.c(4): web_url("canonical.html") started  	[MsgId: MMSG-26355]
Action.c(4): Detected non-resource "https://support.mozilla.org/kb/captive-portal" in "http://detectportal.firefox.com/canonical.html"  	[MsgId: MMSG-26573]
Action.c(4): Error -35196: HTTP Status-Code=429 (Retry With) for "https://support.mozilla.org/kb/captive-portal"  	[MsgId: MERR-35196]
End auto log messages stack.	[MsgId: MMSG-10544]


Start auto log messages stack - Iteration 1037.	[MsgId: MMSG-10545]
Starting action Action.	[MsgId: MMSG-15919]
Action.c(4): web_url("canonical.html") started  	[MsgId: MMSG-26355]
Action.c(4): Detected non-resource "https://support.mozilla.org/kb/captive-portal" in "http://detectportal.firefox.com/canonical.html"  	[MsgId: MMSG-26573]
Action.c(4): Error -35196: HTTP Status-Code=429 (Retry With) for "https://support.mozilla.org/kb/captive-portal"  	[MsgId: MERR-35196]
End auto log messages stack.	[MsgId: MMSG-10544]


Start auto log messages stack - Iteration 1124.	[MsgId: MMSG-10545]
Starting action Action.	[MsgId: MMSG-15919]
Action.c(4): web_url("canonical.html") started  	[MsgId: MMSG-26355]
Action.c(4): Detected non-resource "https://support.mozilla.org/kb/captive-portal" in "http://detectportal.firefox.com/canonical.html"  	[MsgId: MMSG-26573]
Action.c(4): Error -35196: HTTP Status-Code=429 (Retry With) for "https://support.mozilla.org/kb/captive-portal"  	[MsgId: MERR-35196]
End auto log messages stack.	[MsgId: MMSG-10544]


Start auto log messages stack - Iteration 1045.	[MsgId: MMSG-10545]
Starting action Action.	[MsgId: MMSG-15919]
Action.c(4): web_url("canonical.html") started  	[MsgId: MMSG-26355]
Action.c(4): Detected non-resource "https://support.mozilla.org/kb/captive-portal" in "http://detectportal.firefox.com/canonical.html"  	[MsgId: MMSG-26573]
Action.c(4): Error -35196: HTTP Status-Code=429 (Retry With) for "https://support.mozilla.org/kb/captive-portal"  	[MsgId: MERR-35196]
End auto log messages stack.	[MsgId: MMSG-10544]


Start auto log messages stack - Iteration 1184.	[MsgId: MMSG-10545]
Starting action Action.	[MsgId: MMSG-15919]
Action.c(4): web_url("canonical.html") started  	[MsgId: MMSG-26355]
Action.c(4): Detected non-resource "https://support.mozilla.org/kb/captive-portal" in "http://detectportal.firefox.com/canonical.html"  	[MsgId: MMSG-26573]
Action.c(4): Error -35196: HTTP Status-Code=429 (Retry With) for "https://support.mozilla.org/kb/captive-portal"  	[MsgId: MERR-35196]
End auto log messages stack.	[MsgId: MMSG-10544]


Start auto log messages stack - Iteration 1038.	[MsgId: MMSG-10545]
Starting action Action.	[MsgId: MMSG-15919]
Action.c(4): web_url("canonical.html") started  	[MsgId: MMSG-26355]
Action.c(4): Detected non-resource "https://support.mozilla.org/kb/captive-portal" in "http://detectportal.firefox.com/canonical.html"  	[MsgId: MMSG-26573]
Action.c(4): Error -35196: HTTP Status-Code=429 (Retry With) for "https://support.mozilla.org/kb/captive-portal"  	[MsgId: MERR-35196]
End auto log messages stack.	[MsgId: MMSG-10544]


Start auto log messages stack - Iteration 1125.	[MsgId: MMSG-10545]
Starting action Action.	[MsgId: MMSG-15919]
Action.c(4): web_url("canonical.html") started  	[MsgId: MMSG-26355]
Action.c(4): Detected non-resource "https://support.mozilla.org/kb/captive-portal" in "http://detectportal.firefox.com/canonical.html"  	[MsgId: MMSG-26573]
Action.c(4): Error -35196: HTTP Status-Code=429 (Retry With) for "https://support.mozilla.org/kb/captive-portal"  	[MsgId: MERR-35196]
End auto log messages stack.	[MsgId: MMSG-10544]


Start auto log messages stack - Iteration 1046.	[MsgId: MMSG-10545]
Starting action Action.	[MsgId: MMSG-15919]
Action.c(4): web_url("canonical.html") started  	[MsgId: MMSG-26355]
Action.c(4): Detected non-resource "https://support.mozilla.org/kb/captive-portal" in "http://detectportal.firefox.com/canonical.html"  	[MsgId: MMSG-26573]
Action.c(4): Error -35196: HTTP Status-Code=429 (Retry With) for "https://support.mozilla.org/kb/captive-portal"  	[MsgId: MERR-35196]
End auto log messages stack.	[MsgId: MMSG-10544]


Start auto log messages stack - Iteration 1185.	[MsgId: MMSG-10545]
Starting action Action.	[MsgId: MMSG-15919]
Action.c(4): web_url("canonical.html") started  	[MsgId: MMSG-26355]
Action.c(4): Detected non-resource "https://support.mozilla.org/kb/captive-portal" in "http://detectportal.firefox.com/canonical.html"  	[MsgId: MMSG-26573]
Action.c(4): Error -35196: HTTP Status-Code=429 (Retry With) for "https://support.mozilla.org/kb/captive-portal"  	[MsgId: MERR-35196]
End auto log messages stack.	[MsgId: MMSG-10544]


Start auto log messages stack - Iteration 1047.	[MsgId: MMSG-10545]
Starting action Action.	[MsgId: MMSG-15919]
Action.c(4): web_url("canonical.html") started  	[MsgId: MMSG-26355]
Action.c(4): Detected non-resource "https://support.mozilla.org/kb/captive-portal" in "http://detectportal.firefox.com/canonical.html"  	[MsgId: MMSG-26573]
Action.c(4): Error -35196: HTTP Status-Code=429 (Retry With) for "https://support.mozilla.org/kb/captive-portal"  	[MsgId: MERR-35196]
End auto log messages stack.	[MsgId: MMSG-10544]


Start auto log messages stack - Iteration 1186.	[MsgId: MMSG-10545]
Starting action Action.	[MsgId: MMSG-15919]
Action.c(4): web_url("canonical.html") started  	[MsgId: MMSG-26355]
Action.c(4): Detected non-resource "https://support.mozilla.org/kb/captive-portal" in "http://detectportal.firefox.com/canonical.html"  	[MsgId: MMSG-26573]
Action.c(4): Error -35196: HTTP Status-Code=429 (Retry With) for "https://support.mozilla.org/kb/captive-portal"  	[MsgId: MERR-35196]
End auto log messages stack.	[MsgId: MMSG-10544]


Start auto log messages stack - Iteration 1048.	[MsgId: MMSG-10545]
Starting action Action.	[MsgId: MMSG-15919]
Action.c(4): web_url("canonical.html") started  	[MsgId: MMSG-26355]
Action.c(4): Detected non-resource "https://support.mozilla.org/kb/captive-portal" in "http://detectportal.firefox.com/canonical.html"  	[MsgId: MMSG-26573]
Action.c(4): Error -35196: HTTP Status-Code=429 (Retry With) for "https://support.mozilla.org/kb/captive-portal"  	[MsgId: MERR-35196]
End auto log messages stack.	[MsgId: MMSG-10544]


Start auto log messages stack - Iteration 1187.	[MsgId: MMSG-10545]
Starting action Action.	[MsgId: MMSG-15919]
Action.c(4): web_url("canonical.html") started  	[MsgId: MMSG-26355]
Action.c(4): Detected non-resource "https://support.mozilla.org/kb/captive-portal" in "http://detectportal.firefox.com/canonical.html"  	[MsgId: MMSG-26573]
Action.c(4): Error -35196: HTTP Status-Code=429 (Retry With) for "https://support.mozilla.org/kb/captive-portal"  	[MsgId: MERR-35196]
End auto log messages stack.	[MsgId: MMSG-10544]


Start auto log messages stack - Iteration 1049.	[MsgId: MMSG-10545]
Starting action Action.	[MsgId: MMSG-15919]
Action.c(4): web_url("canonical.html") started  	[MsgId: MMSG-26355]
Action.c(4): Detected non-resource "https://support.mozilla.org/kb/captive-portal" in "http://detectportal.firefox.com/canonical.html"  	[MsgId: MMSG-26573]
Action.c(4): Error -35196: HTTP Status-Code=429 (Retry With) for "https://support.mozilla.org/kb/captive-portal"  	[MsgId: MERR-35196]
End auto log messages stack.	[MsgId: MMSG-10544]


Start auto log messages stack - Iteration 1188.	[MsgId: MMSG-10545]
Starting action Action.	[MsgId: MMSG-15919]
Action.c(4): web_url("canonical.html") started  	[MsgId: MMSG-26355]
Action.c(4): Detected non-resource "https://support.mozilla.org/kb/captive-portal" in "http://detectportal.firefox.com/canonical.html"  	[MsgId: MMSG-26573]
Action.c(4): Error -35196: HTTP Status-Code=429 (Retry With) for "https://support.mozilla.org/kb/captive-portal"  	[MsgId: MERR-35196]
End auto log messages stack.	[MsgId: MMSG-10544]


Start auto log messages stack - Iteration 1050.	[MsgId: MMSG-10545]
Starting action Action.	[MsgId: MMSG-15919]
Action.c(4): web_url("canonical.html") started  	[MsgId: MMSG-26355]
Action.c(4): Detected non-resource "https://support.mozilla.org/kb/captive-portal" in "http://detectportal.firefox.com/canonical.html"  	[MsgId: MMSG-26573]
Action.c(4): Error -35196: HTTP Status-Code=429 (Retry With) for "https://support.mozilla.org/kb/captive-portal"  	[MsgId: MERR-35196]
End auto log messages stack.	[MsgId: MMSG-10544]


Start auto log messages stack - Iteration 1189.	[MsgId: MMSG-10545]
Starting action Action.	[MsgId: MMSG-15919]
Action.c(4): web_url("canonical.html") started  	[MsgId: MMSG-26355]
Action.c(4): Detected non-resource "https://support.mozilla.org/kb/captive-portal" in "http://detectportal.firefox.com/canonical.html"  	[MsgId: MMSG-26573]
Action.c(4): Error -35196: HTTP Status-Code=429 (Retry With) for "https://support.mozilla.org/kb/captive-portal"  	[MsgId: MERR-35196]
End auto log messages stack.	[MsgId: MMSG-10544]


Start auto log messages stack - Iteration 1051.	[MsgId: MMSG-10545]
Starting action Action.	[MsgId: MMSG-15919]
Action.c(4): web_url("canonical.html") started  	[MsgId: MMSG-26355]
Action.c(4): Detected non-resource "https://support.mozilla.org/kb/captive-portal" in "http://detectportal.firefox.com/canonical.html"  	[MsgId: MMSG-26573]
Action.c(4): Error -35196: HTTP Status-Code=429 (Retry With) for "https://support.mozilla.org/kb/captive-portal"  	[MsgId: MERR-35196]
End auto log messages stack.	[MsgId: MMSG-10544]


Start auto log messages stack - Iteration 1190.	[MsgId: MMSG-10545]
Starting action Action.	[MsgId: MMSG-15919]
Action.c(4): web_url("canonical.html") started  	[MsgId: MMSG-26355]
Action.c(4): Detected non-resource "https://support.mozilla.org/kb/captive-portal" in "http://detectportal.firefox.com/canonical.html"  	[MsgId: MMSG-26573]
Action.c(4): Error -35196: HTTP Status-Code=429 (Retry With) for "https://support.mozilla.org/kb/captive-portal"  	[MsgId: MERR-35196]
End auto log messages stack.	[MsgId: MMSG-10544]


Start auto log messages stack - Iteration 1052.	[MsgId: MMSG-10545]
Starting action Action.	[MsgId: MMSG-15919]
Action.c(4): web_url("canonical.html") started  	[MsgId: MMSG-26355]
Action.c(4): Detected non-resource "https://support.mozilla.org/kb/captive-portal" in "http://detectportal.firefox.com/canonical.html"  	[MsgId: MMSG-26573]
Action.c(4): Error -35196: HTTP Status-Code=429 (Retry With) for "https://support.mozilla.org/kb/captive-portal"  	[MsgId: MERR-35196]
End auto log messages stack.	[MsgId: MMSG-10544]


Start auto log messages stack - Iteration 1126.	[MsgId: MMSG-10545]
Starting action Action.	[MsgId: MMSG-15919]
Action.c(4): web_url("canonical.html") started  	[MsgId: MMSG-26355]
Action.c(4): Detected non-resource "https://support.mozilla.org/kb/captive-portal" in "http://detectportal.firefox.com/canonical.html"  	[MsgId: MMSG-26573]
Action.c(4): Error -35196: HTTP Status-Code=429 (Retry With) for "https://support.mozilla.org/kb/captive-portal"  	[MsgId: MERR-35196]
End auto log messages stack.	[MsgId: MMSG-10544]


Start auto log messages stack - Iteration 1191.	[MsgId: MMSG-10545]
Starting action Action.	[MsgId: MMSG-15919]
Action.c(4): web_url("canonical.html") started  	[MsgId: MMSG-26355]
Action.c(4): Detected non-resource "https://support.mozilla.org/kb/captive-portal" in "http://detectportal.firefox.com/canonical.html"  	[MsgId: MMSG-26573]
Action.c(4): Error -35196: HTTP Status-Code=429 (Retry With) for "https://support.mozilla.org/kb/captive-portal"  	[MsgId: MERR-35196]
End auto log messages stack.	[MsgId: MMSG-10544]


Start auto log messages stack - Iteration 1053.	[MsgId: MMSG-10545]
Starting action Action.	[MsgId: MMSG-15919]
Action.c(4): web_url("canonical.html") started  	[MsgId: MMSG-26355]
Action.c(4): Detected non-resource "https://support.mozilla.org/kb/captive-portal" in "http://detectportal.firefox.com/canonical.html"  	[MsgId: MMSG-26573]
Action.c(4): Error -35196: HTTP Status-Code=429 (Retry With) for "https://support.mozilla.org/kb/captive-portal"  	[MsgId: MERR-35196]
End auto log messages stack.	[MsgId: MMSG-10544]


Start auto log messages stack - Iteration 1039.	[MsgId: MMSG-10545]
Starting action Action.	[MsgId: MMSG-15919]
Action.c(4): web_url("canonical.html") started  	[MsgId: MMSG-26355]
Action.c(4): Detected non-resource "https://support.mozilla.org/kb/captive-portal" in "http://detectportal.firefox.com/canonical.html"  	[MsgId: MMSG-26573]
Action.c(4): Error -35196: HTTP Status-Code=429 (Retry With) for "https://support.mozilla.org/kb/captive-portal"  	[MsgId: MERR-35196]
End auto log messages stack.	[MsgId: MMSG-10544]


Start auto log messages stack - Iteration 1127.	[MsgId: MMSG-10545]
Starting action Action.	[MsgId: MMSG-15919]
Action.c(4): web_url("canonical.html") started  	[MsgId: MMSG-26355]
Action.c(4): Detected non-resource "https://support.mozilla.org/kb/captive-portal" in "http://detectportal.firefox.com/canonical.html"  	[MsgId: MMSG-26573]
Action.c(4): Error -35196: HTTP Status-Code=429 (Retry With) for "https://support.mozilla.org/kb/captive-portal"  	[MsgId: MERR-35196]
Start auto log messages stack - Iteration 1192.	[MsgId: MMSG-10545]
Starting action Action.	[MsgId: MMSG-15919]
Action.c(4): web_url("canonical.html") started  	[MsgId: MMSG-26355]
Action.c(4): Detected non-resource "https://support.mozilla.org/kb/captive-portal" in "http://detectportal.firefox.com/canonical.html"  	[MsgId: MMSG-26573]
Action.c(4): Error -35196: HTTP Status-Code=429 (Retry With) for "https://support.mozilla.org/kb/captive-portal"  	[MsgId: MERR-35196]
End auto log messages stack.	[MsgId: MMSG-10544]


End auto log messages stack.	[MsgId: MMSG-10544]


Start auto log messages stack - Iteration 1054.	[MsgId: MMSG-10545]
Starting action Action.	[MsgId: MMSG-15919]
Action.c(4): web_url("canonical.html") started  	[MsgId: MMSG-26355]
Action.c(4): Detected non-resource "https://support.mozilla.org/kb/captive-portal" in "http://detectportal.firefox.com/canonical.html"  	[MsgId: MMSG-26573]
Action.c(4): Error -35196: HTTP Status-Code=429 (Retry With) for "https://support.mozilla.org/kb/captive-portal"  	[MsgId: MERR-35196]
End auto log messages stack.	[MsgId: MMSG-10544]


Start auto log messages stack - Iteration 1040.	[MsgId: MMSG-10545]
Starting action Action.	[MsgId: MMSG-15919]
Action.c(4): web_url("canonical.html") started  	[MsgId: MMSG-26355]
Action.c(4): Detected non-resource "https://support.mozilla.org/kb/captive-portal" in "http://detectportal.firefox.com/canonical.html"  	[MsgId: MMSG-26573]
Action.c(4): Error -35196: HTTP Status-Code=429 (Retry With) for "https://support.mozilla.org/kb/captive-portal"  	[MsgId: MERR-35196]
End auto log messages stack.	[MsgId: MMSG-10544]


Start auto log messages stack - Iteration 1128.	[MsgId: MMSG-10545]
Starting action Action.	[MsgId: MMSG-15919]
Action.c(4): web_url("canonical.html") started  	[MsgId: MMSG-26355]
Action.c(4): Detected non-resource "https://support.mozilla.org/kb/captive-portal" in "http://detectportal.firefox.com/canonical.html"  	[MsgId: MMSG-26573]
Action.c(4): Error -35196: HTTP Status-Code=429 (Retry With) for "https://support.mozilla.org/kb/captive-portal"  	[MsgId: MERR-35196]
End auto log messages stack.	[MsgId: MMSG-10544]


Start auto log messages stack - Iteration 1193.	[MsgId: MMSG-10545]
Starting action Action.	[MsgId: MMSG-15919]
Action.c(4): web_url("canonical.html") started  	[MsgId: MMSG-26355]
Action.c(4): Detected non-resource "https://support.mozilla.org/kb/captive-portal" in "http://detectportal.firefox.com/canonical.html"  	[MsgId: MMSG-26573]
Action.c(4): Error -35196: HTTP Status-Code=429 (Retry With) for "https://support.mozilla.org/kb/captive-portal"  	[MsgId: MERR-35196]
End auto log messages stack.	[MsgId: MMSG-10544]


Start auto log messages stack - Iteration 1055.	[MsgId: MMSG-10545]
Starting action Action.	[MsgId: MMSG-15919]
Action.c(4): web_url("canonical.html") started  	[MsgId: MMSG-26355]
Action.c(4): Detected non-resource "https://support.mozilla.org/kb/captive-portal" in "http://detectportal.firefox.com/canonical.html"  	[MsgId: MMSG-26573]
Action.c(4): Error -35196: HTTP Status-Code=429 (Retry With) for "https://support.mozilla.org/kb/captive-portal"  	[MsgId: MERR-35196]
End auto log messages stack.	[MsgId: MMSG-10544]


Start auto log messages stack - Iteration 1041.	[MsgId: MMSG-10545]
Starting action Action.	[MsgId: MMSG-15919]
Action.c(4): web_url("canonical.html") started  	[MsgId: MMSG-26355]
Action.c(4): Detected non-resource "https://support.mozilla.org/kb/captive-portal" in "http://detectportal.firefox.com/canonical.html"  	[MsgId: MMSG-26573]
Action.c(4): Error -35196: HTTP Status-Code=429 (Retry With) for "https://support.mozilla.org/kb/captive-portal"  	[MsgId: MERR-35196]
End auto log messages stack.	[MsgId: MMSG-10544]


Start auto log messages stack - Iteration 1129.	[MsgId: MMSG-10545]
Starting action Action.	[MsgId: MMSG-15919]
Action.c(4): web_url("canonical.html") started  	[MsgId: MMSG-26355]
Action.c(4): Detected non-resource "https://support.mozilla.org/kb/captive-portal" in "http://detectportal.firefox.com/canonical.html"  	[MsgId: MMSG-26573]
Action.c(4): Error -35196: HTTP Status-Code=429 (Retry With) for "https://support.mozilla.org/kb/captive-portal"  	[MsgId: MERR-35196]
End auto log messages stack.	[MsgId: MMSG-10544]


Start auto log messages stack - Iteration 1194.	[MsgId: MMSG-10545]
Starting action Action.	[MsgId: MMSG-15919]
Action.c(4): web_url("canonical.html") started  	[MsgId: MMSG-26355]
Action.c(4): Detected non-resource "https://support.mozilla.org/kb/captive-portal" in "http://detectportal.firefox.com/canonical.html"  	[MsgId: MMSG-26573]
Action.c(4): Error -35196: HTTP Status-Code=429 (Retry With) for "https://support.mozilla.org/kb/captive-portal"  	[MsgId: MERR-35196]
End auto log messages stack.	[MsgId: MMSG-10544]


Start auto log messages stack - Iteration 1056.	[MsgId: MMSG-10545]
Starting action Action.	[MsgId: MMSG-15919]
Action.c(4): web_url("canonical.html") started  	[MsgId: MMSG-26355]
Action.c(4): Detected non-resource "https://support.mozilla.org/kb/captive-portal" in "http://detectportal.firefox.com/canonical.html"  	[MsgId: MMSG-26573]
Action.c(4): Error -35196: HTTP Status-Code=429 (Retry With) for "https://support.mozilla.org/kb/captive-portal"  	[MsgId: MERR-35196]
End auto log messages stack.	[MsgId: MMSG-10544]


Start auto log messages stack - Iteration 1042.	[MsgId: MMSG-10545]
Starting action Action.	[MsgId: MMSG-15919]
Action.c(4): web_url("canonical.html") started  	[MsgId: MMSG-26355]
Action.c(4): Detected non-resource "https://support.mozilla.org/kb/captive-portal" in "http://detectportal.firefox.com/canonical.html"  	[MsgId: MMSG-26573]
Action.c(4): Error -35196: HTTP Status-Code=429 (Retry With) for "https://support.mozilla.org/kb/captive-portal"  	[MsgId: MERR-35196]
End auto log messages stack.	[MsgId: MMSG-10544]


Start auto log messages stack - Iteration 1195.	[MsgId: MMSG-10545]
Starting action Action.	[MsgId: MMSG-15919]
Action.c(4): web_url("canonical.html") started  	[MsgId: MMSG-26355]
Action.c(4): Detected non-resource "https://support.mozilla.org/kb/captive-portal" in "http://detectportal.firefox.com/canonical.html"  	[MsgId: MMSG-26573]
Action.c(4): Error -35196: HTTP Status-Code=429 (Retry With) for "https://support.mozilla.org/kb/captive-portal"  	[MsgId: MERR-35196]
End auto log messages stack.	[MsgId: MMSG-10544]


Start auto log messages stack - Iteration 1130.	[MsgId: MMSG-10545]
Starting action Action.	[MsgId: MMSG-15919]
Action.c(4): web_url("canonical.html") started  	[MsgId: MMSG-26355]
Action.c(4): Detected non-resource "https://support.mozilla.org/kb/captive-portal" in "http://detectportal.firefox.com/canonical.html"  	[MsgId: MMSG-26573]
Action.c(4): Error -35196: HTTP Status-Code=429 (Retry With) for "https://support.mozilla.org/kb/captive-portal"  	[MsgId: MERR-35196]
End auto log messages stack.	[MsgId: MMSG-10544]


Start auto log messages stack - Iteration 1057.	[MsgId: MMSG-10545]
Starting action Action.	[MsgId: MMSG-15919]
Action.c(4): web_url("canonical.html") started  	[MsgId: MMSG-26355]
Action.c(4): Detected non-resource "https://support.mozilla.org/kb/captive-portal" in "http://detectportal.firefox.com/canonical.html"  	[MsgId: MMSG-26573]
Action.c(4): Error -35196: HTTP Status-Code=429 (Retry With) for "https://support.mozilla.org/kb/captive-portal"  	[MsgId: MERR-35196]
End auto log messages stack.	[MsgId: MMSG-10544]


Start auto log messages stack - Iteration 1043.	[MsgId: MMSG-10545]
Starting action Action.	[MsgId: MMSG-15919]
Action.c(4): web_url("canonical.html") started  	[MsgId: MMSG-26355]
Action.c(4): Detected non-resource "https://support.mozilla.org/kb/captive-portal" in "http://detectportal.firefox.com/canonical.html"  	[MsgId: MMSG-26573]
Action.c(4): Error -35196: HTTP Status-Code=429 (Retry With) for "https://support.mozilla.org/kb/captive-portal"  	[MsgId: MERR-35196]
End auto log messages stack.	[MsgId: MMSG-10544]


Start auto log messages stack - Iteration 1196.	[MsgId: MMSG-10545]
Start auto log messages stack - Iteration 1131.	[MsgId: MMSG-10545]
Starting action Action.	[MsgId: MMSG-15919]
Starting action Action.	[MsgId: MMSG-15919]
Action.c(4): web_url("canonical.html") started  	[MsgId: MMSG-26355]
Action.c(4): web_url("canonical.html") started  	[MsgId: MMSG-26355]
Action.c(4): Detected non-resource "https://support.mozilla.org/kb/captive-portal" in "http://detectportal.firefox.com/canonical.html"  	[MsgId: MMSG-26573]
Action.c(4): Detected non-resource "https://support.mozilla.org/kb/captive-portal" in "http://detectportal.firefox.com/canonical.html"  	[MsgId: MMSG-26573]
Action.c(4): Error -35196: HTTP Status-Code=429 (Retry With) for "https://support.mozilla.org/kb/captive-portal"  	[MsgId: MERR-35196]
Action.c(4): Error -35196: HTTP Status-Code=429 (Retry With) for "https://support.mozilla.org/kb/captive-portal"  	[MsgId: MERR-35196]
End auto log messages stack.	[MsgId: MMSG-10544]


End auto log messages stack.	[MsgId: MMSG-10544]


Start auto log messages stack - Iteration 1058.	[MsgId: MMSG-10545]
Starting action Action.	[MsgId: MMSG-15919]
Action.c(4): web_url("canonical.html") started  	[MsgId: MMSG-26355]
Action.c(4): Detected non-resource "https://support.mozilla.org/kb/captive-portal" in "http://detectportal.firefox.com/canonical.html"  	[MsgId: MMSG-26573]
Action.c(4): Error -35196: HTTP Status-Code=429 (Retry With) for "https://support.mozilla.org/kb/captive-portal"  	[MsgId: MERR-35196]
End auto log messages stack.	[MsgId: MMSG-10544]


Start auto log messages stack - Iteration 1044.	[MsgId: MMSG-10545]
Starting action Action.	[MsgId: MMSG-15919]
Action.c(4): web_url("canonical.html") started  	[MsgId: MMSG-26355]
Action.c(4): Detected non-resource "https://support.mozilla.org/kb/captive-portal" in "http://detectportal.firefox.com/canonical.html"  	[MsgId: MMSG-26573]
Action.c(4): Error -35196: HTTP Status-Code=429 (Retry With) for "https://support.mozilla.org/kb/captive-portal"  	[MsgId: MERR-35196]
End auto log messages stack.	[MsgId: MMSG-10544]


Start auto log messages stack - Iteration 1132.	[MsgId: MMSG-10545]
Starting action Action.	[MsgId: MMSG-15919]
Action.c(4): web_url("canonical.html") started  	[MsgId: MMSG-26355]
Action.c(4): Detected non-resource "https://support.mozilla.org/kb/captive-portal" in "http://detectportal.firefox.com/canonical.html"  	[MsgId: MMSG-26573]
Action.c(4): Error -35196: HTTP Status-Code=429 (Retry With) for "https://support.mozilla.org/kb/captive-portal"  	[MsgId: MERR-35196]
End auto log messages stack.	[MsgId: MMSG-10544]


Start auto log messages stack - Iteration 1197.	[MsgId: MMSG-10545]
Starting action Action.	[MsgId: MMSG-15919]
Action.c(4): web_url("canonical.html") started  	[MsgId: MMSG-26355]
Action.c(4): Detected non-resource "https://support.mozilla.org/kb/captive-portal" in "http://detectportal.firefox.com/canonical.html"  	[MsgId: MMSG-26573]
Action.c(4): Error -35196: HTTP Status-Code=429 (Retry With) for "https://support.mozilla.org/kb/captive-portal"  	[MsgId: MERR-35196]
End auto log messages stack.	[MsgId: MMSG-10544]


Start auto log messages stack - Iteration 1059.	[MsgId: MMSG-10545]
Starting action Action.	[MsgId: MMSG-15919]
Action.c(4): web_url("canonical.html") started  	[MsgId: MMSG-26355]
Action.c(4): Detected non-resource "https://support.mozilla.org/kb/captive-portal" in "http://detectportal.firefox.com/canonical.html"  	[MsgId: MMSG-26573]
Action.c(4): Error -35196: HTTP Status-Code=429 (Retry With) for "https://support.mozilla.org/kb/captive-portal"  	[MsgId: MERR-35196]
End auto log messages stack.	[MsgId: MMSG-10544]


Start auto log messages stack - Iteration 1045.	[MsgId: MMSG-10545]
Starting action Action.	[MsgId: MMSG-15919]
Action.c(4): web_url("canonical.html") started  	[MsgId: MMSG-26355]
Action.c(4): Detected non-resource "https://support.mozilla.org/kb/captive-portal" in "http://detectportal.firefox.com/canonical.html"  	[MsgId: MMSG-26573]
Action.c(4): Error -35196: HTTP Status-Code=429 (Retry With) for "https://support.mozilla.org/kb/captive-portal"  	[MsgId: MERR-35196]
End auto log messages stack.	[MsgId: MMSG-10544]


Start auto log messages stack - Iteration 1133.	[MsgId: MMSG-10545]
Starting action Action.	[MsgId: MMSG-15919]
Action.c(4): web_url("canonical.html") started  	[MsgId: MMSG-26355]
Action.c(4): Detected non-resource "https://support.mozilla.org/kb/captive-portal" in "http://detectportal.firefox.com/canonical.html"  	[MsgId: MMSG-26573]
Action.c(4): Error -35196: HTTP Status-Code=429 (Retry With) for "https://support.mozilla.org/kb/captive-portal"  	[MsgId: MERR-35196]
End auto log messages stack.	[MsgId: MMSG-10544]


Start auto log messages stack - Iteration 1060.	[MsgId: MMSG-10545]
Starting action Action.	[MsgId: MMSG-15919]
Action.c(4): web_url("canonical.html") started  	[MsgId: MMSG-26355]
Action.c(4): Detected non-resource "https://support.mozilla.org/kb/captive-portal" in "http://detectportal.firefox.com/canonical.html"  	[MsgId: MMSG-26573]
Action.c(4): Error -35196: HTTP Status-Code=429 (Retry With) for "https://support.mozilla.org/kb/captive-portal"  	[MsgId: MERR-35196]
End auto log messages stack.	[MsgId: MMSG-10544]


Start auto log messages stack - Iteration 1198.	[MsgId: MMSG-10545]
Starting action Action.	[MsgId: MMSG-15919]
Action.c(4): web_url("canonical.html") started  	[MsgId: MMSG-26355]
Action.c(4): Detected non-resource "https://support.mozilla.org/kb/captive-portal" in "http://detectportal.firefox.com/canonical.html"  	[MsgId: MMSG-26573]
Action.c(4): Error -35196: HTTP Status-Code=429 (Retry With) for "https://support.mozilla.org/kb/captive-portal"  	[MsgId: MERR-35196]
End auto log messages stack.	[MsgId: MMSG-10544]


Start auto log messages stack - Iteration 1046.	[MsgId: MMSG-10545]
Starting action Action.	[MsgId: MMSG-15919]
Action.c(4): web_url("canonical.html") started  	[MsgId: MMSG-26355]
Action.c(4): Detected non-resource "https://support.mozilla.org/kb/captive-portal" in "http://detectportal.firefox.com/canonical.html"  	[MsgId: MMSG-26573]
Action.c(4): Error -35196: HTTP Status-Code=429 (Retry With) for "https://support.mozilla.org/kb/captive-portal"  	[MsgId: MERR-35196]
End auto log messages stack.	[MsgId: MMSG-10544]


Start auto log messages stack - Iteration 1199.	[MsgId: MMSG-10545]
Starting action Action.	[MsgId: MMSG-15919]
Action.c(4): web_url("canonical.html") started  	[MsgId: MMSG-26355]
Action.c(4): Detected non-resource "https://support.mozilla.org/kb/captive-portal" in "http://detectportal.firefox.com/canonical.html"  	[MsgId: MMSG-26573]
Action.c(4): Error -35196: HTTP Status-Code=429 (Retry With) for "https://support.mozilla.org/kb/captive-portal"  	[MsgId: MERR-35196]
End auto log messages stack.	[MsgId: MMSG-10544]


Start auto log messages stack - Iteration 1061.	[MsgId: MMSG-10545]
Starting action Action.	[MsgId: MMSG-15919]
Action.c(4): web_url("canonical.html") started  	[MsgId: MMSG-26355]
Action.c(4): Detected non-resource "https://support.mozilla.org/kb/captive-portal" in "http://detectportal.firefox.com/canonical.html"  	[MsgId: MMSG-26573]
Action.c(4): Error -35196: HTTP Status-Code=429 (Retry With) for "https://support.mozilla.org/kb/captive-portal"  	[MsgId: MERR-35196]
End auto log messages stack.	[MsgId: MMSG-10544]


Start auto log messages stack - Iteration 1134.	[MsgId: MMSG-10545]
Starting action Action.	[MsgId: MMSG-15919]
Action.c(4): web_url("canonical.html") started  	[MsgId: MMSG-26355]
Action.c(4): Detected non-resource "https://support.mozilla.org/kb/captive-portal" in "http://detectportal.firefox.com/canonical.html"  	[MsgId: MMSG-26573]
Action.c(4): Error -35196: HTTP Status-Code=429 (Retry With) for "https://support.mozilla.org/kb/captive-portal"  	[MsgId: MERR-35196]
End auto log messages stack.	[MsgId: MMSG-10544]


Start auto log messages stack - Iteration 1047.	[MsgId: MMSG-10545]
Starting action Action.	[MsgId: MMSG-15919]
Action.c(4): web_url("canonical.html") started  	[MsgId: MMSG-26355]
Action.c(4): Detected non-resource "https://support.mozilla.org/kb/captive-portal" in "http://detectportal.firefox.com/canonical.html"  	[MsgId: MMSG-26573]
Action.c(4): Error -35196: HTTP Status-Code=429 (Retry With) for "https://support.mozilla.org/kb/captive-portal"  	[MsgId: MERR-35196]
End auto log messages stack.	[MsgId: MMSG-10544]


Start auto log messages stack - Iteration 1062.	[MsgId: MMSG-10545]
Starting action Action.	[MsgId: MMSG-15919]
Action.c(4): web_url("canonical.html") started  	[MsgId: MMSG-26355]
Start auto log messages stack - Iteration 1200.	[MsgId: MMSG-10545]
Action.c(4): Detected non-resource "https://support.mozilla.org/kb/captive-portal" in "http://detectportal.firefox.com/canonical.html"  	[MsgId: MMSG-26573]
Starting action Action.	[MsgId: MMSG-15919]
Action.c(4): Error -35196: HTTP Status-Code=429 (Retry With) for "https://support.mozilla.org/kb/captive-portal"  	[MsgId: MERR-35196]
Action.c(4): web_url("canonical.html") started  	[MsgId: MMSG-26355]
Action.c(4): Detected non-resource "https://support.mozilla.org/kb/captive-portal" in "http://detectportal.firefox.com/canonical.html"  	[MsgId: MMSG-26573]
Action.c(4): Error -35196: HTTP Status-Code=429 (Retry With) for "https://support.mozilla.org/kb/captive-portal"  	[MsgId: MERR-35196]
End auto log messages stack.	[MsgId: MMSG-10544]


Start auto log messages stack - Iteration 1135.	[MsgId: MMSG-10545]
Starting action Action.	[MsgId: MMSG-15919]
Action.c(4): web_url("canonical.html") started  	[MsgId: MMSG-26355]
Action.c(4): Detected non-resource "https://support.mozilla.org/kb/captive-portal" in "http://detectportal.firefox.com/canonical.html"  	[MsgId: MMSG-26573]
Action.c(4): Error -35196: HTTP Status-Code=429 (Retry With) for "https://support.mozilla.org/kb/captive-portal"  	[MsgId: MERR-35196]
End auto log messages stack.	[MsgId: MMSG-10544]


End auto log messages stack.	[MsgId: MMSG-10544]


Start auto log messages stack - Iteration 1048.	[MsgId: MMSG-10545]
Starting action Action.	[MsgId: MMSG-15919]
Action.c(4): web_url("canonical.html") started  	[MsgId: MMSG-26355]
Action.c(4): Detected non-resource "https://support.mozilla.org/kb/captive-portal" in "http://detectportal.firefox.com/canonical.html"  	[MsgId: MMSG-26573]
Action.c(4): Error -35196: HTTP Status-Code=429 (Retry With) for "https://support.mozilla.org/kb/captive-portal"  	[MsgId: MERR-35196]
End auto log messages stack.	[MsgId: MMSG-10544]


Start auto log messages stack - Iteration 1201.	[MsgId: MMSG-10545]
Starting action Action.	[MsgId: MMSG-15919]
Action.c(4): web_url("canonical.html") started  	[MsgId: MMSG-26355]
Action.c(4): Detected non-resource "https://support.mozilla.org/kb/captive-portal" in "http://detectportal.firefox.com/canonical.html"  	[MsgId: MMSG-26573]
Action.c(4): Error -35196: HTTP Status-Code=429 (Retry With) for "https://support.mozilla.org/kb/captive-portal"  	[MsgId: MERR-35196]
End auto log messages stack.	[MsgId: MMSG-10544]


Start auto log messages stack - Iteration 1063.	[MsgId: MMSG-10545]
Starting action Action.	[MsgId: MMSG-15919]
Action.c(4): web_url("canonical.html") started  	[MsgId: MMSG-26355]
Action.c(4): Detected non-resource "https://support.mozilla.org/kb/captive-portal" in "http://detectportal.firefox.com/canonical.html"  	[MsgId: MMSG-26573]
Action.c(4): Error -35196: HTTP Status-Code=429 (Retry With) for "https://support.mozilla.org/kb/captive-portal"  	[MsgId: MERR-35196]
End auto log messages stack.	[MsgId: MMSG-10544]


Start auto log messages stack - Iteration 1136.	[MsgId: MMSG-10545]
Starting action Action.	[MsgId: MMSG-15919]
Action.c(4): web_url("canonical.html") started  	[MsgId: MMSG-26355]
Action.c(4): Detected non-resource "https://support.mozilla.org/kb/captive-portal" in "http://detectportal.firefox.com/canonical.html"  	[MsgId: MMSG-26573]
Action.c(4): Error -35196: HTTP Status-Code=429 (Retry With) for "https://support.mozilla.org/kb/captive-portal"  	[MsgId: MERR-35196]
End auto log messages stack.	[MsgId: MMSG-10544]


Start auto log messages stack - Iteration 1049.	[MsgId: MMSG-10545]
Starting action Action.	[MsgId: MMSG-15919]
Action.c(4): web_url("canonical.html") started  	[MsgId: MMSG-26355]
Action.c(4): Detected non-resource "https://support.mozilla.org/kb/captive-portal" in "http://detectportal.firefox.com/canonical.html"  	[MsgId: MMSG-26573]
Action.c(4): Error -35196: HTTP Status-Code=429 (Retry With) for "https://support.mozilla.org/kb/captive-portal"  	[MsgId: MERR-35196]
End auto log messages stack.	[MsgId: MMSG-10544]


Start auto log messages stack - Iteration 1202.	[MsgId: MMSG-10545]
Starting action Action.	[MsgId: MMSG-15919]
Action.c(4): web_url("canonical.html") started  	[MsgId: MMSG-26355]
Action.c(4): Detected non-resource "https://support.mozilla.org/kb/captive-portal" in "http://detectportal.firefox.com/canonical.html"  	[MsgId: MMSG-26573]
Action.c(4): Error -35196: HTTP Status-Code=429 (Retry With) for "https://support.mozilla.org/kb/captive-portal"  	[MsgId: MERR-35196]
End auto log messages stack.	[MsgId: MMSG-10544]


Start auto log messages stack - Iteration 1064.	[MsgId: MMSG-10545]
Starting action Action.	[MsgId: MMSG-15919]
Action.c(4): web_url("canonical.html") started  	[MsgId: MMSG-26355]
Action.c(4): Detected non-resource "https://support.mozilla.org/kb/captive-portal" in "http://detectportal.firefox.com/canonical.html"  	[MsgId: MMSG-26573]
Action.c(4): Error -35196: HTTP Status-Code=429 (Retry With) for "https://support.mozilla.org/kb/captive-portal"  	[MsgId: MERR-35196]
End auto log messages stack.	[MsgId: MMSG-10544]


Start auto log messages stack - Iteration 1137.	[MsgId: MMSG-10545]
Starting action Action.	[MsgId: MMSG-15919]
Action.c(4): web_url("canonical.html") started  	[MsgId: MMSG-26355]
Action.c(4): Detected non-resource "https://support.mozilla.org/kb/captive-portal" in "http://detectportal.firefox.com/canonical.html"  	[MsgId: MMSG-26573]
Action.c(4): Error -35196: HTTP Status-Code=429 (Retry With) for "https://support.mozilla.org/kb/captive-portal"  	[MsgId: MERR-35196]
End auto log messages stack.	[MsgId: MMSG-10544]


Start auto log messages stack - Iteration 1050.	[MsgId: MMSG-10545]
Starting action Action.	[MsgId: MMSG-15919]
Action.c(4): web_url("canonical.html") started  	[MsgId: MMSG-26355]
Action.c(4): Detected non-resource "https://support.mozilla.org/kb/captive-portal" in "http://detectportal.firefox.com/canonical.html"  	[MsgId: MMSG-26573]
Action.c(4): Error -35196: HTTP Status-Code=429 (Retry With) for "https://support.mozilla.org/kb/captive-portal"  	[MsgId: MERR-35196]
End auto log messages stack.	[MsgId: MMSG-10544]


Start auto log messages stack - Iteration 1203.	[MsgId: MMSG-10545]
Starting action Action.	[MsgId: MMSG-15919]
Action.c(4): web_url("canonical.html") started  	[MsgId: MMSG-26355]
Action.c(4): Detected non-resource "https://support.mozilla.org/kb/captive-portal" in "http://detectportal.firefox.com/canonical.html"  	[MsgId: MMSG-26573]
Action.c(4): Error -35196: HTTP Status-Code=429 (Retry With) for "https://support.mozilla.org/kb/captive-portal"  	[MsgId: MERR-35196]
End auto log messages stack.	[MsgId: MMSG-10544]


Start auto log messages stack - Iteration 1138.	[MsgId: MMSG-10545]
Starting action Action.	[MsgId: MMSG-15919]
Action.c(4): web_url("canonical.html") started  	[MsgId: MMSG-26355]
Action.c(4): Detected non-resource "https://support.mozilla.org/kb/captive-portal" in "http://detectportal.firefox.com/canonical.html"  	[MsgId: MMSG-26573]
Action.c(4): Error -35196: HTTP Status-Code=429 (Retry With) for "https://support.mozilla.org/kb/captive-portal"  	[MsgId: MERR-35196]
End auto log messages stack.	[MsgId: MMSG-10544]


Start auto log messages stack - Iteration 1065.	[MsgId: MMSG-10545]
Starting action Action.	[MsgId: MMSG-15919]
Action.c(4): web_url("canonical.html") started  	[MsgId: MMSG-26355]
Action.c(4): Detected non-resource "https://support.mozilla.org/kb/captive-portal" in "http://detectportal.firefox.com/canonical.html"  	[MsgId: MMSG-26573]
Action.c(4): Error -35196: HTTP Status-Code=429 (Retry With) for "https://support.mozilla.org/kb/captive-portal"  	[MsgId: MERR-35196]
End auto log messages stack.	[MsgId: MMSG-10544]


Start auto log messages stack - Iteration 1051.	[MsgId: MMSG-10545]
Starting action Action.	[MsgId: MMSG-15919]
Action.c(4): web_url("canonical.html") started  	[MsgId: MMSG-26355]
Action.c(4): Detected non-resource "https://support.mozilla.org/kb/captive-portal" in "http://detectportal.firefox.com/canonical.html"  	[MsgId: MMSG-26573]
Action.c(4): Error -35196: HTTP Status-Code=429 (Retry With) for "https://support.mozilla.org/kb/captive-portal"  	[MsgId: MERR-35196]
End auto log messages stack.	[MsgId: MMSG-10544]


Start auto log messages stack - Iteration 1204.	[MsgId: MMSG-10545]
Starting action Action.	[MsgId: MMSG-15919]
Action.c(4): web_url("canonical.html") started  	[MsgId: MMSG-26355]
Action.c(4): Detected non-resource "https://support.mozilla.org/kb/captive-portal" in "http://detectportal.firefox.com/canonical.html"  	[MsgId: MMSG-26573]
Action.c(4): Error -35196: HTTP Status-Code=429 (Retry With) for "https://support.mozilla.org/kb/captive-portal"  	[MsgId: MERR-35196]
End auto log messages stack.	[MsgId: MMSG-10544]


Start auto log messages stack - Iteration 1066.	[MsgId: MMSG-10545]
Starting action Action.	[MsgId: MMSG-15919]
Action.c(4): web_url("canonical.html") started  	[MsgId: MMSG-26355]
Action.c(4): Detected non-resource "https://support.mozilla.org/kb/captive-portal" in "http://detectportal.firefox.com/canonical.html"  	[MsgId: MMSG-26573]
Action.c(4): Error -35196: HTTP Status-Code=429 (Retry With) for "https://support.mozilla.org/kb/captive-portal"  	[MsgId: MERR-35196]
End auto log messages stack.	[MsgId: MMSG-10544]


Start auto log messages stack - Iteration 1139.	[MsgId: MMSG-10545]
Starting action Action.	[MsgId: MMSG-15919]
Action.c(4): web_url("canonical.html") started  	[MsgId: MMSG-26355]
Action.c(4): Detected non-resource "https://support.mozilla.org/kb/captive-portal" in "http://detectportal.firefox.com/canonical.html"  	[MsgId: MMSG-26573]
Action.c(4): Error -35196: HTTP Status-Code=429 (Retry With) for "https://support.mozilla.org/kb/captive-portal"  	[MsgId: MERR-35196]
End auto log messages stack.	[MsgId: MMSG-10544]


Start auto log messages stack - Iteration 1052.	[MsgId: MMSG-10545]
Starting action Action.	[MsgId: MMSG-15919]
Action.c(4): web_url("canonical.html") started  	[MsgId: MMSG-26355]
Action.c(4): Detected non-resource "https://support.mozilla.org/kb/captive-portal" in "http://detectportal.firefox.com/canonical.html"  	[MsgId: MMSG-26573]
Action.c(4): Error -35196: HTTP Status-Code=429 (Retry With) for "https://support.mozilla.org/kb/captive-portal"  	[MsgId: MERR-35196]
End auto log messages stack.	[MsgId: MMSG-10544]


Start auto log messages stack - Iteration 1205.	[MsgId: MMSG-10545]
Starting action Action.	[MsgId: MMSG-15919]
Action.c(4): web_url("canonical.html") started  	[MsgId: MMSG-26355]
Action.c(4): Detected non-resource "https://support.mozilla.org/kb/captive-portal" in "http://detectportal.firefox.com/canonical.html"  	[MsgId: MMSG-26573]
Action.c(4): Error -35196: HTTP Status-Code=429 (Retry With) for "https://support.mozilla.org/kb/captive-portal"  	[MsgId: MERR-35196]
End auto log messages stack.	[MsgId: MMSG-10544]


Start auto log messages stack - Iteration 1140.	[MsgId: MMSG-10545]
Start auto log messages stack - Iteration 1067.	[MsgId: MMSG-10545]
Starting action Action.	[MsgId: MMSG-15919]
Starting action Action.	[MsgId: MMSG-15919]
Action.c(4): web_url("canonical.html") started  	[MsgId: MMSG-26355]
Action.c(4): web_url("canonical.html") started  	[MsgId: MMSG-26355]
Action.c(4): Detected non-resource "https://support.mozilla.org/kb/captive-portal" in "http://detectportal.firefox.com/canonical.html"  	[MsgId: MMSG-26573]
Action.c(4): Detected non-resource "https://support.mozilla.org/kb/captive-portal" in "http://detectportal.firefox.com/canonical.html"  	[MsgId: MMSG-26573]
Action.c(4): Error -35196: HTTP Status-Code=429 (Retry With) for "https://support.mozilla.org/kb/captive-portal"  	[MsgId: MERR-35196]
Action.c(4): Error -35196: HTTP Status-Code=429 (Retry With) for "https://support.mozilla.org/kb/captive-portal"  	[MsgId: MERR-35196]
End auto log messages stack.	[MsgId: MMSG-10544]


End auto log messages stack.	[MsgId: MMSG-10544]


Start auto log messages stack - Iteration 1053.	[MsgId: MMSG-10545]
Starting action Action.	[MsgId: MMSG-15919]
Action.c(4): web_url("canonical.html") started  	[MsgId: MMSG-26355]
Action.c(4): Detected non-resource "https://support.mozilla.org/kb/captive-portal" in "http://detectportal.firefox.com/canonical.html"  	[MsgId: MMSG-26573]
Action.c(4): Error -35196: HTTP Status-Code=429 (Retry With) for "https://support.mozilla.org/kb/captive-portal"  	[MsgId: MERR-35196]
End auto log messages stack.	[MsgId: MMSG-10544]


Start auto log messages stack - Iteration 1206.	[MsgId: MMSG-10545]
Starting action Action.	[MsgId: MMSG-15919]
Action.c(4): web_url("canonical.html") started  	[MsgId: MMSG-26355]
Action.c(4): Detected non-resource "https://support.mozilla.org/kb/captive-portal" in "http://detectportal.firefox.com/canonical.html"  	[MsgId: MMSG-26573]
Action.c(4): Error -35196: HTTP Status-Code=429 (Retry With) for "https://support.mozilla.org/kb/captive-portal"  	[MsgId: MERR-35196]
End auto log messages stack.	[MsgId: MMSG-10544]


Start auto log messages stack - Iteration 1068.	[MsgId: MMSG-10545]
Starting action Action.	[MsgId: MMSG-15919]
Action.c(4): web_url("canonical.html") started  	[MsgId: MMSG-26355]
Action.c(4): Detected non-resource "https://support.mozilla.org/kb/captive-portal" in "http://detectportal.firefox.com/canonical.html"  	[MsgId: MMSG-26573]
Action.c(4): Error -35196: HTTP Status-Code=429 (Retry With) for "https://support.mozilla.org/kb/captive-portal"  	[MsgId: MERR-35196]
End auto log messages stack.	[MsgId: MMSG-10544]


Start auto log messages stack - Iteration 1141.	[MsgId: MMSG-10545]
Starting action Action.	[MsgId: MMSG-15919]
Action.c(4): web_url("canonical.html") started  	[MsgId: MMSG-26355]
Action.c(4): Detected non-resource "https://support.mozilla.org/kb/captive-portal" in "http://detectportal.firefox.com/canonical.html"  	[MsgId: MMSG-26573]
Action.c(4): Error -35196: HTTP Status-Code=429 (Retry With) for "https://support.mozilla.org/kb/captive-portal"  	[MsgId: MERR-35196]
End auto log messages stack.	[MsgId: MMSG-10544]


Start auto log messages stack - Iteration 1054.	[MsgId: MMSG-10545]
Starting action Action.	[MsgId: MMSG-15919]
Action.c(4): web_url("canonical.html") started  	[MsgId: MMSG-26355]
Action.c(4): Detected non-resource "https://support.mozilla.org/kb/captive-portal" in "http://detectportal.firefox.com/canonical.html"  	[MsgId: MMSG-26573]
Action.c(4): Error -35196: HTTP Status-Code=429 (Retry With) for "https://support.mozilla.org/kb/captive-portal"  	[MsgId: MERR-35196]
End auto log messages stack.	[MsgId: MMSG-10544]


Start auto log messages stack - Iteration 1207.	[MsgId: MMSG-10545]
Starting action Action.	[MsgId: MMSG-15919]
Action.c(4): web_url("canonical.html") started  	[MsgId: MMSG-26355]
Action.c(4): Detected non-resource "https://support.mozilla.org/kb/captive-portal" in "http://detectportal.firefox.com/canonical.html"  	[MsgId: MMSG-26573]
Action.c(4): Error -35196: HTTP Status-Code=429 (Retry With) for "https://support.mozilla.org/kb/captive-portal"  	[MsgId: MERR-35196]
End auto log messages stack.	[MsgId: MMSG-10544]


Start auto log messages stack - Iteration 1069.	[MsgId: MMSG-10545]
Starting action Action.	[MsgId: MMSG-15919]
Action.c(4): web_url("canonical.html") started  	[MsgId: MMSG-26355]
Action.c(4): Detected non-resource "https://support.mozilla.org/kb/captive-portal" in "http://detectportal.firefox.com/canonical.html"  	[MsgId: MMSG-26573]
Action.c(4): Error -35196: HTTP Status-Code=429 (Retry With) for "https://support.mozilla.org/kb/captive-portal"  	[MsgId: MERR-35196]
Start auto log messages stack - Iteration 1055.	[MsgId: MMSG-10545]
Starting action Action.	[MsgId: MMSG-15919]
Action.c(4): web_url("canonical.html") started  	[MsgId: MMSG-26355]
Action.c(4): Detected non-resource "https://support.mozilla.org/kb/captive-portal" in "http://detectportal.firefox.com/canonical.html"  	[MsgId: MMSG-26573]
Action.c(4): Error -35196: HTTP Status-Code=429 (Retry With) for "https://support.mozilla.org/kb/captive-portal"  	[MsgId: MERR-35196]
End auto log messages stack.	[MsgId: MMSG-10544]


End auto log messages stack.	[MsgId: MMSG-10544]


Start auto log messages stack - Iteration 1142.	[MsgId: MMSG-10545]
Starting action Action.	[MsgId: MMSG-15919]
Action.c(4): web_url("canonical.html") started  	[MsgId: MMSG-26355]
Action.c(4): Detected non-resource "https://support.mozilla.org/kb/captive-portal" in "http://detectportal.firefox.com/canonical.html"  	[MsgId: MMSG-26573]
Action.c(4): Error -35196: HTTP Status-Code=429 (Retry With) for "https://support.mozilla.org/kb/captive-portal"  	[MsgId: MERR-35196]
End auto log messages stack.	[MsgId: MMSG-10544]


Start auto log messages stack - Iteration 1208.	[MsgId: MMSG-10545]
Starting action Action.	[MsgId: MMSG-15919]
Action.c(4): web_url("canonical.html") started  	[MsgId: MMSG-26355]
Action.c(4): Detected non-resource "https://support.mozilla.org/kb/captive-portal" in "http://detectportal.firefox.com/canonical.html"  	[MsgId: MMSG-26573]
Action.c(4): Error -35196: HTTP Status-Code=429 (Retry With) for "https://support.mozilla.org/kb/captive-portal"  	[MsgId: MERR-35196]
End auto log messages stack.	[MsgId: MMSG-10544]


Start auto log messages stack - Iteration 1056.	[MsgId: MMSG-10545]
Starting action Action.	[MsgId: MMSG-15919]
Action.c(4): web_url("canonical.html") started  	[MsgId: MMSG-26355]
Action.c(4): Detected non-resource "https://support.mozilla.org/kb/captive-portal" in "http://detectportal.firefox.com/canonical.html"  	[MsgId: MMSG-26573]
Action.c(4): Error -35196: HTTP Status-Code=429 (Retry With) for "https://support.mozilla.org/kb/captive-portal"  	[MsgId: MERR-35196]
End auto log messages stack.	[MsgId: MMSG-10544]


Start auto log messages stack - Iteration 1070.	[MsgId: MMSG-10545]
Starting action Action.	[MsgId: MMSG-15919]
Start auto log messages stack - Iteration 1143.	[MsgId: MMSG-10545]
Starting action Action.	[MsgId: MMSG-15919]
Action.c(4): web_url("canonical.html") started  	[MsgId: MMSG-26355]
Action.c(4): web_url("canonical.html") started  	[MsgId: MMSG-26355]
Action.c(4): Detected non-resource "https://support.mozilla.org/kb/captive-portal" in "http://detectportal.firefox.com/canonical.html"  	[MsgId: MMSG-26573]
Action.c(4): Detected non-resource "https://support.mozilla.org/kb/captive-portal" in "http://detectportal.firefox.com/canonical.html"  	[MsgId: MMSG-26573]
Action.c(4): Error -35196: HTTP Status-Code=429 (Retry With) for "https://support.mozilla.org/kb/captive-portal"  	[MsgId: MERR-35196]
Action.c(4): Error -35196: HTTP Status-Code=429 (Retry With) for "https://support.mozilla.org/kb/captive-portal"  	[MsgId: MERR-35196]
End auto log messages stack.	[MsgId: MMSG-10544]
End auto log messages stack.	[MsgId: MMSG-10544]




Start auto log messages stack - Iteration 1209.	[MsgId: MMSG-10545]
Starting action Action.	[MsgId: MMSG-15919]
Action.c(4): web_url("canonical.html") started  	[MsgId: MMSG-26355]
Action.c(4): Detected non-resource "https://support.mozilla.org/kb/captive-portal" in "http://detectportal.firefox.com/canonical.html"  	[MsgId: MMSG-26573]
Action.c(4): Error -35196: HTTP Status-Code=429 (Retry With) for "https://support.mozilla.org/kb/captive-portal"  	[MsgId: MERR-35196]
End auto log messages stack.	[MsgId: MMSG-10544]


Start auto log messages stack - Iteration 1144.	[MsgId: MMSG-10545]
Starting action Action.	[MsgId: MMSG-15919]
Action.c(4): web_url("canonical.html") started  	[MsgId: MMSG-26355]
Action.c(4): Detected non-resource "https://support.mozilla.org/kb/captive-portal" in "http://detectportal.firefox.com/canonical.html"  	[MsgId: MMSG-26573]
Action.c(4): Error -35196: HTTP Status-Code=429 (Retry With) for "https://support.mozilla.org/kb/captive-portal"  	[MsgId: MERR-35196]
End auto log messages stack.	[MsgId: MMSG-10544]


Start auto log messages stack - Iteration 1071.	[MsgId: MMSG-10545]
Starting action Action.	[MsgId: MMSG-15919]
Action.c(4): web_url("canonical.html") started  	[MsgId: MMSG-26355]
Action.c(4): Detected non-resource "https://support.mozilla.org/kb/captive-portal" in "http://detectportal.firefox.com/canonical.html"  	[MsgId: MMSG-26573]
Action.c(4): Error -35196: HTTP Status-Code=429 (Retry With) for "https://support.mozilla.org/kb/captive-portal"  	[MsgId: MERR-35196]
End auto log messages stack.	[MsgId: MMSG-10544]


Start auto log messages stack - Iteration 1057.	[MsgId: MMSG-10545]
Starting action Action.	[MsgId: MMSG-15919]
Action.c(4): web_url("canonical.html") started  	[MsgId: MMSG-26355]
Action.c(4): Detected non-resource "https://support.mozilla.org/kb/captive-portal" in "http://detectportal.firefox.com/canonical.html"  	[MsgId: MMSG-26573]
Action.c(4): Error -35196: HTTP Status-Code=429 (Retry With) for "https://support.mozilla.org/kb/captive-portal"  	[MsgId: MERR-35196]
End auto log messages stack.	[MsgId: MMSG-10544]


Start auto log messages stack - Iteration 1210.	[MsgId: MMSG-10545]
Starting action Action.	[MsgId: MMSG-15919]
Action.c(4): web_url("canonical.html") started  	[MsgId: MMSG-26355]
Action.c(4): Detected non-resource "https://support.mozilla.org/kb/captive-portal" in "http://detectportal.firefox.com/canonical.html"  	[MsgId: MMSG-26573]
Action.c(4): Error -35196: HTTP Status-Code=429 (Retry With) for "https://support.mozilla.org/kb/captive-portal"  	[MsgId: MERR-35196]
End auto log messages stack.	[MsgId: MMSG-10544]


Start auto log messages stack - Iteration 1145.	[MsgId: MMSG-10545]
Starting action Action.	[MsgId: MMSG-15919]
Action.c(4): web_url("canonical.html") started  	[MsgId: MMSG-26355]
Action.c(4): Detected non-resource "https://support.mozilla.org/kb/captive-portal" in "http://detectportal.firefox.com/canonical.html"  	[MsgId: MMSG-26573]
Action.c(4): Error -35196: HTTP Status-Code=429 (Retry With) for "https://support.mozilla.org/kb/captive-portal"  	[MsgId: MERR-35196]
End auto log messages stack.	[MsgId: MMSG-10544]


Start auto log messages stack - Iteration 1072.	[MsgId: MMSG-10545]
Starting action Action.	[MsgId: MMSG-15919]
Action.c(4): web_url("canonical.html") started  	[MsgId: MMSG-26355]
Action.c(4): Detected non-resource "https://support.mozilla.org/kb/captive-portal" in "http://detectportal.firefox.com/canonical.html"  	[MsgId: MMSG-26573]
Action.c(4): Error -35196: HTTP Status-Code=429 (Retry With) for "https://support.mozilla.org/kb/captive-portal"  	[MsgId: MERR-35196]
End auto log messages stack.	[MsgId: MMSG-10544]


Start auto log messages stack - Iteration 1058.	[MsgId: MMSG-10545]
Starting action Action.	[MsgId: MMSG-15919]
Action.c(4): web_url("canonical.html") started  	[MsgId: MMSG-26355]
Action.c(4): Detected non-resource "https://support.mozilla.org/kb/captive-portal" in "http://detectportal.firefox.com/canonical.html"  	[MsgId: MMSG-26573]
Action.c(4): Error -35196: HTTP Status-Code=429 (Retry With) for "https://support.mozilla.org/kb/captive-portal"  	[MsgId: MERR-35196]
End auto log messages stack.	[MsgId: MMSG-10544]


Start auto log messages stack - Iteration 1211.	[MsgId: MMSG-10545]
Starting action Action.	[MsgId: MMSG-15919]
Action.c(4): web_url("canonical.html") started  	[MsgId: MMSG-26355]
Action.c(4): Detected non-resource "https://support.mozilla.org/kb/captive-portal" in "http://detectportal.firefox.com/canonical.html"  	[MsgId: MMSG-26573]
Action.c(4): Error -35196: HTTP Status-Code=429 (Retry With) for "https://support.mozilla.org/kb/captive-portal"  	[MsgId: MERR-35196]
End auto log messages stack.	[MsgId: MMSG-10544]


Start auto log messages stack - Iteration 1146.	[MsgId: MMSG-10545]
Starting action Action.	[MsgId: MMSG-15919]
Action.c(4): web_url("canonical.html") started  	[MsgId: MMSG-26355]
Action.c(4): Detected non-resource "https://support.mozilla.org/kb/captive-portal" in "http://detectportal.firefox.com/canonical.html"  	[MsgId: MMSG-26573]
Action.c(4): Error -35196: HTTP Status-Code=429 (Retry With) for "https://support.mozilla.org/kb/captive-portal"  	[MsgId: MERR-35196]
End auto log messages stack.	[MsgId: MMSG-10544]


Start auto log messages stack - Iteration 1073.	[MsgId: MMSG-10545]
Starting action Action.	[MsgId: MMSG-15919]
Action.c(4): web_url("canonical.html") started  	[MsgId: MMSG-26355]
Action.c(4): Detected non-resource "https://support.mozilla.org/kb/captive-portal" in "http://detectportal.firefox.com/canonical.html"  	[MsgId: MMSG-26573]
Action.c(4): Error -35196: HTTP Status-Code=429 (Retry With) for "https://support.mozilla.org/kb/captive-portal"  	[MsgId: MERR-35196]
End auto log messages stack.	[MsgId: MMSG-10544]


Start auto log messages stack - Iteration 1059.	[MsgId: MMSG-10545]
Starting action Action.	[MsgId: MMSG-15919]
Action.c(4): web_url("canonical.html") started  	[MsgId: MMSG-26355]
Action.c(4): Detected non-resource "https://support.mozilla.org/kb/captive-portal" in "http://detectportal.firefox.com/canonical.html"  	[MsgId: MMSG-26573]
Action.c(4): Error -35196: HTTP Status-Code=429 (Retry With) for "https://support.mozilla.org/kb/captive-portal"  	[MsgId: MERR-35196]
End auto log messages stack.	[MsgId: MMSG-10544]


Start auto log messages stack - Iteration 1212.	[MsgId: MMSG-10545]
Starting action Action.	[MsgId: MMSG-15919]
Action.c(4): web_url("canonical.html") started  	[MsgId: MMSG-26355]
Action.c(4): Detected non-resource "https://support.mozilla.org/kb/captive-portal" in "http://detectportal.firefox.com/canonical.html"  	[MsgId: MMSG-26573]
Action.c(4): Error -35196: HTTP Status-Code=429 (Retry With) for "https://support.mozilla.org/kb/captive-portal"  	[MsgId: MERR-35196]
End auto log messages stack.	[MsgId: MMSG-10544]


Start auto log messages stack - Iteration 1147.	[MsgId: MMSG-10545]
Starting action Action.	[MsgId: MMSG-15919]
Action.c(4): web_url("canonical.html") started  	[MsgId: MMSG-26355]
Action.c(4): Detected non-resource "https://support.mozilla.org/kb/captive-portal" in "http://detectportal.firefox.com/canonical.html"  	[MsgId: MMSG-26573]
Action.c(4): Error -35196: HTTP Status-Code=429 (Retry With) for "https://support.mozilla.org/kb/captive-portal"  	[MsgId: MERR-35196]
End auto log messages stack.	[MsgId: MMSG-10544]


Start auto log messages stack - Iteration 1074.	[MsgId: MMSG-10545]
Starting action Action.	[MsgId: MMSG-15919]
Action.c(4): web_url("canonical.html") started  	[MsgId: MMSG-26355]
Action.c(4): Detected non-resource "https://support.mozilla.org/kb/captive-portal" in "http://detectportal.firefox.com/canonical.html"  	[MsgId: MMSG-26573]
Action.c(4): Error -35196: HTTP Status-Code=429 (Retry With) for "https://support.mozilla.org/kb/captive-portal"  	[MsgId: MERR-35196]
End auto log messages stack.	[MsgId: MMSG-10544]


Start auto log messages stack - Iteration 1060.	[MsgId: MMSG-10545]
Starting action Action.	[MsgId: MMSG-15919]
Action.c(4): web_url("canonical.html") started  	[MsgId: MMSG-26355]
Action.c(4): Detected non-resource "https://support.mozilla.org/kb/captive-portal" in "http://detectportal.firefox.com/canonical.html"  	[MsgId: MMSG-26573]
Action.c(4): Error -35196: HTTP Status-Code=429 (Retry With) for "https://support.mozilla.org/kb/captive-portal"  	[MsgId: MERR-35196]
End auto log messages stack.	[MsgId: MMSG-10544]


Start auto log messages stack - Iteration 1148.	[MsgId: MMSG-10545]
Starting action Action.	[MsgId: MMSG-15919]
Action.c(4): web_url("canonical.html") started  	[MsgId: MMSG-26355]
Action.c(4): Detected non-resource "https://support.mozilla.org/kb/captive-portal" in "http://detectportal.firefox.com/canonical.html"  	[MsgId: MMSG-26573]
Action.c(4): Error -35196: HTTP Status-Code=429 (Retry With) for "https://support.mozilla.org/kb/captive-portal"  	[MsgId: MERR-35196]
End auto log messages stack.	[MsgId: MMSG-10544]


Start auto log messages stack - Iteration 1213.	[MsgId: MMSG-10545]
Starting action Action.	[MsgId: MMSG-15919]
Action.c(4): web_url("canonical.html") started  	[MsgId: MMSG-26355]
Action.c(4): Detected non-resource "https://support.mozilla.org/kb/captive-portal" in "http://detectportal.firefox.com/canonical.html"  	[MsgId: MMSG-26573]
Action.c(4): Error -35196: HTTP Status-Code=429 (Retry With) for "https://support.mozilla.org/kb/captive-portal"  	[MsgId: MERR-35196]
End auto log messages stack.	[MsgId: MMSG-10544]


Start auto log messages stack - Iteration 1061.	[MsgId: MMSG-10545]
Starting action Action.	[MsgId: MMSG-15919]
Action.c(4): web_url("canonical.html") started  	[MsgId: MMSG-26355]
Action.c(4): Detected non-resource "https://support.mozilla.org/kb/captive-portal" in "http://detectportal.firefox.com/canonical.html"  	[MsgId: MMSG-26573]
Action.c(4): Error -35196: HTTP Status-Code=429 (Retry With) for "https://support.mozilla.org/kb/captive-portal"  	[MsgId: MERR-35196]
End auto log messages stack.	[MsgId: MMSG-10544]


Start auto log messages stack - Iteration 1149.	[MsgId: MMSG-10545]
Starting action Action.	[MsgId: MMSG-15919]
Action.c(4): web_url("canonical.html") started  	[MsgId: MMSG-26355]
Action.c(4): Detected non-resource "https://support.mozilla.org/kb/captive-portal" in "http://detectportal.firefox.com/canonical.html"  	[MsgId: MMSG-26573]
Action.c(4): Error -35196: HTTP Status-Code=429 (Retry With) for "https://support.mozilla.org/kb/captive-portal"  	[MsgId: MERR-35196]
End auto log messages stack.	[MsgId: MMSG-10544]


Start auto log messages stack - Iteration 1075.	[MsgId: MMSG-10545]
Starting action Action.	[MsgId: MMSG-15919]
Action.c(4): web_url("canonical.html") started  	[MsgId: MMSG-26355]
Action.c(4): Detected non-resource "https://support.mozilla.org/kb/captive-portal" in "http://detectportal.firefox.com/canonical.html"  	[MsgId: MMSG-26573]
Action.c(4): Error -35196: HTTP Status-Code=429 (Retry With) for "https://support.mozilla.org/kb/captive-portal"  	[MsgId: MERR-35196]
End auto log messages stack.	[MsgId: MMSG-10544]


Start auto log messages stack - Iteration 1214.	[MsgId: MMSG-10545]
Starting action Action.	[MsgId: MMSG-15919]
Action.c(4): web_url("canonical.html") started  	[MsgId: MMSG-26355]
Action.c(4): Detected non-resource "https://support.mozilla.org/kb/captive-portal" in "http://detectportal.firefox.com/canonical.html"  	[MsgId: MMSG-26573]
Action.c(4): Error -35196: HTTP Status-Code=429 (Retry With) for "https://support.mozilla.org/kb/captive-portal"  	[MsgId: MERR-35196]
End auto log messages stack.	[MsgId: MMSG-10544]


Start auto log messages stack - Iteration 1062.	[MsgId: MMSG-10545]
Starting action Action.	[MsgId: MMSG-15919]
Action.c(4): web_url("canonical.html") started  	[MsgId: MMSG-26355]
Action.c(4): Detected non-resource "https://support.mozilla.org/kb/captive-portal" in "http://detectportal.firefox.com/canonical.html"  	[MsgId: MMSG-26573]
Action.c(4): Error -35196: HTTP Status-Code=429 (Retry With) for "https://support.mozilla.org/kb/captive-portal"  	[MsgId: MERR-35196]
End auto log messages stack.	[MsgId: MMSG-10544]


Start auto log messages stack - Iteration 1150.	[MsgId: MMSG-10545]
Starting action Action.	[MsgId: MMSG-15919]
Action.c(4): web_url("canonical.html") started  	[MsgId: MMSG-26355]
Action.c(4): Detected non-resource "https://support.mozilla.org/kb/captive-portal" in "http://detectportal.firefox.com/canonical.html"  	[MsgId: MMSG-26573]
Action.c(4): Error -35196: HTTP Status-Code=429 (Retry With) for "https://support.mozilla.org/kb/captive-portal"  	[MsgId: MERR-35196]
End auto log messages stack.	[MsgId: MMSG-10544]


Start auto log messages stack - Iteration 1076.	[MsgId: MMSG-10545]
Starting action Action.	[MsgId: MMSG-15919]
Action.c(4): web_url("canonical.html") started  	[MsgId: MMSG-26355]
Action.c(4): Detected non-resource "https://support.mozilla.org/kb/captive-portal" in "http://detectportal.firefox.com/canonical.html"  	[MsgId: MMSG-26573]
Action.c(4): Error -35196: HTTP Status-Code=429 (Retry With) for "https://support.mozilla.org/kb/captive-portal"  	[MsgId: MERR-35196]
End auto log messages stack.	[MsgId: MMSG-10544]


Start auto log messages stack - Iteration 1215.	[MsgId: MMSG-10545]
Starting action Action.	[MsgId: MMSG-15919]
Action.c(4): web_url("canonical.html") started  	[MsgId: MMSG-26355]
Action.c(4): Detected non-resource "https://support.mozilla.org/kb/captive-portal" in "http://detectportal.firefox.com/canonical.html"  	[MsgId: MMSG-26573]
Action.c(4): Error -35196: HTTP Status-Code=429 (Retry With) for "https://support.mozilla.org/kb/captive-portal"  	[MsgId: MERR-35196]
End auto log messages stack.	[MsgId: MMSG-10544]


Start auto log messages stack - Iteration 1063.	[MsgId: MMSG-10545]
Starting action Action.	[MsgId: MMSG-15919]
Action.c(4): web_url("canonical.html") started  	[MsgId: MMSG-26355]
Action.c(4): Detected non-resource "https://support.mozilla.org/kb/captive-portal" in "http://detectportal.firefox.com/canonical.html"  	[MsgId: MMSG-26573]
Action.c(4): Error -35196: HTTP Status-Code=429 (Retry With) for "https://support.mozilla.org/kb/captive-portal"  	[MsgId: MERR-35196]
End auto log messages stack.	[MsgId: MMSG-10544]


Start auto log messages stack - Iteration 1077.	[MsgId: MMSG-10545]
Starting action Action.	[MsgId: MMSG-15919]
Action.c(4): web_url("canonical.html") started  	[MsgId: MMSG-26355]
Action.c(4): Detected non-resource "https://support.mozilla.org/kb/captive-portal" in "http://detectportal.firefox.com/canonical.html"  	[MsgId: MMSG-26573]
Action.c(4): Error -35196: HTTP Status-Code=429 (Retry With) for "https://support.mozilla.org/kb/captive-portal"  	[MsgId: MERR-35196]
End auto log messages stack.	[MsgId: MMSG-10544]


Start auto log messages stack - Iteration 1151.	[MsgId: MMSG-10545]
Starting action Action.	[MsgId: MMSG-15919]
Action.c(4): web_url("canonical.html") started  	[MsgId: MMSG-26355]
Action.c(4): Detected non-resource "https://support.mozilla.org/kb/captive-portal" in "http://detectportal.firefox.com/canonical.html"  	[MsgId: MMSG-26573]
Action.c(4): Error -35196: HTTP Status-Code=429 (Retry With) for "https://support.mozilla.org/kb/captive-portal"  	[MsgId: MERR-35196]
End auto log messages stack.	[MsgId: MMSG-10544]


Start auto log messages stack - Iteration 1216.	[MsgId: MMSG-10545]
Starting action Action.	[MsgId: MMSG-15919]
Action.c(4): web_url("canonical.html") started  	[MsgId: MMSG-26355]
Action.c(4): Detected non-resource "https://support.mozilla.org/kb/captive-portal" in "http://detectportal.firefox.com/canonical.html"  	[MsgId: MMSG-26573]
Action.c(4): Error -35196: HTTP Status-Code=429 (Retry With) for "https://support.mozilla.org/kb/captive-portal"  	[MsgId: MERR-35196]
End auto log messages stack.	[MsgId: MMSG-10544]


Start auto log messages stack - Iteration 1064.	[MsgId: MMSG-10545]
Starting action Action.	[MsgId: MMSG-15919]
Action.c(4): web_url("canonical.html") started  	[MsgId: MMSG-26355]
Action.c(4): Detected non-resource "https://support.mozilla.org/kb/captive-portal" in "http://detectportal.firefox.com/canonical.html"  	[MsgId: MMSG-26573]
Action.c(4): Error -35196: HTTP Status-Code=429 (Retry With) for "https://support.mozilla.org/kb/captive-portal"  	[MsgId: MERR-35196]
End auto log messages stack.	[MsgId: MMSG-10544]


Start auto log messages stack - Iteration 1078.	[MsgId: MMSG-10545]
Starting action Action.	[MsgId: MMSG-15919]
Action.c(4): web_url("canonical.html") started  	[MsgId: MMSG-26355]
Action.c(4): Detected non-resource "https://support.mozilla.org/kb/captive-portal" in "http://detectportal.firefox.com/canonical.html"  	[MsgId: MMSG-26573]
Action.c(4): Error -35196: HTTP Status-Code=429 (Retry With) for "https://support.mozilla.org/kb/captive-portal"  	[MsgId: MERR-35196]
End auto log messages stack.	[MsgId: MMSG-10544]


Start auto log messages stack - Iteration 1152.	[MsgId: MMSG-10545]
Starting action Action.	[MsgId: MMSG-15919]
Action.c(4): web_url("canonical.html") started  	[MsgId: MMSG-26355]
Action.c(4): Detected non-resource "https://support.mozilla.org/kb/captive-portal" in "http://detectportal.firefox.com/canonical.html"  	[MsgId: MMSG-26573]
Action.c(4): Error -35196: HTTP Status-Code=429 (Retry With) for "https://support.mozilla.org/kb/captive-portal"  	[MsgId: MERR-35196]
End auto log messages stack.	[MsgId: MMSG-10544]


Start auto log messages stack - Iteration 1217.	[MsgId: MMSG-10545]
Starting action Action.	[MsgId: MMSG-15919]
Action.c(4): web_url("canonical.html") started  	[MsgId: MMSG-26355]
Action.c(4): Detected non-resource "https://support.mozilla.org/kb/captive-portal" in "http://detectportal.firefox.com/canonical.html"  	[MsgId: MMSG-26573]
Action.c(4): Error -35196: HTTP Status-Code=429 (Retry With) for "https://support.mozilla.org/kb/captive-portal"  	[MsgId: MERR-35196]
End auto log messages stack.	[MsgId: MMSG-10544]


Start auto log messages stack - Iteration 1065.	[MsgId: MMSG-10545]
Starting action Action.	[MsgId: MMSG-15919]
Action.c(4): web_url("canonical.html") started  	[MsgId: MMSG-26355]
Action.c(4): Detected non-resource "https://support.mozilla.org/kb/captive-portal" in "http://detectportal.firefox.com/canonical.html"  	[MsgId: MMSG-26573]
Action.c(4): Error -35196: HTTP Status-Code=429 (Retry With) for "https://support.mozilla.org/kb/captive-portal"  	[MsgId: MERR-35196]
End auto log messages stack.	[MsgId: MMSG-10544]


Start auto log messages stack - Iteration 1079.	[MsgId: MMSG-10545]
Starting action Action.	[MsgId: MMSG-15919]
Action.c(4): web_url("canonical.html") started  	[MsgId: MMSG-26355]
Start auto log messages stack - Iteration 1153.	[MsgId: MMSG-10545]
Action.c(4): Detected non-resource "https://support.mozilla.org/kb/captive-portal" in "http://detectportal.firefox.com/canonical.html"  	[MsgId: MMSG-26573]
Starting action Action.	[MsgId: MMSG-15919]
Action.c(4): web_url("canonical.html") started  	[MsgId: MMSG-26355]
Action.c(4): Detected non-resource "https://support.mozilla.org/kb/captive-portal" in "http://detectportal.firefox.com/canonical.html"  	[MsgId: MMSG-26573]
Action.c(4): Error -35196: HTTP Status-Code=429 (Retry With) for "https://support.mozilla.org/kb/captive-portal"  	[MsgId: MERR-35196]
Action.c(4): Error -35196: HTTP Status-Code=429 (Retry With) for "https://support.mozilla.org/kb/captive-portal"  	[MsgId: MERR-35196]
End auto log messages stack.	[MsgId: MMSG-10544]


End auto log messages stack.	[MsgId: MMSG-10544]


Start auto log messages stack - Iteration 1066.	[MsgId: MMSG-10545]
Starting action Action.	[MsgId: MMSG-15919]
Action.c(4): web_url("canonical.html") started  	[MsgId: MMSG-26355]
Action.c(4): Detected non-resource "https://support.mozilla.org/kb/captive-portal" in "http://detectportal.firefox.com/canonical.html"  	[MsgId: MMSG-26573]
Action.c(4): Error -35196: HTTP Status-Code=429 (Retry With) for "https://support.mozilla.org/kb/captive-portal"  	[MsgId: MERR-35196]
End auto log messages stack.	[MsgId: MMSG-10544]


Start auto log messages stack - Iteration 1080.	[MsgId: MMSG-10545]
Starting action Action.	[MsgId: MMSG-15919]
Action.c(4): web_url("canonical.html") started  	[MsgId: MMSG-26355]
Action.c(4): Detected non-resource "https://support.mozilla.org/kb/captive-portal" in "http://detectportal.firefox.com/canonical.html"  	[MsgId: MMSG-26573]
Action.c(4): Error -35196: HTTP Status-Code=429 (Retry With) for "https://support.mozilla.org/kb/captive-portal"  	[MsgId: MERR-35196]
Start auto log messages stack - Iteration 1154.	[MsgId: MMSG-10545]
Starting action Action.	[MsgId: MMSG-15919]
Action.c(4): web_url("canonical.html") started  	[MsgId: MMSG-26355]
Action.c(4): Detected non-resource "https://support.mozilla.org/kb/captive-portal" in "http://detectportal.firefox.com/canonical.html"  	[MsgId: MMSG-26573]
Action.c(4): Error -35196: HTTP Status-Code=429 (Retry With) for "https://support.mozilla.org/kb/captive-portal"  	[MsgId: MERR-35196]
End auto log messages stack.	[MsgId: MMSG-10544]


End auto log messages stack.	[MsgId: MMSG-10544]


Start auto log messages stack - Iteration 1218.	[MsgId: MMSG-10545]
Starting action Action.	[MsgId: MMSG-15919]
Action.c(4): web_url("canonical.html") started  	[MsgId: MMSG-26355]
Action.c(4): Detected non-resource "https://support.mozilla.org/kb/captive-portal" in "http://detectportal.firefox.com/canonical.html"  	[MsgId: MMSG-26573]
Action.c(4): Error -35196: HTTP Status-Code=429 (Retry With) for "https://support.mozilla.org/kb/captive-portal"  	[MsgId: MERR-35196]
End auto log messages stack.	[MsgId: MMSG-10544]


Start auto log messages stack - Iteration 1067.	[MsgId: MMSG-10545]
Starting action Action.	[MsgId: MMSG-15919]
Action.c(4): web_url("canonical.html") started  	[MsgId: MMSG-26355]
Action.c(4): Detected non-resource "https://support.mozilla.org/kb/captive-portal" in "http://detectportal.firefox.com/canonical.html"  	[MsgId: MMSG-26573]
Action.c(4): Error -35196: HTTP Status-Code=429 (Retry With) for "https://support.mozilla.org/kb/captive-portal"  	[MsgId: MERR-35196]
End auto log messages stack.	[MsgId: MMSG-10544]


Start auto log messages stack - Iteration 1081.	[MsgId: MMSG-10545]
Starting action Action.	[MsgId: MMSG-15919]
Action.c(4): web_url("canonical.html") started  	[MsgId: MMSG-26355]
Action.c(4): Detected non-resource "https://support.mozilla.org/kb/captive-portal" in "http://detectportal.firefox.com/canonical.html"  	[MsgId: MMSG-26573]
Action.c(4): Error -35196: HTTP Status-Code=429 (Retry With) for "https://support.mozilla.org/kb/captive-portal"  	[MsgId: MERR-35196]
End auto log messages stack.	[MsgId: MMSG-10544]


Start auto log messages stack - Iteration 1155.	[MsgId: MMSG-10545]
Starting action Action.	[MsgId: MMSG-15919]
Action.c(4): web_url("canonical.html") started  	[MsgId: MMSG-26355]
Action.c(4): Detected non-resource "https://support.mozilla.org/kb/captive-portal" in "http://detectportal.firefox.com/canonical.html"  	[MsgId: MMSG-26573]
Action.c(4): Error -35196: HTTP Status-Code=429 (Retry With) for "https://support.mozilla.org/kb/captive-portal"  	[MsgId: MERR-35196]
End auto log messages stack.	[MsgId: MMSG-10544]


Start auto log messages stack - Iteration 1219.	[MsgId: MMSG-10545]
Starting action Action.	[MsgId: MMSG-15919]
Action.c(4): web_url("canonical.html") started  	[MsgId: MMSG-26355]
Action.c(4): Detected non-resource "https://support.mozilla.org/kb/captive-portal" in "http://detectportal.firefox.com/canonical.html"  	[MsgId: MMSG-26573]
Action.c(4): Error -35196: HTTP Status-Code=429 (Retry With) for "https://support.mozilla.org/kb/captive-portal"  	[MsgId: MERR-35196]
End auto log messages stack.	[MsgId: MMSG-10544]


Start auto log messages stack - Iteration 1068.	[MsgId: MMSG-10545]
Starting action Action.	[MsgId: MMSG-15919]
Action.c(4): web_url("canonical.html") started  	[MsgId: MMSG-26355]
Action.c(4): Detected non-resource "https://support.mozilla.org/kb/captive-portal" in "http://detectportal.firefox.com/canonical.html"  	[MsgId: MMSG-26573]
Action.c(4): Error -35196: HTTP Status-Code=429 (Retry With) for "https://support.mozilla.org/kb/captive-portal"  	[MsgId: MERR-35196]
End auto log messages stack.	[MsgId: MMSG-10544]


Start auto log messages stack - Iteration 1156.	[MsgId: MMSG-10545]
Starting action Action.	[MsgId: MMSG-15919]
Action.c(4): web_url("canonical.html") started  	[MsgId: MMSG-26355]
Action.c(4): Detected non-resource "https://support.mozilla.org/kb/captive-portal" in "http://detectportal.firefox.com/canonical.html"  	[MsgId: MMSG-26573]
Action.c(4): Error -35196: HTTP Status-Code=429 (Retry With) for "https://support.mozilla.org/kb/captive-portal"  	[MsgId: MERR-35196]
End auto log messages stack.	[MsgId: MMSG-10544]


Start auto log messages stack - Iteration 1082.	[MsgId: MMSG-10545]
Starting action Action.	[MsgId: MMSG-15919]
Action.c(4): web_url("canonical.html") started  	[MsgId: MMSG-26355]
Action.c(4): Detected non-resource "https://support.mozilla.org/kb/captive-portal" in "http://detectportal.firefox.com/canonical.html"  	[MsgId: MMSG-26573]
Action.c(4): Error -35196: HTTP Status-Code=429 (Retry With) for "https://support.mozilla.org/kb/captive-portal"  	[MsgId: MERR-35196]
End auto log messages stack.	[MsgId: MMSG-10544]


Start auto log messages stack - Iteration 1069.	[MsgId: MMSG-10545]
Starting action Action.	[MsgId: MMSG-15919]
Action.c(4): web_url("canonical.html") started  	[MsgId: MMSG-26355]
Action.c(4): Detected non-resource "https://support.mozilla.org/kb/captive-portal" in "http://detectportal.firefox.com/canonical.html"  	[MsgId: MMSG-26573]
Action.c(4): Error -35196: HTTP Status-Code=429 (Retry With) for "https://support.mozilla.org/kb/captive-portal"  	[MsgId: MERR-35196]
Start auto log messages stack - Iteration 1220.	[MsgId: MMSG-10545]
End auto log messages stack.	[MsgId: MMSG-10544]
Starting action Action.	[MsgId: MMSG-15919]


Action.c(4): web_url("canonical.html") started  	[MsgId: MMSG-26355]
Action.c(4): Detected non-resource "https://support.mozilla.org/kb/captive-portal" in "http://detectportal.firefox.com/canonical.html"  	[MsgId: MMSG-26573]
Action.c(4): Error -35196: HTTP Status-Code=429 (Retry With) for "https://support.mozilla.org/kb/captive-portal"  	[MsgId: MERR-35196]
End auto log messages stack.	[MsgId: MMSG-10544]


Start auto log messages stack - Iteration 1083.	[MsgId: MMSG-10545]
Starting action Action.	[MsgId: MMSG-15919]
Action.c(4): web_url("canonical.html") started  	[MsgId: MMSG-26355]
Action.c(4): Detected non-resource "https://support.mozilla.org/kb/captive-portal" in "http://detectportal.firefox.com/canonical.html"  	[MsgId: MMSG-26573]
Action.c(4): Error -35196: HTTP Status-Code=429 (Retry With) for "https://support.mozilla.org/kb/captive-portal"  	[MsgId: MERR-35196]
End auto log messages stack.	[MsgId: MMSG-10544]


Start auto log messages stack - Iteration 1157.	[MsgId: MMSG-10545]
Starting action Action.	[MsgId: MMSG-15919]
Action.c(4): web_url("canonical.html") started  	[MsgId: MMSG-26355]
Action.c(4): Detected non-resource "https://support.mozilla.org/kb/captive-portal" in "http://detectportal.firefox.com/canonical.html"  	[MsgId: MMSG-26573]
Action.c(4): Error -35196: HTTP Status-Code=429 (Retry With) for "https://support.mozilla.org/kb/captive-portal"  	[MsgId: MERR-35196]
End auto log messages stack.	[MsgId: MMSG-10544]


Start auto log messages stack - Iteration 1221.	[MsgId: MMSG-10545]
Starting action Action.	[MsgId: MMSG-15919]
Action.c(4): web_url("canonical.html") started  	[MsgId: MMSG-26355]
Action.c(4): Detected non-resource "https://support.mozilla.org/kb/captive-portal" in "http://detectportal.firefox.com/canonical.html"  	[MsgId: MMSG-26573]
Action.c(4): Error -35196: HTTP Status-Code=429 (Retry With) for "https://support.mozilla.org/kb/captive-portal"  	[MsgId: MERR-35196]
End auto log messages stack.	[MsgId: MMSG-10544]


Start auto log messages stack - Iteration 1070.	[MsgId: MMSG-10545]
Starting action Action.	[MsgId: MMSG-15919]
Action.c(4): web_url("canonical.html") started  	[MsgId: MMSG-26355]
Action.c(4): Detected non-resource "https://support.mozilla.org/kb/captive-portal" in "http://detectportal.firefox.com/canonical.html"  	[MsgId: MMSG-26573]
Action.c(4): Error -35196: HTTP Status-Code=429 (Retry With) for "https://support.mozilla.org/kb/captive-portal"  	[MsgId: MERR-35196]
End auto log messages stack.	[MsgId: MMSG-10544]


Start auto log messages stack - Iteration 1084.	[MsgId: MMSG-10545]
Starting action Action.	[MsgId: MMSG-15919]
Action.c(4): web_url("canonical.html") started  	[MsgId: MMSG-26355]
Action.c(4): Detected non-resource "https://support.mozilla.org/kb/captive-portal" in "http://detectportal.firefox.com/canonical.html"  	[MsgId: MMSG-26573]
Action.c(4): Error -35196: HTTP Status-Code=429 (Retry With) for "https://support.mozilla.org/kb/captive-portal"  	[MsgId: MERR-35196]
End auto log messages stack.	[MsgId: MMSG-10544]


Start auto log messages stack - Iteration 1158.	[MsgId: MMSG-10545]
Starting action Action.	[MsgId: MMSG-15919]
Action.c(4): web_url("canonical.html") started  	[MsgId: MMSG-26355]
Action.c(4): Detected non-resource "https://support.mozilla.org/kb/captive-portal" in "http://detectportal.firefox.com/canonical.html"  	[MsgId: MMSG-26573]
Action.c(4): Error -35196: HTTP Status-Code=429 (Retry With) for "https://support.mozilla.org/kb/captive-portal"  	[MsgId: MERR-35196]
End auto log messages stack.	[MsgId: MMSG-10544]


Start auto log messages stack - Iteration 1222.	[MsgId: MMSG-10545]
Starting action Action.	[MsgId: MMSG-15919]
Action.c(4): web_url("canonical.html") started  	[MsgId: MMSG-26355]
Action.c(4): Detected non-resource "https://support.mozilla.org/kb/captive-portal" in "http://detectportal.firefox.com/canonical.html"  	[MsgId: MMSG-26573]
Action.c(4): Error -35196: HTTP Status-Code=429 (Retry With) for "https://support.mozilla.org/kb/captive-portal"  	[MsgId: MERR-35196]
End auto log messages stack.	[MsgId: MMSG-10544]


Start auto log messages stack - Iteration 1071.	[MsgId: MMSG-10545]
Starting action Action.	[MsgId: MMSG-15919]
Action.c(4): web_url("canonical.html") started  	[MsgId: MMSG-26355]
Action.c(4): Detected non-resource "https://support.mozilla.org/kb/captive-portal" in "http://detectportal.firefox.com/canonical.html"  	[MsgId: MMSG-26573]
Action.c(4): Error -35196: HTTP Status-Code=429 (Retry With) for "https://support.mozilla.org/kb/captive-portal"  	[MsgId: MERR-35196]
End auto log messages stack.	[MsgId: MMSG-10544]


Start auto log messages stack - Iteration 1085.	[MsgId: MMSG-10545]
Starting action Action.	[MsgId: MMSG-15919]
Action.c(4): web_url("canonical.html") started  	[MsgId: MMSG-26355]
Action.c(4): Detected non-resource "https://support.mozilla.org/kb/captive-portal" in "http://detectportal.firefox.com/canonical.html"  	[MsgId: MMSG-26573]
Action.c(4): Error -35196: HTTP Status-Code=429 (Retry With) for "https://support.mozilla.org/kb/captive-portal"  	[MsgId: MERR-35196]
End auto log messages stack.	[MsgId: MMSG-10544]


Start auto log messages stack - Iteration 1159.	[MsgId: MMSG-10545]
Starting action Action.	[MsgId: MMSG-15919]
Action.c(4): web_url("canonical.html") started  	[MsgId: MMSG-26355]
Action.c(4): Detected non-resource "https://support.mozilla.org/kb/captive-portal" in "http://detectportal.firefox.com/canonical.html"  	[MsgId: MMSG-26573]
Action.c(4): Error -35196: HTTP Status-Code=429 (Retry With) for "https://support.mozilla.org/kb/captive-portal"  	[MsgId: MERR-35196]
End auto log messages stack.	[MsgId: MMSG-10544]


Start auto log messages stack - Iteration 1223.	[MsgId: MMSG-10545]
Starting action Action.	[MsgId: MMSG-15919]
Action.c(4): web_url("canonical.html") started  	[MsgId: MMSG-26355]
Action.c(4): Detected non-resource "https://support.mozilla.org/kb/captive-portal" in "http://detectportal.firefox.com/canonical.html"  	[MsgId: MMSG-26573]
Action.c(4): Error -35196: HTTP Status-Code=429 (Retry With) for "https://support.mozilla.org/kb/captive-portal"  	[MsgId: MERR-35196]
End auto log messages stack.	[MsgId: MMSG-10544]


Start auto log messages stack - Iteration 1160.	[MsgId: MMSG-10545]
Starting action Action.	[MsgId: MMSG-15919]
Action.c(4): web_url("canonical.html") started  	[MsgId: MMSG-26355]
Action.c(4): Detected non-resource "https://support.mozilla.org/kb/captive-portal" in "http://detectportal.firefox.com/canonical.html"  	[MsgId: MMSG-26573]
Action.c(4): Error -35196: HTTP Status-Code=429 (Retry With) for "https://support.mozilla.org/kb/captive-portal"  	[MsgId: MERR-35196]
End auto log messages stack.	[MsgId: MMSG-10544]


Start auto log messages stack - Iteration 1224.	[MsgId: MMSG-10545]
Starting action Action.	[MsgId: MMSG-15919]
Action.c(4): web_url("canonical.html") started  	[MsgId: MMSG-26355]
Action.c(4): Detected non-resource "https://support.mozilla.org/kb/captive-portal" in "http://detectportal.firefox.com/canonical.html"  	[MsgId: MMSG-26573]
Action.c(4): Error -35196: HTTP Status-Code=429 (Retry With) for "https://support.mozilla.org/kb/captive-portal"  	[MsgId: MERR-35196]
End auto log messages stack.	[MsgId: MMSG-10544]


Start auto log messages stack - Iteration 1072.	[MsgId: MMSG-10545]
Starting action Action.	[MsgId: MMSG-15919]
Action.c(4): web_url("canonical.html") started  	[MsgId: MMSG-26355]
Action.c(4): Detected non-resource "https://support.mozilla.org/kb/captive-portal" in "http://detectportal.firefox.com/canonical.html"  	[MsgId: MMSG-26573]
Action.c(4): Error -35196: HTTP Status-Code=429 (Retry With) for "https://support.mozilla.org/kb/captive-portal"  	[MsgId: MERR-35196]
End auto log messages stack.	[MsgId: MMSG-10544]


Start auto log messages stack - Iteration 1161.	[MsgId: MMSG-10545]
Starting action Action.	[MsgId: MMSG-15919]
Action.c(4): web_url("canonical.html") started  	[MsgId: MMSG-26355]
Action.c(4): Detected non-resource "https://support.mozilla.org/kb/captive-portal" in "http://detectportal.firefox.com/canonical.html"  	[MsgId: MMSG-26573]
Action.c(4): Error -35196: HTTP Status-Code=429 (Retry With) for "https://support.mozilla.org/kb/captive-portal"  	[MsgId: MERR-35196]
End auto log messages stack.	[MsgId: MMSG-10544]


Start auto log messages stack - Iteration 1225.	[MsgId: MMSG-10545]
Starting action Action.	[MsgId: MMSG-15919]
Action.c(4): web_url("canonical.html") started  	[MsgId: MMSG-26355]
Action.c(4): Detected non-resource "https://support.mozilla.org/kb/captive-portal" in "http://detectportal.firefox.com/canonical.html"  	[MsgId: MMSG-26573]
Action.c(4): Error -35196: HTTP Status-Code=429 (Retry With) for "https://support.mozilla.org/kb/captive-portal"  	[MsgId: MERR-35196]
End auto log messages stack.	[MsgId: MMSG-10544]


Start auto log messages stack - Iteration 1073.	[MsgId: MMSG-10545]
Starting action Action.	[MsgId: MMSG-15919]
Action.c(4): web_url("canonical.html") started  	[MsgId: MMSG-26355]
Action.c(4): Detected non-resource "https://support.mozilla.org/kb/captive-portal" in "http://detectportal.firefox.com/canonical.html"  	[MsgId: MMSG-26573]
Action.c(4): Error -35196: HTTP Status-Code=429 (Retry With) for "https://support.mozilla.org/kb/captive-portal"  	[MsgId: MERR-35196]
End auto log messages stack.	[MsgId: MMSG-10544]


Start auto log messages stack - Iteration 1162.	[MsgId: MMSG-10545]
Starting action Action.	[MsgId: MMSG-15919]
Action.c(4): web_url("canonical.html") started  	[MsgId: MMSG-26355]
Action.c(4): Detected non-resource "https://support.mozilla.org/kb/captive-portal" in "http://detectportal.firefox.com/canonical.html"  	[MsgId: MMSG-26573]
Action.c(4): Error -35196: HTTP Status-Code=429 (Retry With) for "https://support.mozilla.org/kb/captive-portal"  	[MsgId: MERR-35196]
End auto log messages stack.	[MsgId: MMSG-10544]


Start auto log messages stack - Iteration 1163.	[MsgId: MMSG-10545]
Starting action Action.	[MsgId: MMSG-15919]
Action.c(4): web_url("canonical.html") started  	[MsgId: MMSG-26355]
Action.c(4): Detected non-resource "https://support.mozilla.org/kb/captive-portal" in "http://detectportal.firefox.com/canonical.html"  	[MsgId: MMSG-26573]
Action.c(4): Error -35196: HTTP Status-Code=429 (Retry With) for "https://support.mozilla.org/kb/captive-portal"  	[MsgId: MERR-35196]
End auto log messages stack.	[MsgId: MMSG-10544]


Start auto log messages stack - Iteration 1074.	[MsgId: MMSG-10545]
Starting action Action.	[MsgId: MMSG-15919]
Action.c(4): web_url("canonical.html") started  	[MsgId: MMSG-26355]
Action.c(4): Detected non-resource "https://support.mozilla.org/kb/captive-portal" in "http://detectportal.firefox.com/canonical.html"  	[MsgId: MMSG-26573]
Action.c(4): Error -35196: HTTP Status-Code=429 (Retry With) for "https://support.mozilla.org/kb/captive-portal"  	[MsgId: MERR-35196]
End auto log messages stack.	[MsgId: MMSG-10544]


Start auto log messages stack - Iteration 1075.	[MsgId: MMSG-10545]
Starting action Action.	[MsgId: MMSG-15919]
Action.c(4): web_url("canonical.html") started  	[MsgId: MMSG-26355]
Action.c(4): Detected non-resource "https://support.mozilla.org/kb/captive-portal" in "http://detectportal.firefox.com/canonical.html"  	[MsgId: MMSG-26573]
Action.c(4): Error -35196: HTTP Status-Code=429 (Retry With) for "https://support.mozilla.org/kb/captive-portal"  	[MsgId: MERR-35196]
End auto log messages stack.	[MsgId: MMSG-10544]


Start auto log messages stack - Iteration 1086.	[MsgId: MMSG-10545]
Starting action Action.	[MsgId: MMSG-15919]
Action.c(4): web_url("canonical.html") started  	[MsgId: MMSG-26355]
Action.c(4): Detected non-resource "https://support.mozilla.org/kb/captive-portal" in "http://detectportal.firefox.com/canonical.html"  	[MsgId: MMSG-26573]
Action.c(4): Error -35196: HTTP Status-Code=429 (Retry With) for "https://support.mozilla.org/kb/captive-portal"  	[MsgId: MERR-35196]
Start auto log messages stack - Iteration 1164.	[MsgId: MMSG-10545]
Starting action Action.	[MsgId: MMSG-15919]
Action.c(4): web_url("canonical.html") started  	[MsgId: MMSG-26355]
Action.c(4): Detected non-resource "https://support.mozilla.org/kb/captive-portal" in "http://detectportal.firefox.com/canonical.html"  	[MsgId: MMSG-26573]
Action.c(4): Error -35196: HTTP Status-Code=429 (Retry With) for "https://support.mozilla.org/kb/captive-portal"  	[MsgId: MERR-35196]
End auto log messages stack.	[MsgId: MMSG-10544]
End auto log messages stack.	[MsgId: MMSG-10544]




Start auto log messages stack - Iteration 1076.	[MsgId: MMSG-10545]
Starting action Action.	[MsgId: MMSG-15919]
Action.c(4): web_url("canonical.html") started  	[MsgId: MMSG-26355]
Action.c(4): Detected non-resource "https://support.mozilla.org/kb/captive-portal" in "http://detectportal.firefox.com/canonical.html"  	[MsgId: MMSG-26573]
Action.c(4): Error -35196: HTTP Status-Code=429 (Retry With) for "https://support.mozilla.org/kb/captive-portal"  	[MsgId: MERR-35196]
End auto log messages stack.	[MsgId: MMSG-10544]


Start auto log messages stack - Iteration 1087.	[MsgId: MMSG-10545]
Starting action Action.	[MsgId: MMSG-15919]
Action.c(4): web_url("canonical.html") started  	[MsgId: MMSG-26355]
Action.c(4): Detected non-resource "https://support.mozilla.org/kb/captive-portal" in "http://detectportal.firefox.com/canonical.html"  	[MsgId: MMSG-26573]
Action.c(4): Error -35196: HTTP Status-Code=429 (Retry With) for "https://support.mozilla.org/kb/captive-portal"  	[MsgId: MERR-35196]
End auto log messages stack.	[MsgId: MMSG-10544]


Start auto log messages stack - Iteration 1077.	[MsgId: MMSG-10545]
Starting action Action.	[MsgId: MMSG-15919]
Action.c(4): web_url("canonical.html") started  	[MsgId: MMSG-26355]
Action.c(4): Detected non-resource "https://support.mozilla.org/kb/captive-portal" in "http://detectportal.firefox.com/canonical.html"  	[MsgId: MMSG-26573]
Action.c(4): Error -35196: HTTP Status-Code=429 (Retry With) for "https://support.mozilla.org/kb/captive-portal"  	[MsgId: MERR-35196]
End auto log messages stack.	[MsgId: MMSG-10544]


Start auto log messages stack - Iteration 1165.	[MsgId: MMSG-10545]
Starting action Action.	[MsgId: MMSG-15919]
Action.c(4): web_url("canonical.html") started  	[MsgId: MMSG-26355]
Action.c(4): Detected non-resource "https://support.mozilla.org/kb/captive-portal" in "http://detectportal.firefox.com/canonical.html"  	[MsgId: MMSG-26573]
Action.c(4): Error -35196: HTTP Status-Code=429 (Retry With) for "https://support.mozilla.org/kb/captive-portal"  	[MsgId: MERR-35196]
End auto log messages stack.	[MsgId: MMSG-10544]


Start auto log messages stack - Iteration 1088.	[MsgId: MMSG-10545]
Starting action Action.	[MsgId: MMSG-15919]
Action.c(4): web_url("canonical.html") started  	[MsgId: MMSG-26355]
Action.c(4): Detected non-resource "https://support.mozilla.org/kb/captive-portal" in "http://detectportal.firefox.com/canonical.html"  	[MsgId: MMSG-26573]
Action.c(4): Error -35196: HTTP Status-Code=429 (Retry With) for "https://support.mozilla.org/kb/captive-portal"  	[MsgId: MERR-35196]
End auto log messages stack.	[MsgId: MMSG-10544]


Start auto log messages stack - Iteration 1078.	[MsgId: MMSG-10545]
Starting action Action.	[MsgId: MMSG-15919]
Action.c(4): web_url("canonical.html") started  	[MsgId: MMSG-26355]
Action.c(4): Detected non-resource "https://support.mozilla.org/kb/captive-portal" in "http://detectportal.firefox.com/canonical.html"  	[MsgId: MMSG-26573]
Action.c(4): Error -35196: HTTP Status-Code=429 (Retry With) for "https://support.mozilla.org/kb/captive-portal"  	[MsgId: MERR-35196]
End auto log messages stack.	[MsgId: MMSG-10544]


Start auto log messages stack - Iteration 1166.	[MsgId: MMSG-10545]
Starting action Action.	[MsgId: MMSG-15919]
Action.c(4): web_url("canonical.html") started  	[MsgId: MMSG-26355]
Action.c(4): Detected non-resource "https://support.mozilla.org/kb/captive-portal" in "http://detectportal.firefox.com/canonical.html"  	[MsgId: MMSG-26573]
Action.c(4): Error -35196: HTTP Status-Code=429 (Retry With) for "https://support.mozilla.org/kb/captive-portal"  	[MsgId: MERR-35196]
End auto log messages stack.	[MsgId: MMSG-10544]


Start auto log messages stack - Iteration 1226.	[MsgId: MMSG-10545]
Starting action Action.	[MsgId: MMSG-15919]
Action.c(4): web_url("canonical.html") started  	[MsgId: MMSG-26355]
Action.c(4): Detected non-resource "https://support.mozilla.org/kb/captive-portal" in "http://detectportal.firefox.com/canonical.html"  	[MsgId: MMSG-26573]
Action.c(4): Error -35196: HTTP Status-Code=429 (Retry With) for "https://support.mozilla.org/kb/captive-portal"  	[MsgId: MERR-35196]
End auto log messages stack.	[MsgId: MMSG-10544]


Start auto log messages stack - Iteration 1089.	[MsgId: MMSG-10545]
Starting action Action.	[MsgId: MMSG-15919]
Action.c(4): web_url("canonical.html") started  	[MsgId: MMSG-26355]
Action.c(4): Detected non-resource "https://support.mozilla.org/kb/captive-portal" in "http://detectportal.firefox.com/canonical.html"  	[MsgId: MMSG-26573]
Action.c(4): Error -35196: HTTP Status-Code=429 (Retry With) for "https://support.mozilla.org/kb/captive-portal"  	[MsgId: MERR-35196]
End auto log messages stack.	[MsgId: MMSG-10544]


Start auto log messages stack - Iteration 1079.	[MsgId: MMSG-10545]
Starting action Action.	[MsgId: MMSG-15919]
Action.c(4): web_url("canonical.html") started  	[MsgId: MMSG-26355]
Action.c(4): Detected non-resource "https://support.mozilla.org/kb/captive-portal" in "http://detectportal.firefox.com/canonical.html"  	[MsgId: MMSG-26573]
Action.c(4): Error -35196: HTTP Status-Code=429 (Retry With) for "https://support.mozilla.org/kb/captive-portal"  	[MsgId: MERR-35196]
End auto log messages stack.	[MsgId: MMSG-10544]


Start auto log messages stack - Iteration 1227.	[MsgId: MMSG-10545]
Starting action Action.	[MsgId: MMSG-15919]
Action.c(4): web_url("canonical.html") started  	[MsgId: MMSG-26355]
Action.c(4): Detected non-resource "https://support.mozilla.org/kb/captive-portal" in "http://detectportal.firefox.com/canonical.html"  	[MsgId: MMSG-26573]
Action.c(4): Error -35196: HTTP Status-Code=429 (Retry With) for "https://support.mozilla.org/kb/captive-portal"  	[MsgId: MERR-35196]
Start auto log messages stack - Iteration 1167.	[MsgId: MMSG-10545]
Starting action Action.	[MsgId: MMSG-15919]
End auto log messages stack.	[MsgId: MMSG-10544]


Action.c(4): web_url("canonical.html") started  	[MsgId: MMSG-26355]
Action.c(4): Detected non-resource "https://support.mozilla.org/kb/captive-portal" in "http://detectportal.firefox.com/canonical.html"  	[MsgId: MMSG-26573]
Action.c(4): Error -35196: HTTP Status-Code=429 (Retry With) for "https://support.mozilla.org/kb/captive-portal"  	[MsgId: MERR-35196]
End auto log messages stack.	[MsgId: MMSG-10544]


Start auto log messages stack - Iteration 1090.	[MsgId: MMSG-10545]
Starting action Action.	[MsgId: MMSG-15919]
Action.c(4): web_url("canonical.html") started  	[MsgId: MMSG-26355]
Action.c(4): Detected non-resource "https://support.mozilla.org/kb/captive-portal" in "http://detectportal.firefox.com/canonical.html"  	[MsgId: MMSG-26573]
Action.c(4): Error -35196: HTTP Status-Code=429 (Retry With) for "https://support.mozilla.org/kb/captive-portal"  	[MsgId: MERR-35196]
End auto log messages stack.	[MsgId: MMSG-10544]


Start auto log messages stack - Iteration 1080.	[MsgId: MMSG-10545]
Starting action Action.	[MsgId: MMSG-15919]
Action.c(4): web_url("canonical.html") started  	[MsgId: MMSG-26355]
Action.c(4): Detected non-resource "https://support.mozilla.org/kb/captive-portal" in "http://detectportal.firefox.com/canonical.html"  	[MsgId: MMSG-26573]
Action.c(4): Error -35196: HTTP Status-Code=429 (Retry With) for "https://support.mozilla.org/kb/captive-portal"  	[MsgId: MERR-35196]
End auto log messages stack.	[MsgId: MMSG-10544]


Start auto log messages stack - Iteration 1228.	[MsgId: MMSG-10545]
Starting action Action.	[MsgId: MMSG-15919]
Action.c(4): web_url("canonical.html") started  	[MsgId: MMSG-26355]
Action.c(4): Detected non-resource "https://support.mozilla.org/kb/captive-portal" in "http://detectportal.firefox.com/canonical.html"  	[MsgId: MMSG-26573]
Action.c(4): Error -35196: HTTP Status-Code=429 (Retry With) for "https://support.mozilla.org/kb/captive-portal"  	[MsgId: MERR-35196]
End auto log messages stack.	[MsgId: MMSG-10544]


Start auto log messages stack - Iteration 1168.	[MsgId: MMSG-10545]
Starting action Action.	[MsgId: MMSG-15919]
Action.c(4): web_url("canonical.html") started  	[MsgId: MMSG-26355]
Action.c(4): Detected non-resource "https://support.mozilla.org/kb/captive-portal" in "http://detectportal.firefox.com/canonical.html"  	[MsgId: MMSG-26573]
Action.c(4): Error -35196: HTTP Status-Code=429 (Retry With) for "https://support.mozilla.org/kb/captive-portal"  	[MsgId: MERR-35196]
End auto log messages stack.	[MsgId: MMSG-10544]


Start auto log messages stack - Iteration 1091.	[MsgId: MMSG-10545]
Starting action Action.	[MsgId: MMSG-15919]
Action.c(4): web_url("canonical.html") started  	[MsgId: MMSG-26355]
Action.c(4): Detected non-resource "https://support.mozilla.org/kb/captive-portal" in "http://detectportal.firefox.com/canonical.html"  	[MsgId: MMSG-26573]
Action.c(4): Error -35196: HTTP Status-Code=429 (Retry With) for "https://support.mozilla.org/kb/captive-portal"  	[MsgId: MERR-35196]
End auto log messages stack.	[MsgId: MMSG-10544]


Start auto log messages stack - Iteration 1081.	[MsgId: MMSG-10545]
Starting action Action.	[MsgId: MMSG-15919]
Action.c(4): web_url("canonical.html") started  	[MsgId: MMSG-26355]
Action.c(4): Detected non-resource "https://support.mozilla.org/kb/captive-portal" in "http://detectportal.firefox.com/canonical.html"  	[MsgId: MMSG-26573]
Action.c(4): Error -35196: HTTP Status-Code=429 (Retry With) for "https://support.mozilla.org/kb/captive-portal"  	[MsgId: MERR-35196]
End auto log messages stack.	[MsgId: MMSG-10544]


Start auto log messages stack - Iteration 1229.	[MsgId: MMSG-10545]
Starting action Action.	[MsgId: MMSG-15919]
Action.c(4): web_url("canonical.html") started  	[MsgId: MMSG-26355]
Action.c(4): Detected non-resource "https://support.mozilla.org/kb/captive-portal" in "http://detectportal.firefox.com/canonical.html"  	[MsgId: MMSG-26573]
Action.c(4): Error -35196: HTTP Status-Code=429 (Retry With) for "https://support.mozilla.org/kb/captive-portal"  	[MsgId: MERR-35196]
End auto log messages stack.	[MsgId: MMSG-10544]


Start auto log messages stack - Iteration 1169.	[MsgId: MMSG-10545]
Starting action Action.	[MsgId: MMSG-15919]
Action.c(4): web_url("canonical.html") started  	[MsgId: MMSG-26355]
Action.c(4): Detected non-resource "https://support.mozilla.org/kb/captive-portal" in "http://detectportal.firefox.com/canonical.html"  	[MsgId: MMSG-26573]
Action.c(4): Error -35196: HTTP Status-Code=429 (Retry With) for "https://support.mozilla.org/kb/captive-portal"  	[MsgId: MERR-35196]
End auto log messages stack.	[MsgId: MMSG-10544]


Start auto log messages stack - Iteration 1092.	[MsgId: MMSG-10545]
Starting action Action.	[MsgId: MMSG-15919]
Action.c(4): web_url("canonical.html") started  	[MsgId: MMSG-26355]
Action.c(4): Detected non-resource "https://support.mozilla.org/kb/captive-portal" in "http://detectportal.firefox.com/canonical.html"  	[MsgId: MMSG-26573]
Action.c(4): Error -35196: HTTP Status-Code=429 (Retry With) for "https://support.mozilla.org/kb/captive-portal"  	[MsgId: MERR-35196]
End auto log messages stack.	[MsgId: MMSG-10544]


Start auto log messages stack - Iteration 1082.	[MsgId: MMSG-10545]
Starting action Action.	[MsgId: MMSG-15919]
Action.c(4): web_url("canonical.html") started  	[MsgId: MMSG-26355]
Action.c(4): Detected non-resource "https://support.mozilla.org/kb/captive-portal" in "http://detectportal.firefox.com/canonical.html"  	[MsgId: MMSG-26573]
Action.c(4): Error -35196: HTTP Status-Code=429 (Retry With) for "https://support.mozilla.org/kb/captive-portal"  	[MsgId: MERR-35196]
End auto log messages stack.	[MsgId: MMSG-10544]


Start auto log messages stack - Iteration 1170.	[MsgId: MMSG-10545]
Starting action Action.	[MsgId: MMSG-15919]
Action.c(4): web_url("canonical.html") started  	[MsgId: MMSG-26355]
Action.c(4): Detected non-resource "https://support.mozilla.org/kb/captive-portal" in "http://detectportal.firefox.com/canonical.html"  	[MsgId: MMSG-26573]
Action.c(4): Error -35196: HTTP Status-Code=429 (Retry With) for "https://support.mozilla.org/kb/captive-portal"  	[MsgId: MERR-35196]
End auto log messages stack.	[MsgId: MMSG-10544]


Start auto log messages stack - Iteration 1230.	[MsgId: MMSG-10545]
Starting action Action.	[MsgId: MMSG-15919]
Action.c(4): web_url("canonical.html") started  	[MsgId: MMSG-26355]
Action.c(4): Detected non-resource "https://support.mozilla.org/kb/captive-portal" in "http://detectportal.firefox.com/canonical.html"  	[MsgId: MMSG-26573]
Action.c(4): Error -35196: HTTP Status-Code=429 (Retry With) for "https://support.mozilla.org/kb/captive-portal"  	[MsgId: MERR-35196]
End auto log messages stack.	[MsgId: MMSG-10544]


Start auto log messages stack - Iteration 1093.	[MsgId: MMSG-10545]
Starting action Action.	[MsgId: MMSG-15919]
Action.c(4): web_url("canonical.html") started  	[MsgId: MMSG-26355]
Action.c(4): Detected non-resource "https://support.mozilla.org/kb/captive-portal" in "http://detectportal.firefox.com/canonical.html"  	[MsgId: MMSG-26573]
Action.c(4): Error -35196: HTTP Status-Code=429 (Retry With) for "https://support.mozilla.org/kb/captive-portal"  	[MsgId: MERR-35196]
End auto log messages stack.	[MsgId: MMSG-10544]


Start auto log messages stack - Iteration 1083.	[MsgId: MMSG-10545]
Starting action Action.	[MsgId: MMSG-15919]
Action.c(4): web_url("canonical.html") started  	[MsgId: MMSG-26355]
Action.c(4): Detected non-resource "https://support.mozilla.org/kb/captive-portal" in "http://detectportal.firefox.com/canonical.html"  	[MsgId: MMSG-26573]
Action.c(4): Error -35196: HTTP Status-Code=429 (Retry With) for "https://support.mozilla.org/kb/captive-portal"  	[MsgId: MERR-35196]
End auto log messages stack.	[MsgId: MMSG-10544]


Start auto log messages stack - Iteration 1171.	[MsgId: MMSG-10545]
Starting action Action.	[MsgId: MMSG-15919]
Action.c(4): web_url("canonical.html") started  	[MsgId: MMSG-26355]
Action.c(4): Detected non-resource "https://support.mozilla.org/kb/captive-portal" in "http://detectportal.firefox.com/canonical.html"  	[MsgId: MMSG-26573]
Action.c(4): Error -35196: HTTP Status-Code=429 (Retry With) for "https://support.mozilla.org/kb/captive-portal"  	[MsgId: MERR-35196]
End auto log messages stack.	[MsgId: MMSG-10544]
Start auto log messages stack - Iteration 1231.	[MsgId: MMSG-10545]


Starting action Action.	[MsgId: MMSG-15919]
Action.c(4): web_url("canonical.html") started  	[MsgId: MMSG-26355]
Action.c(4): Detected non-resource "https://support.mozilla.org/kb/captive-portal" in "http://detectportal.firefox.com/canonical.html"  	[MsgId: MMSG-26573]
Action.c(4): Error -35196: HTTP Status-Code=429 (Retry With) for "https://support.mozilla.org/kb/captive-portal"  	[MsgId: MERR-35196]
End auto log messages stack.	[MsgId: MMSG-10544]


Start auto log messages stack - Iteration 1094.	[MsgId: MMSG-10545]
Starting action Action.	[MsgId: MMSG-15919]
Action.c(4): web_url("canonical.html") started  	[MsgId: MMSG-26355]
Action.c(4): Detected non-resource "https://support.mozilla.org/kb/captive-portal" in "http://detectportal.firefox.com/canonical.html"  	[MsgId: MMSG-26573]
Action.c(4): Error -35196: HTTP Status-Code=429 (Retry With) for "https://support.mozilla.org/kb/captive-portal"  	[MsgId: MERR-35196]
End auto log messages stack.	[MsgId: MMSG-10544]


Start auto log messages stack - Iteration 1084.	[MsgId: MMSG-10545]
Starting action Action.	[MsgId: MMSG-15919]
Action.c(4): web_url("canonical.html") started  	[MsgId: MMSG-26355]
Action.c(4): Detected non-resource "https://support.mozilla.org/kb/captive-portal" in "http://detectportal.firefox.com/canonical.html"  	[MsgId: MMSG-26573]
Action.c(4): Error -35196: HTTP Status-Code=429 (Retry With) for "https://support.mozilla.org/kb/captive-portal"  	[MsgId: MERR-35196]
End auto log messages stack.	[MsgId: MMSG-10544]


Start auto log messages stack - Iteration 1095.	[MsgId: MMSG-10545]
Starting action Action.	[MsgId: MMSG-15919]
Action.c(4): web_url("canonical.html") started  	[MsgId: MMSG-26355]
Action.c(4): Detected non-resource "https://support.mozilla.org/kb/captive-portal" in "http://detectportal.firefox.com/canonical.html"  	[MsgId: MMSG-26573]
Action.c(4): Error -35196: HTTP Status-Code=429 (Retry With) for "https://support.mozilla.org/kb/captive-portal"  	[MsgId: MERR-35196]
End auto log messages stack.	[MsgId: MMSG-10544]


Start auto log messages stack - Iteration 1085.	[MsgId: MMSG-10545]
Starting action Action.	[MsgId: MMSG-15919]
Action.c(4): web_url("canonical.html") started  	[MsgId: MMSG-26355]
Action.c(4): Detected non-resource "https://support.mozilla.org/kb/captive-portal" in "http://detectportal.firefox.com/canonical.html"  	[MsgId: MMSG-26573]
Action.c(4): Error -35196: HTTP Status-Code=429 (Retry With) for "https://support.mozilla.org/kb/captive-portal"  	[MsgId: MERR-35196]
End auto log messages stack.	[MsgId: MMSG-10544]


Start auto log messages stack - Iteration 1096.	[MsgId: MMSG-10545]
Starting action Action.	[MsgId: MMSG-15919]
Action.c(4): web_url("canonical.html") started  	[MsgId: MMSG-26355]
Action.c(4): Detected non-resource "https://support.mozilla.org/kb/captive-portal" in "http://detectportal.firefox.com/canonical.html"  	[MsgId: MMSG-26573]
Action.c(4): Error -35196: HTTP Status-Code=429 (Retry With) for "https://support.mozilla.org/kb/captive-portal"  	[MsgId: MERR-35196]
End auto log messages stack.	[MsgId: MMSG-10544]


Start auto log messages stack - Iteration 1086.	[MsgId: MMSG-10545]
Starting action Action.	[MsgId: MMSG-15919]
Action.c(4): web_url("canonical.html") started  	[MsgId: MMSG-26355]
Action.c(4): Detected non-resource "https://support.mozilla.org/kb/captive-portal" in "http://detectportal.firefox.com/canonical.html"  	[MsgId: MMSG-26573]
Action.c(4): Error -35196: HTTP Status-Code=429 (Retry With) for "https://support.mozilla.org/kb/captive-portal"  	[MsgId: MERR-35196]
End auto log messages stack.	[MsgId: MMSG-10544]


Start auto log messages stack - Iteration 1097.	[MsgId: MMSG-10545]
Starting action Action.	[MsgId: MMSG-15919]
Action.c(4): web_url("canonical.html") started  	[MsgId: MMSG-26355]
Action.c(4): Detected non-resource "https://support.mozilla.org/kb/captive-portal" in "http://detectportal.firefox.com/canonical.html"  	[MsgId: MMSG-26573]
Action.c(4): Error -35196: HTTP Status-Code=429 (Retry With) for "https://support.mozilla.org/kb/captive-portal"  	[MsgId: MERR-35196]
End auto log messages stack.	[MsgId: MMSG-10544]


Start auto log messages stack - Iteration 1087.	[MsgId: MMSG-10545]
Starting action Action.	[MsgId: MMSG-15919]
Action.c(4): web_url("canonical.html") started  	[MsgId: MMSG-26355]
Action.c(4): Detected non-resource "https://support.mozilla.org/kb/captive-portal" in "http://detectportal.firefox.com/canonical.html"  	[MsgId: MMSG-26573]
Action.c(4): Error -35196: HTTP Status-Code=429 (Retry With) for "https://support.mozilla.org/kb/captive-portal"  	[MsgId: MERR-35196]
End auto log messages stack.	[MsgId: MMSG-10544]


Start auto log messages stack - Iteration 1098.	[MsgId: MMSG-10545]
Starting action Action.	[MsgId: MMSG-15919]
Action.c(4): web_url("canonical.html") started  	[MsgId: MMSG-26355]
Action.c(4): Detected non-resource "https://support.mozilla.org/kb/captive-portal" in "http://detectportal.firefox.com/canonical.html"  	[MsgId: MMSG-26573]
Action.c(4): Error -35196: HTTP Status-Code=429 (Retry With) for "https://support.mozilla.org/kb/captive-portal"  	[MsgId: MERR-35196]
End auto log messages stack.	[MsgId: MMSG-10544]


Start auto log messages stack - Iteration 1088.	[MsgId: MMSG-10545]
Starting action Action.	[MsgId: MMSG-15919]
Action.c(4): web_url("canonical.html") started  	[MsgId: MMSG-26355]
Action.c(4): Detected non-resource "https://support.mozilla.org/kb/captive-portal" in "http://detectportal.firefox.com/canonical.html"  	[MsgId: MMSG-26573]
Action.c(4): Error -35196: HTTP Status-Code=429 (Retry With) for "https://support.mozilla.org/kb/captive-portal"  	[MsgId: MERR-35196]
Start auto log messages stack - Iteration 1099.	[MsgId: MMSG-10545]
Starting action Action.	[MsgId: MMSG-15919]
Action.c(4): web_url("canonical.html") started  	[MsgId: MMSG-26355]
Action.c(4): Detected non-resource "https://support.mozilla.org/kb/captive-portal" in "http://detectportal.firefox.com/canonical.html"  	[MsgId: MMSG-26573]
Action.c(4): Error -35196: HTTP Status-Code=429 (Retry With) for "https://support.mozilla.org/kb/captive-portal"  	[MsgId: MERR-35196]
End auto log messages stack.	[MsgId: MMSG-10544]
End auto log messages stack.	[MsgId: MMSG-10544]




Start auto log messages stack - Iteration 1089.	[MsgId: MMSG-10545]
Starting action Action.	[MsgId: MMSG-15919]
Action.c(4): web_url("canonical.html") started  	[MsgId: MMSG-26355]
Action.c(4): Detected non-resource "https://support.mozilla.org/kb/captive-portal" in "http://detectportal.firefox.com/canonical.html"  	[MsgId: MMSG-26573]
Action.c(4): Error -35196: HTTP Status-Code=429 (Retry With) for "https://support.mozilla.org/kb/captive-portal"  	[MsgId: MERR-35196]
End auto log messages stack.	[MsgId: MMSG-10544]


Start auto log messages stack - Iteration 1100.	[MsgId: MMSG-10545]
Starting action Action.	[MsgId: MMSG-15919]
Action.c(4): web_url("canonical.html") started  	[MsgId: MMSG-26355]
Action.c(4): Detected non-resource "https://support.mozilla.org/kb/captive-portal" in "http://detectportal.firefox.com/canonical.html"  	[MsgId: MMSG-26573]
Action.c(4): Error -35196: HTTP Status-Code=429 (Retry With) for "https://support.mozilla.org/kb/captive-portal"  	[MsgId: MERR-35196]
End auto log messages stack.	[MsgId: MMSG-10544]


Start auto log messages stack - Iteration 1090.	[MsgId: MMSG-10545]
Starting action Action.	[MsgId: MMSG-15919]
Action.c(4): web_url("canonical.html") started  	[MsgId: MMSG-26355]
Action.c(4): Detected non-resource "https://support.mozilla.org/kb/captive-portal" in "http://detectportal.firefox.com/canonical.html"  	[MsgId: MMSG-26573]
Start auto log messages stack - Iteration 1101.	[MsgId: MMSG-10545]
Starting action Action.	[MsgId: MMSG-15919]
Action.c(4): web_url("canonical.html") started  	[MsgId: MMSG-26355]
Action.c(4): Detected non-resource "https://support.mozilla.org/kb/captive-portal" in "http://detectportal.firefox.com/canonical.html"  	[MsgId: MMSG-26573]
Action.c(4): Error -35196: HTTP Status-Code=429 (Retry With) for "https://support.mozilla.org/kb/captive-portal"  	[MsgId: MERR-35196]
Action.c(4): Error -35196: HTTP Status-Code=429 (Retry With) for "https://support.mozilla.org/kb/captive-portal"  	[MsgId: MERR-35196]
End auto log messages stack.	[MsgId: MMSG-10544]


End auto log messages stack.	[MsgId: MMSG-10544]


Start auto log messages stack - Iteration 1091.	[MsgId: MMSG-10545]
Starting action Action.	[MsgId: MMSG-15919]
Action.c(4): web_url("canonical.html") started  	[MsgId: MMSG-26355]
Action.c(4): Detected non-resource "https://support.mozilla.org/kb/captive-portal" in "http://detectportal.firefox.com/canonical.html"  	[MsgId: MMSG-26573]
Action.c(4): Error -35196: HTTP Status-Code=429 (Retry With) for "https://support.mozilla.org/kb/captive-portal"  	[MsgId: MERR-35196]
End auto log messages stack.	[MsgId: MMSG-10544]


Start auto log messages stack - Iteration 1102.	[MsgId: MMSG-10545]
Starting action Action.	[MsgId: MMSG-15919]
Action.c(4): web_url("canonical.html") started  	[MsgId: MMSG-26355]
Action.c(4): Detected non-resource "https://support.mozilla.org/kb/captive-portal" in "http://detectportal.firefox.com/canonical.html"  	[MsgId: MMSG-26573]
Action.c(4): Error -35196: HTTP Status-Code=429 (Retry With) for "https://support.mozilla.org/kb/captive-portal"  	[MsgId: MERR-35196]
End auto log messages stack.	[MsgId: MMSG-10544]


Start auto log messages stack - Iteration 1092.	[MsgId: MMSG-10545]
Starting action Action.	[MsgId: MMSG-15919]
Action.c(4): web_url("canonical.html") started  	[MsgId: MMSG-26355]
Action.c(4): Detected non-resource "https://support.mozilla.org/kb/captive-portal" in "http://detectportal.firefox.com/canonical.html"  	[MsgId: MMSG-26573]
Action.c(4): Error -35196: HTTP Status-Code=429 (Retry With) for "https://support.mozilla.org/kb/captive-portal"  	[MsgId: MERR-35196]
End auto log messages stack.	[MsgId: MMSG-10544]


Start auto log messages stack - Iteration 1103.	[MsgId: MMSG-10545]
Starting action Action.	[MsgId: MMSG-15919]
Action.c(4): web_url("canonical.html") started  	[MsgId: MMSG-26355]
Action.c(4): Detected non-resource "https://support.mozilla.org/kb/captive-portal" in "http://detectportal.firefox.com/canonical.html"  	[MsgId: MMSG-26573]
Action.c(4): Error -35196: HTTP Status-Code=429 (Retry With) for "https://support.mozilla.org/kb/captive-portal"  	[MsgId: MERR-35196]
End auto log messages stack.	[MsgId: MMSG-10544]


Start auto log messages stack - Iteration 1093.	[MsgId: MMSG-10545]
Starting action Action.	[MsgId: MMSG-15919]
Action.c(4): web_url("canonical.html") started  	[MsgId: MMSG-26355]
Action.c(4): Detected non-resource "https://support.mozilla.org/kb/captive-portal" in "http://detectportal.firefox.com/canonical.html"  	[MsgId: MMSG-26573]
Action.c(4): Error -35196: HTTP Status-Code=429 (Retry With) for "https://support.mozilla.org/kb/captive-portal"  	[MsgId: MERR-35196]
End auto log messages stack.	[MsgId: MMSG-10544]


Start auto log messages stack - Iteration 1104.	[MsgId: MMSG-10545]
Starting action Action.	[MsgId: MMSG-15919]
Action.c(4): web_url("canonical.html") started  	[MsgId: MMSG-26355]
Action.c(4): Detected non-resource "https://support.mozilla.org/kb/captive-portal" in "http://detectportal.firefox.com/canonical.html"  	[MsgId: MMSG-26573]
Action.c(4): Error -35196: HTTP Status-Code=429 (Retry With) for "https://support.mozilla.org/kb/captive-portal"  	[MsgId: MERR-35196]
End auto log messages stack.	[MsgId: MMSG-10544]


Start auto log messages stack - Iteration 1094.	[MsgId: MMSG-10545]
Starting action Action.	[MsgId: MMSG-15919]
Action.c(4): web_url("canonical.html") started  	[MsgId: MMSG-26355]
Action.c(4): Detected non-resource "https://support.mozilla.org/kb/captive-portal" in "http://detectportal.firefox.com/canonical.html"  	[MsgId: MMSG-26573]
Action.c(4): Error -35196: HTTP Status-Code=429 (Retry With) for "https://support.mozilla.org/kb/captive-portal"  	[MsgId: MERR-35196]
End auto log messages stack.	[MsgId: MMSG-10544]


Start auto log messages stack - Iteration 1105.	[MsgId: MMSG-10545]
Starting action Action.	[MsgId: MMSG-15919]
Action.c(4): web_url("canonical.html") started  	[MsgId: MMSG-26355]
Action.c(4): Detected non-resource "https://support.mozilla.org/kb/captive-portal" in "http://detectportal.firefox.com/canonical.html"  	[MsgId: MMSG-26573]
Action.c(4): Error -35196: HTTP Status-Code=429 (Retry With) for "https://support.mozilla.org/kb/captive-portal"  	[MsgId: MERR-35196]
End auto log messages stack.	[MsgId: MMSG-10544]


Start auto log messages stack - Iteration 1095.	[MsgId: MMSG-10545]
Starting action Action.	[MsgId: MMSG-15919]
Action.c(4): web_url("canonical.html") started  	[MsgId: MMSG-26355]
Action.c(4): Detected non-resource "https://support.mozilla.org/kb/captive-portal" in "http://detectportal.firefox.com/canonical.html"  	[MsgId: MMSG-26573]
Action.c(4): Error -35196: HTTP Status-Code=429 (Retry With) for "https://support.mozilla.org/kb/captive-portal"  	[MsgId: MERR-35196]
End auto log messages stack.	[MsgId: MMSG-10544]


Start auto log messages stack - Iteration 1106.	[MsgId: MMSG-10545]
Starting action Action.	[MsgId: MMSG-15919]
Action.c(4): web_url("canonical.html") started  	[MsgId: MMSG-26355]
Action.c(4): Detected non-resource "https://support.mozilla.org/kb/captive-portal" in "http://detectportal.firefox.com/canonical.html"  	[MsgId: MMSG-26573]
Action.c(4): Error -35196: HTTP Status-Code=429 (Retry With) for "https://support.mozilla.org/kb/captive-portal"  	[MsgId: MERR-35196]
End auto log messages stack.	[MsgId: MMSG-10544]


Start auto log messages stack - Iteration 1096.	[MsgId: MMSG-10545]
Start auto log messages stack - Iteration 1107.	[MsgId: MMSG-10545]
Starting action Action.	[MsgId: MMSG-15919]
Action.c(4): web_url("canonical.html") started  	[MsgId: MMSG-26355]
Starting action Action.	[MsgId: MMSG-15919]
Action.c(4): Detected non-resource "https://support.mozilla.org/kb/captive-portal" in "http://detectportal.firefox.com/canonical.html"  	[MsgId: MMSG-26573]
Action.c(4): web_url("canonical.html") started  	[MsgId: MMSG-26355]
Action.c(4): Error -35196: HTTP Status-Code=429 (Retry With) for "https://support.mozilla.org/kb/captive-portal"  	[MsgId: MERR-35196]
Action.c(4): Detected non-resource "https://support.mozilla.org/kb/captive-portal" in "http://detectportal.firefox.com/canonical.html"  	[MsgId: MMSG-26573]
Action.c(4): Error -35196: HTTP Status-Code=429 (Retry With) for "https://support.mozilla.org/kb/captive-portal"  	[MsgId: MERR-35196]
End auto log messages stack.	[MsgId: MMSG-10544]
End auto log messages stack.	[MsgId: MMSG-10544]




Start auto log messages stack - Iteration 1097.	[MsgId: MMSG-10545]
Starting action Action.	[MsgId: MMSG-15919]
Action.c(4): web_url("canonical.html") started  	[MsgId: MMSG-26355]
Action.c(4): Detected non-resource "https://support.mozilla.org/kb/captive-portal" in "http://detectportal.firefox.com/canonical.html"  	[MsgId: MMSG-26573]
Action.c(4): Error -35196: HTTP Status-Code=429 (Retry With) for "https://support.mozilla.org/kb/captive-portal"  	[MsgId: MERR-35196]
End auto log messages stack.	[MsgId: MMSG-10544]


Start auto log messages stack - Iteration 1108.	[MsgId: MMSG-10545]
Starting action Action.	[MsgId: MMSG-15919]
Action.c(4): web_url("canonical.html") started  	[MsgId: MMSG-26355]
Action.c(4): Detected non-resource "https://support.mozilla.org/kb/captive-portal" in "http://detectportal.firefox.com/canonical.html"  	[MsgId: MMSG-26573]
Action.c(4): Error -35196: HTTP Status-Code=429 (Retry With) for "https://support.mozilla.org/kb/captive-portal"  	[MsgId: MERR-35196]
End auto log messages stack.	[MsgId: MMSG-10544]


Start auto log messages stack - Iteration 1098.	[MsgId: MMSG-10545]
Starting action Action.	[MsgId: MMSG-15919]
Action.c(4): web_url("canonical.html") started  	[MsgId: MMSG-26355]
Action.c(4): Detected non-resource "https://support.mozilla.org/kb/captive-portal" in "http://detectportal.firefox.com/canonical.html"  	[MsgId: MMSG-26573]
Action.c(4): Error -35196: HTTP Status-Code=429 (Retry With) for "https://support.mozilla.org/kb/captive-portal"  	[MsgId: MERR-35196]
End auto log messages stack.	[MsgId: MMSG-10544]


Start auto log messages stack - Iteration 1109.	[MsgId: MMSG-10545]
Starting action Action.	[MsgId: MMSG-15919]
Action.c(4): web_url("canonical.html") started  	[MsgId: MMSG-26355]
Action.c(4): Detected non-resource "https://support.mozilla.org/kb/captive-portal" in "http://detectportal.firefox.com/canonical.html"  	[MsgId: MMSG-26573]
Action.c(4): Error -35196: HTTP Status-Code=429 (Retry With) for "https://support.mozilla.org/kb/captive-portal"  	[MsgId: MERR-35196]
End auto log messages stack.	[MsgId: MMSG-10544]


Start auto log messages stack - Iteration 1099.	[MsgId: MMSG-10545]
Starting action Action.	[MsgId: MMSG-15919]
Action.c(4): web_url("canonical.html") started  	[MsgId: MMSG-26355]
Action.c(4): Detected non-resource "https://support.mozilla.org/kb/captive-portal" in "http://detectportal.firefox.com/canonical.html"  	[MsgId: MMSG-26573]
Action.c(4): Error -35196: HTTP Status-Code=429 (Retry With) for "https://support.mozilla.org/kb/captive-portal"  	[MsgId: MERR-35196]
End auto log messages stack.	[MsgId: MMSG-10544]


Start auto log messages stack - Iteration 1110.	[MsgId: MMSG-10545]
Starting action Action.	[MsgId: MMSG-15919]
Action.c(4): web_url("canonical.html") started  	[MsgId: MMSG-26355]
Action.c(4): Detected non-resource "https://support.mozilla.org/kb/captive-portal" in "http://detectportal.firefox.com/canonical.html"  	[MsgId: MMSG-26573]
Action.c(4): Error -35196: HTTP Status-Code=429 (Retry With) for "https://support.mozilla.org/kb/captive-portal"  	[MsgId: MERR-35196]
End auto log messages stack.	[MsgId: MMSG-10544]


Start auto log messages stack - Iteration 1100.	[MsgId: MMSG-10545]
Starting action Action.	[MsgId: MMSG-15919]
Action.c(4): web_url("canonical.html") started  	[MsgId: MMSG-26355]
Action.c(4): Detected non-resource "https://support.mozilla.org/kb/captive-portal" in "http://detectportal.firefox.com/canonical.html"  	[MsgId: MMSG-26573]
Action.c(4): Error -35196: HTTP Status-Code=429 (Retry With) for "https://support.mozilla.org/kb/captive-portal"  	[MsgId: MERR-35196]
End auto log messages stack.	[MsgId: MMSG-10544]


Start auto log messages stack - Iteration 1111.	[MsgId: MMSG-10545]
Starting action Action.	[MsgId: MMSG-15919]
Action.c(4): web_url("canonical.html") started  	[MsgId: MMSG-26355]
Action.c(4): Detected non-resource "https://support.mozilla.org/kb/captive-portal" in "http://detectportal.firefox.com/canonical.html"  	[MsgId: MMSG-26573]
Action.c(4): Error -35196: HTTP Status-Code=429 (Retry With) for "https://support.mozilla.org/kb/captive-portal"  	[MsgId: MERR-35196]
End auto log messages stack.	[MsgId: MMSG-10544]


Start auto log messages stack - Iteration 1101.	[MsgId: MMSG-10545]
Starting action Action.	[MsgId: MMSG-15919]
Action.c(4): web_url("canonical.html") started  	[MsgId: MMSG-26355]
Action.c(4): Detected non-resource "https://support.mozilla.org/kb/captive-portal" in "http://detectportal.firefox.com/canonical.html"  	[MsgId: MMSG-26573]
Action.c(4): Error -35196: HTTP Status-Code=429 (Retry With) for "https://support.mozilla.org/kb/captive-portal"  	[MsgId: MERR-35196]
End auto log messages stack.	[MsgId: MMSG-10544]


Start auto log messages stack - Iteration 1112.	[MsgId: MMSG-10545]
Starting action Action.	[MsgId: MMSG-15919]
Action.c(4): web_url("canonical.html") started  	[MsgId: MMSG-26355]
Action.c(4): Detected non-resource "https://support.mozilla.org/kb/captive-portal" in "http://detectportal.firefox.com/canonical.html"  	[MsgId: MMSG-26573]
Action.c(4): Error -35196: HTTP Status-Code=429 (Retry With) for "https://support.mozilla.org/kb/captive-portal"  	[MsgId: MERR-35196]
End auto log messages stack.	[MsgId: MMSG-10544]


Start auto log messages stack - Iteration 1102.	[MsgId: MMSG-10545]
Starting action Action.	[MsgId: MMSG-15919]
Action.c(4): web_url("canonical.html") started  	[MsgId: MMSG-26355]
Action.c(4): Detected non-resource "https://support.mozilla.org/kb/captive-portal" in "http://detectportal.firefox.com/canonical.html"  	[MsgId: MMSG-26573]
Action.c(4): Error -35196: HTTP Status-Code=429 (Retry With) for "https://support.mozilla.org/kb/captive-portal"  	[MsgId: MERR-35196]
End auto log messages stack.	[MsgId: MMSG-10544]


Start auto log messages stack - Iteration 1113.	[MsgId: MMSG-10545]
Starting action Action.	[MsgId: MMSG-15919]
Action.c(4): web_url("canonical.html") started  	[MsgId: MMSG-26355]
Action.c(4): Detected non-resource "https://support.mozilla.org/kb/captive-portal" in "http://detectportal.firefox.com/canonical.html"  	[MsgId: MMSG-26573]
Action.c(4): Error -35196: HTTP Status-Code=429 (Retry With) for "https://support.mozilla.org/kb/captive-portal"  	[MsgId: MERR-35196]
End auto log messages stack.	[MsgId: MMSG-10544]


Start auto log messages stack - Iteration 1103.	[MsgId: MMSG-10545]
Starting action Action.	[MsgId: MMSG-15919]
Action.c(4): web_url("canonical.html") started  	[MsgId: MMSG-26355]
Action.c(4): Detected non-resource "https://support.mozilla.org/kb/captive-portal" in "http://detectportal.firefox.com/canonical.html"  	[MsgId: MMSG-26573]
Action.c(4): Error -35196: HTTP Status-Code=429 (Retry With) for "https://support.mozilla.org/kb/captive-portal"  	[MsgId: MERR-35196]
End auto log messages stack.	[MsgId: MMSG-10544]


Start auto log messages stack - Iteration 1114.	[MsgId: MMSG-10545]
Starting action Action.	[MsgId: MMSG-15919]
Action.c(4): web_url("canonical.html") started  	[MsgId: MMSG-26355]
Action.c(4): Detected non-resource "https://support.mozilla.org/kb/captive-portal" in "http://detectportal.firefox.com/canonical.html"  	[MsgId: MMSG-26573]
Action.c(4): Error -35196: HTTP Status-Code=429 (Retry With) for "https://support.mozilla.org/kb/captive-portal"  	[MsgId: MERR-35196]
End auto log messages stack.	[MsgId: MMSG-10544]


Start auto log messages stack - Iteration 1104.	[MsgId: MMSG-10545]
Starting action Action.	[MsgId: MMSG-15919]
Action.c(4): web_url("canonical.html") started  	[MsgId: MMSG-26355]
Action.c(4): Detected non-resource "https://support.mozilla.org/kb/captive-portal" in "http://detectportal.firefox.com/canonical.html"  	[MsgId: MMSG-26573]
Action.c(4): Error -35196: HTTP Status-Code=429 (Retry With) for "https://support.mozilla.org/kb/captive-portal"  	[MsgId: MERR-35196]
End auto log messages stack.	[MsgId: MMSG-10544]


Start auto log messages stack - Iteration 1115.	[MsgId: MMSG-10545]
Starting action Action.	[MsgId: MMSG-15919]
Action.c(4): web_url("canonical.html") started  	[MsgId: MMSG-26355]
Action.c(4): Detected non-resource "https://support.mozilla.org/kb/captive-portal" in "http://detectportal.firefox.com/canonical.html"  	[MsgId: MMSG-26573]
Action.c(4): Error -35196: HTTP Status-Code=429 (Retry With) for "https://support.mozilla.org/kb/captive-portal"  	[MsgId: MERR-35196]
End auto log messages stack.	[MsgId: MMSG-10544]


Start auto log messages stack - Iteration 1105.	[MsgId: MMSG-10545]
Starting action Action.	[MsgId: MMSG-15919]
Action.c(4): web_url("canonical.html") started  	[MsgId: MMSG-26355]
Action.c(4): Detected non-resource "https://support.mozilla.org/kb/captive-portal" in "http://detectportal.firefox.com/canonical.html"  	[MsgId: MMSG-26573]
Action.c(4): Error -35196: HTTP Status-Code=429 (Retry With) for "https://support.mozilla.org/kb/captive-portal"  	[MsgId: MERR-35196]
End auto log messages stack.	[MsgId: MMSG-10544]


Start auto log messages stack - Iteration 1106.	[MsgId: MMSG-10545]
Starting action Action.	[MsgId: MMSG-15919]
Action.c(4): web_url("canonical.html") started  	[MsgId: MMSG-26355]
Action.c(4): Detected non-resource "https://support.mozilla.org/kb/captive-portal" in "http://detectportal.firefox.com/canonical.html"  	[MsgId: MMSG-26573]
Action.c(4): Error -35196: HTTP Status-Code=429 (Retry With) for "https://support.mozilla.org/kb/captive-portal"  	[MsgId: MERR-35196]
End auto log messages stack.	[MsgId: MMSG-10544]


Start auto log messages stack - Iteration 1116.	[MsgId: MMSG-10545]
Starting action Action.	[MsgId: MMSG-15919]
Action.c(4): web_url("canonical.html") started  	[MsgId: MMSG-26355]
Action.c(4): Detected non-resource "https://support.mozilla.org/kb/captive-portal" in "http://detectportal.firefox.com/canonical.html"  	[MsgId: MMSG-26573]
Action.c(4): Error -35196: HTTP Status-Code=429 (Retry With) for "https://support.mozilla.org/kb/captive-portal"  	[MsgId: MERR-35196]
End auto log messages stack.	[MsgId: MMSG-10544]


Start auto log messages stack - Iteration 1107.	[MsgId: MMSG-10545]
Starting action Action.	[MsgId: MMSG-15919]
Action.c(4): web_url("canonical.html") started  	[MsgId: MMSG-26355]
Action.c(4): Detected non-resource "https://support.mozilla.org/kb/captive-portal" in "http://detectportal.firefox.com/canonical.html"  	[MsgId: MMSG-26573]
Action.c(4): Error -35196: HTTP Status-Code=429 (Retry With) for "https://support.mozilla.org/kb/captive-portal"  	[MsgId: MERR-35196]
End auto log messages stack.	[MsgId: MMSG-10544]


Start auto log messages stack - Iteration 1117.	[MsgId: MMSG-10545]
Starting action Action.	[MsgId: MMSG-15919]
Action.c(4): web_url("canonical.html") started  	[MsgId: MMSG-26355]
Action.c(4): Detected non-resource "https://support.mozilla.org/kb/captive-portal" in "http://detectportal.firefox.com/canonical.html"  	[MsgId: MMSG-26573]
Action.c(4): Error -35196: HTTP Status-Code=429 (Retry With) for "https://support.mozilla.org/kb/captive-portal"  	[MsgId: MERR-35196]
End auto log messages stack.	[MsgId: MMSG-10544]


Start auto log messages stack - Iteration 1108.	[MsgId: MMSG-10545]
Starting action Action.	[MsgId: MMSG-15919]
Action.c(4): web_url("canonical.html") started  	[MsgId: MMSG-26355]
Action.c(4): Detected non-resource "https://support.mozilla.org/kb/captive-portal" in "http://detectportal.firefox.com/canonical.html"  	[MsgId: MMSG-26573]
Action.c(4): Error -35196: HTTP Status-Code=429 (Retry With) for "https://support.mozilla.org/kb/captive-portal"  	[MsgId: MERR-35196]
End auto log messages stack.	[MsgId: MMSG-10544]


Start auto log messages stack - Iteration 1118.	[MsgId: MMSG-10545]
Starting action Action.	[MsgId: MMSG-15919]
Action.c(4): web_url("canonical.html") started  	[MsgId: MMSG-26355]
Action.c(4): Detected non-resource "https://support.mozilla.org/kb/captive-portal" in "http://detectportal.firefox.com/canonical.html"  	[MsgId: MMSG-26573]
Action.c(4): Error -35196: HTTP Status-Code=429 (Retry With) for "https://support.mozilla.org/kb/captive-portal"  	[MsgId: MERR-35196]
End auto log messages stack.	[MsgId: MMSG-10544]


Start auto log messages stack - Iteration 1109.	[MsgId: MMSG-10545]
Starting action Action.	[MsgId: MMSG-15919]
Action.c(4): web_url("canonical.html") started  	[MsgId: MMSG-26355]
Action.c(4): Detected non-resource "https://support.mozilla.org/kb/captive-portal" in "http://detectportal.firefox.com/canonical.html"  	[MsgId: MMSG-26573]
Action.c(4): Error -35196: HTTP Status-Code=429 (Retry With) for "https://support.mozilla.org/kb/captive-portal"  	[MsgId: MERR-35196]
End auto log messages stack.	[MsgId: MMSG-10544]


Start auto log messages stack - Iteration 1119.	[MsgId: MMSG-10545]
Starting action Action.	[MsgId: MMSG-15919]
Action.c(4): web_url("canonical.html") started  	[MsgId: MMSG-26355]
Action.c(4): Detected non-resource "https://support.mozilla.org/kb/captive-portal" in "http://detectportal.firefox.com/canonical.html"  	[MsgId: MMSG-26573]
Action.c(4): Error -35196: HTTP Status-Code=429 (Retry With) for "https://support.mozilla.org/kb/captive-portal"  	[MsgId: MERR-35196]
End auto log messages stack.	[MsgId: MMSG-10544]


Start auto log messages stack - Iteration 1110.	[MsgId: MMSG-10545]
Starting action Action.	[MsgId: MMSG-15919]
Action.c(4): web_url("canonical.html") started  	[MsgId: MMSG-26355]
Action.c(4): Detected non-resource "https://support.mozilla.org/kb/captive-portal" in "http://detectportal.firefox.com/canonical.html"  	[MsgId: MMSG-26573]
Action.c(4): Error -35196: HTTP Status-Code=429 (Retry With) for "https://support.mozilla.org/kb/captive-portal"  	[MsgId: MERR-35196]
End auto log messages stack.	[MsgId: MMSG-10544]


Start auto log messages stack - Iteration 1120.	[MsgId: MMSG-10545]
Starting action Action.	[MsgId: MMSG-15919]
Action.c(4): web_url("canonical.html") started  	[MsgId: MMSG-26355]
Action.c(4): Detected non-resource "https://support.mozilla.org/kb/captive-portal" in "http://detectportal.firefox.com/canonical.html"  	[MsgId: MMSG-26573]
Action.c(4): Error -35196: HTTP Status-Code=429 (Retry With) for "https://support.mozilla.org/kb/captive-portal"  	[MsgId: MERR-35196]
End auto log messages stack.	[MsgId: MMSG-10544]


Start auto log messages stack - Iteration 1111.	[MsgId: MMSG-10545]
Starting action Action.	[MsgId: MMSG-15919]
Action.c(4): web_url("canonical.html") started  	[MsgId: MMSG-26355]
Action.c(4): Detected non-resource "https://support.mozilla.org/kb/captive-portal" in "http://detectportal.firefox.com/canonical.html"  	[MsgId: MMSG-26573]
Action.c(4): Error -35196: HTTP Status-Code=429 (Retry With) for "https://support.mozilla.org/kb/captive-portal"  	[MsgId: MERR-35196]
End auto log messages stack.	[MsgId: MMSG-10544]


Start auto log messages stack - Iteration 1121.	[MsgId: MMSG-10545]
Starting action Action.	[MsgId: MMSG-15919]
Action.c(4): web_url("canonical.html") started  	[MsgId: MMSG-26355]
Action.c(4): Detected non-resource "https://support.mozilla.org/kb/captive-portal" in "http://detectportal.firefox.com/canonical.html"  	[MsgId: MMSG-26573]
Action.c(4): Error -35196: HTTP Status-Code=429 (Retry With) for "https://support.mozilla.org/kb/captive-portal"  	[MsgId: MERR-35196]
End auto log messages stack.	[MsgId: MMSG-10544]


Start auto log messages stack - Iteration 1112.	[MsgId: MMSG-10545]
Starting action Action.	[MsgId: MMSG-15919]
Action.c(4): web_url("canonical.html") started  	[MsgId: MMSG-26355]
Action.c(4): Detected non-resource "https://support.mozilla.org/kb/captive-portal" in "http://detectportal.firefox.com/canonical.html"  	[MsgId: MMSG-26573]
Action.c(4): Error -35196: HTTP Status-Code=429 (Retry With) for "https://support.mozilla.org/kb/captive-portal"  	[MsgId: MERR-35196]
End auto log messages stack.	[MsgId: MMSG-10544]


Start auto log messages stack - Iteration 1122.	[MsgId: MMSG-10545]
Starting action Action.	[MsgId: MMSG-15919]
Action.c(4): web_url("canonical.html") started  	[MsgId: MMSG-26355]
Action.c(4): Detected non-resource "https://support.mozilla.org/kb/captive-portal" in "http://detectportal.firefox.com/canonical.html"  	[MsgId: MMSG-26573]
Action.c(4): Error -35196: HTTP Status-Code=429 (Retry With) for "https://support.mozilla.org/kb/captive-portal"  	[MsgId: MERR-35196]
End auto log messages stack.	[MsgId: MMSG-10544]


Start auto log messages stack - Iteration 1113.	[MsgId: MMSG-10545]
Starting action Action.	[MsgId: MMSG-15919]
Action.c(4): web_url("canonical.html") started  	[MsgId: MMSG-26355]
Action.c(4): Detected non-resource "https://support.mozilla.org/kb/captive-portal" in "http://detectportal.firefox.com/canonical.html"  	[MsgId: MMSG-26573]
Action.c(4): Error -35196: HTTP Status-Code=429 (Retry With) for "https://support.mozilla.org/kb/captive-portal"  	[MsgId: MERR-35196]
End auto log messages stack.	[MsgId: MMSG-10544]


Start auto log messages stack - Iteration 1123.	[MsgId: MMSG-10545]
Starting action Action.	[MsgId: MMSG-15919]
Action.c(4): web_url("canonical.html") started  	[MsgId: MMSG-26355]
Action.c(4): Detected non-resource "https://support.mozilla.org/kb/captive-portal" in "http://detectportal.firefox.com/canonical.html"  	[MsgId: MMSG-26573]
Action.c(4): Error -35196: HTTP Status-Code=429 (Retry With) for "https://support.mozilla.org/kb/captive-portal"  	[MsgId: MERR-35196]
End auto log messages stack.	[MsgId: MMSG-10544]


Start auto log messages stack - Iteration 1114.	[MsgId: MMSG-10545]
Starting action Action.	[MsgId: MMSG-15919]
Action.c(4): web_url("canonical.html") started  	[MsgId: MMSG-26355]
Action.c(4): Detected non-resource "https://support.mozilla.org/kb/captive-portal" in "http://detectportal.firefox.com/canonical.html"  	[MsgId: MMSG-26573]
Action.c(4): Error -35196: HTTP Status-Code=429 (Retry With) for "https://support.mozilla.org/kb/captive-portal"  	[MsgId: MERR-35196]
End auto log messages stack.	[MsgId: MMSG-10544]


Start auto log messages stack - Iteration 1124.	[MsgId: MMSG-10545]
Starting action Action.	[MsgId: MMSG-15919]
Action.c(4): web_url("canonical.html") started  	[MsgId: MMSG-26355]
Action.c(4): Detected non-resource "https://support.mozilla.org/kb/captive-portal" in "http://detectportal.firefox.com/canonical.html"  	[MsgId: MMSG-26573]
Action.c(4): Error -35196: HTTP Status-Code=429 (Retry With) for "https://support.mozilla.org/kb/captive-portal"  	[MsgId: MERR-35196]
End auto log messages stack.	[MsgId: MMSG-10544]


Start auto log messages stack - Iteration 1115.	[MsgId: MMSG-10545]
Starting action Action.	[MsgId: MMSG-15919]
Action.c(4): web_url("canonical.html") started  	[MsgId: MMSG-26355]
Action.c(4): Detected non-resource "https://support.mozilla.org/kb/captive-portal" in "http://detectportal.firefox.com/canonical.html"  	[MsgId: MMSG-26573]
Action.c(4): Error -35196: HTTP Status-Code=429 (Retry With) for "https://support.mozilla.org/kb/captive-portal"  	[MsgId: MERR-35196]
End auto log messages stack.	[MsgId: MMSG-10544]


Start auto log messages stack - Iteration 1125.	[MsgId: MMSG-10545]
Starting action Action.	[MsgId: MMSG-15919]
Action.c(4): web_url("canonical.html") started  	[MsgId: MMSG-26355]
Action.c(4): Detected non-resource "https://support.mozilla.org/kb/captive-portal" in "http://detectportal.firefox.com/canonical.html"  	[MsgId: MMSG-26573]
Action.c(4): Error -35196: HTTP Status-Code=429 (Retry With) for "https://support.mozilla.org/kb/captive-portal"  	[MsgId: MERR-35196]
End auto log messages stack.	[MsgId: MMSG-10544]


Start auto log messages stack - Iteration 1116.	[MsgId: MMSG-10545]
Starting action Action.	[MsgId: MMSG-15919]
Action.c(4): web_url("canonical.html") started  	[MsgId: MMSG-26355]
Action.c(4): Detected non-resource "https://support.mozilla.org/kb/captive-portal" in "http://detectportal.firefox.com/canonical.html"  	[MsgId: MMSG-26573]
Action.c(4): Error -35196: HTTP Status-Code=429 (Retry With) for "https://support.mozilla.org/kb/captive-portal"  	[MsgId: MERR-35196]
End auto log messages stack.	[MsgId: MMSG-10544]


Start auto log messages stack - Iteration 1126.	[MsgId: MMSG-10545]
Starting action Action.	[MsgId: MMSG-15919]
Action.c(4): web_url("canonical.html") started  	[MsgId: MMSG-26355]
Action.c(4): Detected non-resource "https://support.mozilla.org/kb/captive-portal" in "http://detectportal.firefox.com/canonical.html"  	[MsgId: MMSG-26573]
Action.c(4): Error -35196: HTTP Status-Code=429 (Retry With) for "https://support.mozilla.org/kb/captive-portal"  	[MsgId: MERR-35196]
End auto log messages stack.	[MsgId: MMSG-10544]


Start auto log messages stack - Iteration 1117.	[MsgId: MMSG-10545]
Starting action Action.	[MsgId: MMSG-15919]
Action.c(4): web_url("canonical.html") started  	[MsgId: MMSG-26355]
Action.c(4): Detected non-resource "https://support.mozilla.org/kb/captive-portal" in "http://detectportal.firefox.com/canonical.html"  	[MsgId: MMSG-26573]
Action.c(4): Error -35196: HTTP Status-Code=429 (Retry With) for "https://support.mozilla.org/kb/captive-portal"  	[MsgId: MERR-35196]
End auto log messages stack.	[MsgId: MMSG-10544]


Start auto log messages stack - Iteration 1127.	[MsgId: MMSG-10545]
Starting action Action.	[MsgId: MMSG-15919]
Action.c(4): web_url("canonical.html") started  	[MsgId: MMSG-26355]
Action.c(4): Detected non-resource "https://support.mozilla.org/kb/captive-portal" in "http://detectportal.firefox.com/canonical.html"  	[MsgId: MMSG-26573]
Action.c(4): Error -35196: HTTP Status-Code=429 (Retry With) for "https://support.mozilla.org/kb/captive-portal"  	[MsgId: MERR-35196]
End auto log messages stack.	[MsgId: MMSG-10544]


Start auto log messages stack - Iteration 1118.	[MsgId: MMSG-10545]
Starting action Action.	[MsgId: MMSG-15919]
Action.c(4): web_url("canonical.html") started  	[MsgId: MMSG-26355]
Action.c(4): Detected non-resource "https://support.mozilla.org/kb/captive-portal" in "http://detectportal.firefox.com/canonical.html"  	[MsgId: MMSG-26573]
Action.c(4): Error -35196: HTTP Status-Code=429 (Retry With) for "https://support.mozilla.org/kb/captive-portal"  	[MsgId: MERR-35196]
End auto log messages stack.	[MsgId: MMSG-10544]


Start auto log messages stack - Iteration 1128.	[MsgId: MMSG-10545]
Starting action Action.	[MsgId: MMSG-15919]
Action.c(4): web_url("canonical.html") started  	[MsgId: MMSG-26355]
Action.c(4): Detected non-resource "https://support.mozilla.org/kb/captive-portal" in "http://detectportal.firefox.com/canonical.html"  	[MsgId: MMSG-26573]
Action.c(4): Error -35196: HTTP Status-Code=429 (Retry With) for "https://support.mozilla.org/kb/captive-portal"  	[MsgId: MERR-35196]
End auto log messages stack.	[MsgId: MMSG-10544]


Start auto log messages stack - Iteration 1119.	[MsgId: MMSG-10545]
Starting action Action.	[MsgId: MMSG-15919]
Action.c(4): web_url("canonical.html") started  	[MsgId: MMSG-26355]
Action.c(4): Detected non-resource "https://support.mozilla.org/kb/captive-portal" in "http://detectportal.firefox.com/canonical.html"  	[MsgId: MMSG-26573]
Action.c(4): Error -35196: HTTP Status-Code=429 (Retry With) for "https://support.mozilla.org/kb/captive-portal"  	[MsgId: MERR-35196]
End auto log messages stack.	[MsgId: MMSG-10544]


Start auto log messages stack - Iteration 1129.	[MsgId: MMSG-10545]
Starting action Action.	[MsgId: MMSG-15919]
Action.c(4): web_url("canonical.html") started  	[MsgId: MMSG-26355]
Action.c(4): Detected non-resource "https://support.mozilla.org/kb/captive-portal" in "http://detectportal.firefox.com/canonical.html"  	[MsgId: MMSG-26573]
Action.c(4): Error -35196: HTTP Status-Code=429 (Retry With) for "https://support.mozilla.org/kb/captive-portal"  	[MsgId: MERR-35196]
End auto log messages stack.	[MsgId: MMSG-10544]


Start auto log messages stack - Iteration 1120.	[MsgId: MMSG-10545]
Starting action Action.	[MsgId: MMSG-15919]
Action.c(4): web_url("canonical.html") started  	[MsgId: MMSG-26355]
Action.c(4): Detected non-resource "https://support.mozilla.org/kb/captive-portal" in "http://detectportal.firefox.com/canonical.html"  	[MsgId: MMSG-26573]
Action.c(4): Error -35196: HTTP Status-Code=429 (Retry With) for "https://support.mozilla.org/kb/captive-portal"  	[MsgId: MERR-35196]
End auto log messages stack.	[MsgId: MMSG-10544]


Start auto log messages stack - Iteration 1130.	[MsgId: MMSG-10545]
Starting action Action.	[MsgId: MMSG-15919]
Action.c(4): web_url("canonical.html") started  	[MsgId: MMSG-26355]
Action.c(4): Detected non-resource "https://support.mozilla.org/kb/captive-portal" in "http://detectportal.firefox.com/canonical.html"  	[MsgId: MMSG-26573]
Action.c(4): Error -35196: HTTP Status-Code=429 (Retry With) for "https://support.mozilla.org/kb/captive-portal"  	[MsgId: MERR-35196]
End auto log messages stack.	[MsgId: MMSG-10544]


Start auto log messages stack - Iteration 1121.	[MsgId: MMSG-10545]
Starting action Action.	[MsgId: MMSG-15919]
Action.c(4): web_url("canonical.html") started  	[MsgId: MMSG-26355]
Action.c(4): Detected non-resource "https://support.mozilla.org/kb/captive-portal" in "http://detectportal.firefox.com/canonical.html"  	[MsgId: MMSG-26573]
Action.c(4): Error -35196: HTTP Status-Code=429 (Retry With) for "https://support.mozilla.org/kb/captive-portal"  	[MsgId: MERR-35196]
End auto log messages stack.	[MsgId: MMSG-10544]


Start auto log messages stack - Iteration 1131.	[MsgId: MMSG-10545]
Starting action Action.	[MsgId: MMSG-15919]
Action.c(4): web_url("canonical.html") started  	[MsgId: MMSG-26355]
Action.c(4): Detected non-resource "https://support.mozilla.org/kb/captive-portal" in "http://detectportal.firefox.com/canonical.html"  	[MsgId: MMSG-26573]
Action.c(4): Error -35196: HTTP Status-Code=429 (Retry With) for "https://support.mozilla.org/kb/captive-portal"  	[MsgId: MERR-35196]
End auto log messages stack.	[MsgId: MMSG-10544]


Start auto log messages stack - Iteration 1122.	[MsgId: MMSG-10545]
Starting action Action.	[MsgId: MMSG-15919]
Action.c(4): web_url("canonical.html") started  	[MsgId: MMSG-26355]
Action.c(4): Detected non-resource "https://support.mozilla.org/kb/captive-portal" in "http://detectportal.firefox.com/canonical.html"  	[MsgId: MMSG-26573]
Action.c(4): Error -35196: HTTP Status-Code=429 (Retry With) for "https://support.mozilla.org/kb/captive-portal"  	[MsgId: MERR-35196]
End auto log messages stack.	[MsgId: MMSG-10544]


Start auto log messages stack - Iteration 1132.	[MsgId: MMSG-10545]
Starting action Action.	[MsgId: MMSG-15919]
Action.c(4): web_url("canonical.html") started  	[MsgId: MMSG-26355]
Action.c(4): Detected non-resource "https://support.mozilla.org/kb/captive-portal" in "http://detectportal.firefox.com/canonical.html"  	[MsgId: MMSG-26573]
Action.c(4): Error -35196: HTTP Status-Code=429 (Retry With) for "https://support.mozilla.org/kb/captive-portal"  	[MsgId: MERR-35196]
End auto log messages stack.	[MsgId: MMSG-10544]


Start auto log messages stack - Iteration 1123.	[MsgId: MMSG-10545]
Starting action Action.	[MsgId: MMSG-15919]
Action.c(4): web_url("canonical.html") started  	[MsgId: MMSG-26355]
Action.c(4): Detected non-resource "https://support.mozilla.org/kb/captive-portal" in "http://detectportal.firefox.com/canonical.html"  	[MsgId: MMSG-26573]
Action.c(4): Error -35196: HTTP Status-Code=429 (Retry With) for "https://support.mozilla.org/kb/captive-portal"  	[MsgId: MERR-35196]
End auto log messages stack.	[MsgId: MMSG-10544]


Start auto log messages stack - Iteration 1133.	[MsgId: MMSG-10545]
Starting action Action.	[MsgId: MMSG-15919]
Action.c(4): web_url("canonical.html") started  	[MsgId: MMSG-26355]
Action.c(4): Detected non-resource "https://support.mozilla.org/kb/captive-portal" in "http://detectportal.firefox.com/canonical.html"  	[MsgId: MMSG-26573]
Action.c(4): Error -35196: HTTP Status-Code=429 (Retry With) for "https://support.mozilla.org/kb/captive-portal"  	[MsgId: MERR-35196]
End auto log messages stack.	[MsgId: MMSG-10544]


Start auto log messages stack - Iteration 1124.	[MsgId: MMSG-10545]
Starting action Action.	[MsgId: MMSG-15919]
Action.c(4): web_url("canonical.html") started  	[MsgId: MMSG-26355]
Action.c(4): Detected non-resource "https://support.mozilla.org/kb/captive-portal" in "http://detectportal.firefox.com/canonical.html"  	[MsgId: MMSG-26573]
Action.c(4): Error -35196: HTTP Status-Code=429 (Retry With) for "https://support.mozilla.org/kb/captive-portal"  	[MsgId: MERR-35196]
End auto log messages stack.	[MsgId: MMSG-10544]


Start auto log messages stack - Iteration 1134.	[MsgId: MMSG-10545]
Starting action Action.	[MsgId: MMSG-15919]
Action.c(4): web_url("canonical.html") started  	[MsgId: MMSG-26355]
Action.c(4): Detected non-resource "https://support.mozilla.org/kb/captive-portal" in "http://detectportal.firefox.com/canonical.html"  	[MsgId: MMSG-26573]
Action.c(4): Error -35196: HTTP Status-Code=429 (Retry With) for "https://support.mozilla.org/kb/captive-portal"  	[MsgId: MERR-35196]
End auto log messages stack.	[MsgId: MMSG-10544]


Start auto log messages stack - Iteration 1125.	[MsgId: MMSG-10545]
Starting action Action.	[MsgId: MMSG-15919]
Action.c(4): web_url("canonical.html") started  	[MsgId: MMSG-26355]
Action.c(4): Detected non-resource "https://support.mozilla.org/kb/captive-portal" in "http://detectportal.firefox.com/canonical.html"  	[MsgId: MMSG-26573]
Action.c(4): Error -35196: HTTP Status-Code=429 (Retry With) for "https://support.mozilla.org/kb/captive-portal"  	[MsgId: MERR-35196]
End auto log messages stack.	[MsgId: MMSG-10544]


Start auto log messages stack - Iteration 1135.	[MsgId: MMSG-10545]
Starting action Action.	[MsgId: MMSG-15919]
Action.c(4): web_url("canonical.html") started  	[MsgId: MMSG-26355]
Action.c(4): Detected non-resource "https://support.mozilla.org/kb/captive-portal" in "http://detectportal.firefox.com/canonical.html"  	[MsgId: MMSG-26573]
Action.c(4): Error -35196: HTTP Status-Code=429 (Retry With) for "https://support.mozilla.org/kb/captive-portal"  	[MsgId: MERR-35196]
End auto log messages stack.	[MsgId: MMSG-10544]


Start auto log messages stack - Iteration 1126.	[MsgId: MMSG-10545]
Starting action Action.	[MsgId: MMSG-15919]
Action.c(4): web_url("canonical.html") started  	[MsgId: MMSG-26355]
Action.c(4): Detected non-resource "https://support.mozilla.org/kb/captive-portal" in "http://detectportal.firefox.com/canonical.html"  	[MsgId: MMSG-26573]
Action.c(4): Error -35196: HTTP Status-Code=429 (Retry With) for "https://support.mozilla.org/kb/captive-portal"  	[MsgId: MERR-35196]
End auto log messages stack.	[MsgId: MMSG-10544]


Start auto log messages stack - Iteration 1127.	[MsgId: MMSG-10545]
Starting action Action.	[MsgId: MMSG-15919]
Action.c(4): web_url("canonical.html") started  	[MsgId: MMSG-26355]
Action.c(4): Detected non-resource "https://support.mozilla.org/kb/captive-portal" in "http://detectportal.firefox.com/canonical.html"  	[MsgId: MMSG-26573]
Action.c(4): Error -35196: HTTP Status-Code=429 (Retry With) for "https://support.mozilla.org/kb/captive-portal"  	[MsgId: MERR-35196]
End auto log messages stack.	[MsgId: MMSG-10544]


Start auto log messages stack - Iteration 1136.	[MsgId: MMSG-10545]
Starting action Action.	[MsgId: MMSG-15919]
Action.c(4): web_url("canonical.html") started  	[MsgId: MMSG-26355]
Action.c(4): Detected non-resource "https://support.mozilla.org/kb/captive-portal" in "http://detectportal.firefox.com/canonical.html"  	[MsgId: MMSG-26573]
Action.c(4): Error -35196: HTTP Status-Code=429 (Retry With) for "https://support.mozilla.org/kb/captive-portal"  	[MsgId: MERR-35196]
End auto log messages stack.	[MsgId: MMSG-10544]


Start auto log messages stack - Iteration 1137.	[MsgId: MMSG-10545]
Start auto log messages stack - Iteration 1128.	[MsgId: MMSG-10545]
Starting action Action.	[MsgId: MMSG-15919]
Starting action Action.	[MsgId: MMSG-15919]
Action.c(4): web_url("canonical.html") started  	[MsgId: MMSG-26355]
Action.c(4): web_url("canonical.html") started  	[MsgId: MMSG-26355]
Action.c(4): Detected non-resource "https://support.mozilla.org/kb/captive-portal" in "http://detectportal.firefox.com/canonical.html"  	[MsgId: MMSG-26573]
Action.c(4): Error -35196: HTTP Status-Code=429 (Retry With) for "https://support.mozilla.org/kb/captive-portal"  	[MsgId: MERR-35196]
Action.c(4): Detected non-resource "https://support.mozilla.org/kb/captive-portal" in "http://detectportal.firefox.com/canonical.html"  	[MsgId: MMSG-26573]
Action.c(4): Error -35196: HTTP Status-Code=429 (Retry With) for "https://support.mozilla.org/kb/captive-portal"  	[MsgId: MERR-35196]
End auto log messages stack.	[MsgId: MMSG-10544]
End auto log messages stack.	[MsgId: MMSG-10544]




Start auto log messages stack - Iteration 1138.	[MsgId: MMSG-10545]
Starting action Action.	[MsgId: MMSG-15919]
Action.c(4): web_url("canonical.html") started  	[MsgId: MMSG-26355]
Action.c(4): Detected non-resource "https://support.mozilla.org/kb/captive-portal" in "http://detectportal.firefox.com/canonical.html"  	[MsgId: MMSG-26573]
Action.c(4): Error -35196: HTTP Status-Code=429 (Retry With) for "https://support.mozilla.org/kb/captive-portal"  	[MsgId: MERR-35196]
Start auto log messages stack - Iteration 1129.	[MsgId: MMSG-10545]
End auto log messages stack.	[MsgId: MMSG-10544]
Starting action Action.	[MsgId: MMSG-15919]


Action.c(4): web_url("canonical.html") started  	[MsgId: MMSG-26355]
Action.c(4): Detected non-resource "https://support.mozilla.org/kb/captive-portal" in "http://detectportal.firefox.com/canonical.html"  	[MsgId: MMSG-26573]
Action.c(4): Error -35196: HTTP Status-Code=429 (Retry With) for "https://support.mozilla.org/kb/captive-portal"  	[MsgId: MERR-35196]
End auto log messages stack.	[MsgId: MMSG-10544]


Start auto log messages stack - Iteration 1130.	[MsgId: MMSG-10545]
Starting action Action.	[MsgId: MMSG-15919]
Action.c(4): web_url("canonical.html") started  	[MsgId: MMSG-26355]
Action.c(4): Detected non-resource "https://support.mozilla.org/kb/captive-portal" in "http://detectportal.firefox.com/canonical.html"  	[MsgId: MMSG-26573]
Action.c(4): Error -35196: HTTP Status-Code=429 (Retry With) for "https://support.mozilla.org/kb/captive-portal"  	[MsgId: MERR-35196]
End auto log messages stack.	[MsgId: MMSG-10544]


Start auto log messages stack - Iteration 1139.	[MsgId: MMSG-10545]
Starting action Action.	[MsgId: MMSG-15919]
Action.c(4): web_url("canonical.html") started  	[MsgId: MMSG-26355]
Action.c(4): Detected non-resource "https://support.mozilla.org/kb/captive-portal" in "http://detectportal.firefox.com/canonical.html"  	[MsgId: MMSG-26573]
Action.c(4): Error -35196: HTTP Status-Code=429 (Retry With) for "https://support.mozilla.org/kb/captive-portal"  	[MsgId: MERR-35196]
End auto log messages stack.	[MsgId: MMSG-10544]


Start auto log messages stack - Iteration 1140.	[MsgId: MMSG-10545]
Start auto log messages stack - Iteration 1131.	[MsgId: MMSG-10545]
Starting action Action.	[MsgId: MMSG-15919]
Action.c(4): web_url("canonical.html") started  	[MsgId: MMSG-26355]
Starting action Action.	[MsgId: MMSG-15919]
Action.c(4): Detected non-resource "https://support.mozilla.org/kb/captive-portal" in "http://detectportal.firefox.com/canonical.html"  	[MsgId: MMSG-26573]
Action.c(4): web_url("canonical.html") started  	[MsgId: MMSG-26355]
Action.c(4): Error -35196: HTTP Status-Code=429 (Retry With) for "https://support.mozilla.org/kb/captive-portal"  	[MsgId: MERR-35196]
Action.c(4): Detected non-resource "https://support.mozilla.org/kb/captive-portal" in "http://detectportal.firefox.com/canonical.html"  	[MsgId: MMSG-26573]
Action.c(4): Error -35196: HTTP Status-Code=429 (Retry With) for "https://support.mozilla.org/kb/captive-portal"  	[MsgId: MERR-35196]
End auto log messages stack.	[MsgId: MMSG-10544]


End auto log messages stack.	[MsgId: MMSG-10544]


Start auto log messages stack - Iteration 1132.	[MsgId: MMSG-10545]
Start auto log messages stack - Iteration 1141.	[MsgId: MMSG-10545]
Starting action Action.	[MsgId: MMSG-15919]
Starting action Action.	[MsgId: MMSG-15919]
Action.c(4): web_url("canonical.html") started  	[MsgId: MMSG-26355]
Action.c(4): web_url("canonical.html") started  	[MsgId: MMSG-26355]
Action.c(4): Detected non-resource "https://support.mozilla.org/kb/captive-portal" in "http://detectportal.firefox.com/canonical.html"  	[MsgId: MMSG-26573]
Action.c(4): Detected non-resource "https://support.mozilla.org/kb/captive-portal" in "http://detectportal.firefox.com/canonical.html"  	[MsgId: MMSG-26573]
Action.c(4): Error -35196: HTTP Status-Code=429 (Retry With) for "https://support.mozilla.org/kb/captive-portal"  	[MsgId: MERR-35196]
Action.c(4): Error -35196: HTTP Status-Code=429 (Retry With) for "https://support.mozilla.org/kb/captive-portal"  	[MsgId: MERR-35196]
End auto log messages stack.	[MsgId: MMSG-10544]
End auto log messages stack.	[MsgId: MMSG-10544]




Start auto log messages stack - Iteration 1133.	[MsgId: MMSG-10545]
Starting action Action.	[MsgId: MMSG-15919]
Action.c(4): web_url("canonical.html") started  	[MsgId: MMSG-26355]
Action.c(4): Detected non-resource "https://support.mozilla.org/kb/captive-portal" in "http://detectportal.firefox.com/canonical.html"  	[MsgId: MMSG-26573]
Action.c(4): Error -35196: HTTP Status-Code=429 (Retry With) for "https://support.mozilla.org/kb/captive-portal"  	[MsgId: MERR-35196]
End auto log messages stack.	[MsgId: MMSG-10544]


Start auto log messages stack - Iteration 1142.	[MsgId: MMSG-10545]
Starting action Action.	[MsgId: MMSG-15919]
Action.c(4): web_url("canonical.html") started  	[MsgId: MMSG-26355]
Action.c(4): Detected non-resource "https://support.mozilla.org/kb/captive-portal" in "http://detectportal.firefox.com/canonical.html"  	[MsgId: MMSG-26573]
Action.c(4): Error -35196: HTTP Status-Code=429 (Retry With) for "https://support.mozilla.org/kb/captive-portal"  	[MsgId: MERR-35196]
End auto log messages stack.	[MsgId: MMSG-10544]


Start auto log messages stack - Iteration 1143.	[MsgId: MMSG-10545]
Starting action Action.	[MsgId: MMSG-15919]
Action.c(4): web_url("canonical.html") started  	[MsgId: MMSG-26355]
Action.c(4): Detected non-resource "https://support.mozilla.org/kb/captive-portal" in "http://detectportal.firefox.com/canonical.html"  	[MsgId: MMSG-26573]
Action.c(4): Error -35196: HTTP Status-Code=429 (Retry With) for "https://support.mozilla.org/kb/captive-portal"  	[MsgId: MERR-35196]
End auto log messages stack.	[MsgId: MMSG-10544]


Start auto log messages stack - Iteration 1134.	[MsgId: MMSG-10545]
Starting action Action.	[MsgId: MMSG-15919]
Action.c(4): web_url("canonical.html") started  	[MsgId: MMSG-26355]
Action.c(4): Detected non-resource "https://support.mozilla.org/kb/captive-portal" in "http://detectportal.firefox.com/canonical.html"  	[MsgId: MMSG-26573]
Action.c(4): Error -35196: HTTP Status-Code=429 (Retry With) for "https://support.mozilla.org/kb/captive-portal"  	[MsgId: MERR-35196]
End auto log messages stack.	[MsgId: MMSG-10544]


Start auto log messages stack - Iteration 1144.	[MsgId: MMSG-10545]
Starting action Action.	[MsgId: MMSG-15919]
Action.c(4): web_url("canonical.html") started  	[MsgId: MMSG-26355]
Action.c(4): Detected non-resource "https://support.mozilla.org/kb/captive-portal" in "http://detectportal.firefox.com/canonical.html"  	[MsgId: MMSG-26573]
Action.c(4): Error -35196: HTTP Status-Code=429 (Retry With) for "https://support.mozilla.org/kb/captive-portal"  	[MsgId: MERR-35196]
End auto log messages stack.	[MsgId: MMSG-10544]


Start auto log messages stack - Iteration 1135.	[MsgId: MMSG-10545]
Starting action Action.	[MsgId: MMSG-15919]
Action.c(4): web_url("canonical.html") started  	[MsgId: MMSG-26355]
Action.c(4): Detected non-resource "https://support.mozilla.org/kb/captive-portal" in "http://detectportal.firefox.com/canonical.html"  	[MsgId: MMSG-26573]
Action.c(4): Error -35196: HTTP Status-Code=429 (Retry With) for "https://support.mozilla.org/kb/captive-portal"  	[MsgId: MERR-35196]
End auto log messages stack.	[MsgId: MMSG-10544]


Start auto log messages stack - Iteration 1145.	[MsgId: MMSG-10545]
Starting action Action.	[MsgId: MMSG-15919]
Action.c(4): web_url("canonical.html") started  	[MsgId: MMSG-26355]
Action.c(4): Detected non-resource "https://support.mozilla.org/kb/captive-portal" in "http://detectportal.firefox.com/canonical.html"  	[MsgId: MMSG-26573]
Action.c(4): Error -35196: HTTP Status-Code=429 (Retry With) for "https://support.mozilla.org/kb/captive-portal"  	[MsgId: MERR-35196]
End auto log messages stack.	[MsgId: MMSG-10544]


Start auto log messages stack - Iteration 1136.	[MsgId: MMSG-10545]
Starting action Action.	[MsgId: MMSG-15919]
Action.c(4): web_url("canonical.html") started  	[MsgId: MMSG-26355]
Action.c(4): Detected non-resource "https://support.mozilla.org/kb/captive-portal" in "http://detectportal.firefox.com/canonical.html"  	[MsgId: MMSG-26573]
Action.c(4): Error -35196: HTTP Status-Code=429 (Retry With) for "https://support.mozilla.org/kb/captive-portal"  	[MsgId: MERR-35196]
End auto log messages stack.	[MsgId: MMSG-10544]


Start auto log messages stack - Iteration 1146.	[MsgId: MMSG-10545]
Starting action Action.	[MsgId: MMSG-15919]
Action.c(4): web_url("canonical.html") started  	[MsgId: MMSG-26355]
Action.c(4): Detected non-resource "https://support.mozilla.org/kb/captive-portal" in "http://detectportal.firefox.com/canonical.html"  	[MsgId: MMSG-26573]
Action.c(4): Error -35196: HTTP Status-Code=429 (Retry With) for "https://support.mozilla.org/kb/captive-portal"  	[MsgId: MERR-35196]
End auto log messages stack.	[MsgId: MMSG-10544]


Start auto log messages stack - Iteration 1147.	[MsgId: MMSG-10545]
Starting action Action.	[MsgId: MMSG-15919]
Action.c(4): web_url("canonical.html") started  	[MsgId: MMSG-26355]
Action.c(4): Detected non-resource "https://support.mozilla.org/kb/captive-portal" in "http://detectportal.firefox.com/canonical.html"  	[MsgId: MMSG-26573]
Action.c(4): Error -35196: HTTP Status-Code=429 (Retry With) for "https://support.mozilla.org/kb/captive-portal"  	[MsgId: MERR-35196]
End auto log messages stack.	[MsgId: MMSG-10544]


Start auto log messages stack - Iteration 1148.	[MsgId: MMSG-10545]
Starting action Action.	[MsgId: MMSG-15919]
Action.c(4): web_url("canonical.html") started  	[MsgId: MMSG-26355]
Action.c(4): Detected non-resource "https://support.mozilla.org/kb/captive-portal" in "http://detectportal.firefox.com/canonical.html"  	[MsgId: MMSG-26573]
Action.c(4): Error -35196: HTTP Status-Code=429 (Retry With) for "https://support.mozilla.org/kb/captive-portal"  	[MsgId: MERR-35196]
End auto log messages stack.	[MsgId: MMSG-10544]


Start auto log messages stack - Iteration 1149.	[MsgId: MMSG-10545]
Starting action Action.	[MsgId: MMSG-15919]
Action.c(4): web_url("canonical.html") started  	[MsgId: MMSG-26355]
Action.c(4): Detected non-resource "https://support.mozilla.org/kb/captive-portal" in "http://detectportal.firefox.com/canonical.html"  	[MsgId: MMSG-26573]
Action.c(4): Error -35196: HTTP Status-Code=429 (Retry With) for "https://support.mozilla.org/kb/captive-portal"  	[MsgId: MERR-35196]
End auto log messages stack.	[MsgId: MMSG-10544]


Start auto log messages stack - Iteration 1150.	[MsgId: MMSG-10545]
Starting action Action.	[MsgId: MMSG-15919]
Action.c(4): web_url("canonical.html") started  	[MsgId: MMSG-26355]
Action.c(4): Detected non-resource "https://support.mozilla.org/kb/captive-portal" in "http://detectportal.firefox.com/canonical.html"  	[MsgId: MMSG-26573]
Action.c(4): Error -35196: HTTP Status-Code=429 (Retry With) for "https://support.mozilla.org/kb/captive-portal"  	[MsgId: MERR-35196]
End auto log messages stack.	[MsgId: MMSG-10544]


Start auto log messages stack - Iteration 1151.	[MsgId: MMSG-10545]
Starting action Action.	[MsgId: MMSG-15919]
Action.c(4): web_url("canonical.html") started  	[MsgId: MMSG-26355]
Action.c(4): Detected non-resource "https://support.mozilla.org/kb/captive-portal" in "http://detectportal.firefox.com/canonical.html"  	[MsgId: MMSG-26573]
Action.c(4): Error -35196: HTTP Status-Code=429 (Retry With) for "https://support.mozilla.org/kb/captive-portal"  	[MsgId: MERR-35196]
End auto log messages stack.	[MsgId: MMSG-10544]


Start auto log messages stack - Iteration 1152.	[MsgId: MMSG-10545]
Starting action Action.	[MsgId: MMSG-15919]
Action.c(4): web_url("canonical.html") started  	[MsgId: MMSG-26355]
Action.c(4): Detected non-resource "https://support.mozilla.org/kb/captive-portal" in "http://detectportal.firefox.com/canonical.html"  	[MsgId: MMSG-26573]
Action.c(4): Error -35196: HTTP Status-Code=429 (Retry With) for "https://support.mozilla.org/kb/captive-portal"  	[MsgId: MERR-35196]
End auto log messages stack.	[MsgId: MMSG-10544]


Start auto log messages stack - Iteration 1137.	[MsgId: MMSG-10545]
Starting action Action.	[MsgId: MMSG-15919]
Action.c(4): web_url("canonical.html") started  	[MsgId: MMSG-26355]
Action.c(4): Detected non-resource "https://support.mozilla.org/kb/captive-portal" in "http://detectportal.firefox.com/canonical.html"  	[MsgId: MMSG-26573]
Action.c(4): Error -35196: HTTP Status-Code=429 (Retry With) for "https://support.mozilla.org/kb/captive-portal"  	[MsgId: MERR-35196]
End auto log messages stack.	[MsgId: MMSG-10544]


Start auto log messages stack - Iteration 1153.	[MsgId: MMSG-10545]
Starting action Action.	[MsgId: MMSG-15919]
Action.c(4): web_url("canonical.html") started  	[MsgId: MMSG-26355]
Action.c(4): Detected non-resource "https://support.mozilla.org/kb/captive-portal" in "http://detectportal.firefox.com/canonical.html"  	[MsgId: MMSG-26573]
Action.c(4): Error -35196: HTTP Status-Code=429 (Retry With) for "https://support.mozilla.org/kb/captive-portal"  	[MsgId: MERR-35196]
End auto log messages stack.	[MsgId: MMSG-10544]


Start auto log messages stack - Iteration 1138.	[MsgId: MMSG-10545]
Starting action Action.	[MsgId: MMSG-15919]
Action.c(4): web_url("canonical.html") started  	[MsgId: MMSG-26355]
Action.c(4): Detected non-resource "https://support.mozilla.org/kb/captive-portal" in "http://detectportal.firefox.com/canonical.html"  	[MsgId: MMSG-26573]
Action.c(4): Error -35196: HTTP Status-Code=429 (Retry With) for "https://support.mozilla.org/kb/captive-portal"  	[MsgId: MERR-35196]
End auto log messages stack.	[MsgId: MMSG-10544]


Start auto log messages stack - Iteration 1154.	[MsgId: MMSG-10545]
Starting action Action.	[MsgId: MMSG-15919]
Action.c(4): web_url("canonical.html") started  	[MsgId: MMSG-26355]
Action.c(4): Detected non-resource "https://support.mozilla.org/kb/captive-portal" in "http://detectportal.firefox.com/canonical.html"  	[MsgId: MMSG-26573]
Action.c(4): Error -35196: HTTP Status-Code=429 (Retry With) for "https://support.mozilla.org/kb/captive-portal"  	[MsgId: MERR-35196]
End auto log messages stack.	[MsgId: MMSG-10544]


Start auto log messages stack - Iteration 1139.	[MsgId: MMSG-10545]
Starting action Action.	[MsgId: MMSG-15919]
Action.c(4): web_url("canonical.html") started  	[MsgId: MMSG-26355]
Action.c(4): Detected non-resource "https://support.mozilla.org/kb/captive-portal" in "http://detectportal.firefox.com/canonical.html"  	[MsgId: MMSG-26573]
Action.c(4): Error -35196: HTTP Status-Code=429 (Retry With) for "https://support.mozilla.org/kb/captive-portal"  	[MsgId: MERR-35196]
End auto log messages stack.	[MsgId: MMSG-10544]


Start auto log messages stack - Iteration 1155.	[MsgId: MMSG-10545]
Starting action Action.	[MsgId: MMSG-15919]
Action.c(4): web_url("canonical.html") started  	[MsgId: MMSG-26355]
Action.c(4): Detected non-resource "https://support.mozilla.org/kb/captive-portal" in "http://detectportal.firefox.com/canonical.html"  	[MsgId: MMSG-26573]
Action.c(4): Error -35196: HTTP Status-Code=429 (Retry With) for "https://support.mozilla.org/kb/captive-portal"  	[MsgId: MERR-35196]
End auto log messages stack.	[MsgId: MMSG-10544]


Start auto log messages stack - Iteration 1140.	[MsgId: MMSG-10545]
Starting action Action.	[MsgId: MMSG-15919]
Action.c(4): web_url("canonical.html") started  	[MsgId: MMSG-26355]
Action.c(4): Detected non-resource "https://support.mozilla.org/kb/captive-portal" in "http://detectportal.firefox.com/canonical.html"  	[MsgId: MMSG-26573]
Action.c(4): Error -35196: HTTP Status-Code=429 (Retry With) for "https://support.mozilla.org/kb/captive-portal"  	[MsgId: MERR-35196]
End auto log messages stack.	[MsgId: MMSG-10544]


Start auto log messages stack - Iteration 1156.	[MsgId: MMSG-10545]
Starting action Action.	[MsgId: MMSG-15919]
Action.c(4): web_url("canonical.html") started  	[MsgId: MMSG-26355]
Action.c(4): Detected non-resource "https://support.mozilla.org/kb/captive-portal" in "http://detectportal.firefox.com/canonical.html"  	[MsgId: MMSG-26573]
Action.c(4): Error -35196: HTTP Status-Code=429 (Retry With) for "https://support.mozilla.org/kb/captive-portal"  	[MsgId: MERR-35196]
End auto log messages stack.	[MsgId: MMSG-10544]


Start auto log messages stack - Iteration 1157.	[MsgId: MMSG-10545]
Starting action Action.	[MsgId: MMSG-15919]
Action.c(4): web_url("canonical.html") started  	[MsgId: MMSG-26355]
Action.c(4): Detected non-resource "https://support.mozilla.org/kb/captive-portal" in "http://detectportal.firefox.com/canonical.html"  	[MsgId: MMSG-26573]
Action.c(4): Error -35196: HTTP Status-Code=429 (Retry With) for "https://support.mozilla.org/kb/captive-portal"  	[MsgId: MERR-35196]
End auto log messages stack.	[MsgId: MMSG-10544]


Start auto log messages stack - Iteration 1158.	[MsgId: MMSG-10545]
Starting action Action.	[MsgId: MMSG-15919]
Action.c(4): web_url("canonical.html") started  	[MsgId: MMSG-26355]
Action.c(4): Detected non-resource "https://support.mozilla.org/kb/captive-portal" in "http://detectportal.firefox.com/canonical.html"  	[MsgId: MMSG-26573]
Action.c(4): Error -35196: HTTP Status-Code=429 (Retry With) for "https://support.mozilla.org/kb/captive-portal"  	[MsgId: MERR-35196]
End auto log messages stack.	[MsgId: MMSG-10544]


Start auto log messages stack - Iteration 1141.	[MsgId: MMSG-10545]
Starting action Action.	[MsgId: MMSG-15919]
Action.c(4): web_url("canonical.html") started  	[MsgId: MMSG-26355]
Action.c(4): Detected non-resource "https://support.mozilla.org/kb/captive-portal" in "http://detectportal.firefox.com/canonical.html"  	[MsgId: MMSG-26573]
Action.c(4): Error -35196: HTTP Status-Code=429 (Retry With) for "https://support.mozilla.org/kb/captive-portal"  	[MsgId: MERR-35196]
End auto log messages stack.	[MsgId: MMSG-10544]


Start auto log messages stack - Iteration 1159.	[MsgId: MMSG-10545]
Starting action Action.	[MsgId: MMSG-15919]
Action.c(4): web_url("canonical.html") started  	[MsgId: MMSG-26355]
Action.c(4): Detected non-resource "https://support.mozilla.org/kb/captive-portal" in "http://detectportal.firefox.com/canonical.html"  	[MsgId: MMSG-26573]
Action.c(4): Error -35196: HTTP Status-Code=429 (Retry With) for "https://support.mozilla.org/kb/captive-portal"  	[MsgId: MERR-35196]
End auto log messages stack.	[MsgId: MMSG-10544]


Start auto log messages stack - Iteration 1142.	[MsgId: MMSG-10545]
Starting action Action.	[MsgId: MMSG-15919]
Action.c(4): web_url("canonical.html") started  	[MsgId: MMSG-26355]
Action.c(4): Detected non-resource "https://support.mozilla.org/kb/captive-portal" in "http://detectportal.firefox.com/canonical.html"  	[MsgId: MMSG-26573]
Action.c(4): Error -35196: HTTP Status-Code=429 (Retry With) for "https://support.mozilla.org/kb/captive-portal"  	[MsgId: MERR-35196]
End auto log messages stack.	[MsgId: MMSG-10544]


Start auto log messages stack - Iteration 1160.	[MsgId: MMSG-10545]
Starting action Action.	[MsgId: MMSG-15919]
Action.c(4): web_url("canonical.html") started  	[MsgId: MMSG-26355]
Action.c(4): Detected non-resource "https://support.mozilla.org/kb/captive-portal" in "http://detectportal.firefox.com/canonical.html"  	[MsgId: MMSG-26573]
Action.c(4): Error -35196: HTTP Status-Code=429 (Retry With) for "https://support.mozilla.org/kb/captive-portal"  	[MsgId: MERR-35196]
End auto log messages stack.	[MsgId: MMSG-10544]


Start auto log messages stack - Iteration 1143.	[MsgId: MMSG-10545]
Starting action Action.	[MsgId: MMSG-15919]
Action.c(4): web_url("canonical.html") started  	[MsgId: MMSG-26355]
Action.c(4): Detected non-resource "https://support.mozilla.org/kb/captive-portal" in "http://detectportal.firefox.com/canonical.html"  	[MsgId: MMSG-26573]
Action.c(4): Error -35196: HTTP Status-Code=429 (Retry With) for "https://support.mozilla.org/kb/captive-portal"  	[MsgId: MERR-35196]
End auto log messages stack.	[MsgId: MMSG-10544]


Start auto log messages stack - Iteration 1161.	[MsgId: MMSG-10545]
Starting action Action.	[MsgId: MMSG-15919]
Action.c(4): web_url("canonical.html") started  	[MsgId: MMSG-26355]
Action.c(4): Detected non-resource "https://support.mozilla.org/kb/captive-portal" in "http://detectportal.firefox.com/canonical.html"  	[MsgId: MMSG-26573]
Action.c(4): Error -35196: HTTP Status-Code=429 (Retry With) for "https://support.mozilla.org/kb/captive-portal"  	[MsgId: MERR-35196]
End auto log messages stack.	[MsgId: MMSG-10544]


Start auto log messages stack - Iteration 1144.	[MsgId: MMSG-10545]
Starting action Action.	[MsgId: MMSG-15919]
Action.c(4): web_url("canonical.html") started  	[MsgId: MMSG-26355]
Action.c(4): Detected non-resource "https://support.mozilla.org/kb/captive-portal" in "http://detectportal.firefox.com/canonical.html"  	[MsgId: MMSG-26573]
Action.c(4): Error -35196: HTTP Status-Code=429 (Retry With) for "https://support.mozilla.org/kb/captive-portal"  	[MsgId: MERR-35196]
End auto log messages stack.	[MsgId: MMSG-10544]


Start auto log messages stack - Iteration 1162.	[MsgId: MMSG-10545]
Starting action Action.	[MsgId: MMSG-15919]
Action.c(4): web_url("canonical.html") started  	[MsgId: MMSG-26355]
Action.c(4): Detected non-resource "https://support.mozilla.org/kb/captive-portal" in "http://detectportal.firefox.com/canonical.html"  	[MsgId: MMSG-26573]
Action.c(4): Error -35196: HTTP Status-Code=429 (Retry With) for "https://support.mozilla.org/kb/captive-portal"  	[MsgId: MERR-35196]
End auto log messages stack.	[MsgId: MMSG-10544]


Start auto log messages stack - Iteration 1145.	[MsgId: MMSG-10545]
Starting action Action.	[MsgId: MMSG-15919]
Action.c(4): web_url("canonical.html") started  	[MsgId: MMSG-26355]
Action.c(4): Detected non-resource "https://support.mozilla.org/kb/captive-portal" in "http://detectportal.firefox.com/canonical.html"  	[MsgId: MMSG-26573]
Action.c(4): Error -35196: HTTP Status-Code=429 (Retry With) for "https://support.mozilla.org/kb/captive-portal"  	[MsgId: MERR-35196]
End auto log messages stack.	[MsgId: MMSG-10544]


Start auto log messages stack - Iteration 1163.	[MsgId: MMSG-10545]
Starting action Action.	[MsgId: MMSG-15919]
Action.c(4): web_url("canonical.html") started  	[MsgId: MMSG-26355]
Action.c(4): Detected non-resource "https://support.mozilla.org/kb/captive-portal" in "http://detectportal.firefox.com/canonical.html"  	[MsgId: MMSG-26573]
Action.c(4): Error -35196: HTTP Status-Code=429 (Retry With) for "https://support.mozilla.org/kb/captive-portal"  	[MsgId: MERR-35196]
End auto log messages stack.	[MsgId: MMSG-10544]


Start auto log messages stack - Iteration 1146.	[MsgId: MMSG-10545]
Starting action Action.	[MsgId: MMSG-15919]
Action.c(4): web_url("canonical.html") started  	[MsgId: MMSG-26355]
Action.c(4): Detected non-resource "https://support.mozilla.org/kb/captive-portal" in "http://detectportal.firefox.com/canonical.html"  	[MsgId: MMSG-26573]
Action.c(4): Error -35196: HTTP Status-Code=429 (Retry With) for "https://support.mozilla.org/kb/captive-portal"  	[MsgId: MERR-35196]
End auto log messages stack.	[MsgId: MMSG-10544]


Start auto log messages stack - Iteration 1164.	[MsgId: MMSG-10545]
Starting action Action.	[MsgId: MMSG-15919]
Action.c(4): web_url("canonical.html") started  	[MsgId: MMSG-26355]
Action.c(4): Detected non-resource "https://support.mozilla.org/kb/captive-portal" in "http://detectportal.firefox.com/canonical.html"  	[MsgId: MMSG-26573]
Action.c(4): Error -35196: HTTP Status-Code=429 (Retry With) for "https://support.mozilla.org/kb/captive-portal"  	[MsgId: MERR-35196]
End auto log messages stack.	[MsgId: MMSG-10544]


Start auto log messages stack - Iteration 1147.	[MsgId: MMSG-10545]
Starting action Action.	[MsgId: MMSG-15919]
Action.c(4): web_url("canonical.html") started  	[MsgId: MMSG-26355]
Action.c(4): Detected non-resource "https://support.mozilla.org/kb/captive-portal" in "http://detectportal.firefox.com/canonical.html"  	[MsgId: MMSG-26573]
Action.c(4): Error -35196: HTTP Status-Code=429 (Retry With) for "https://support.mozilla.org/kb/captive-portal"  	[MsgId: MERR-35196]
End auto log messages stack.	[MsgId: MMSG-10544]


Start auto log messages stack - Iteration 1165.	[MsgId: MMSG-10545]
Starting action Action.	[MsgId: MMSG-15919]
Action.c(4): web_url("canonical.html") started  	[MsgId: MMSG-26355]
Action.c(4): Detected non-resource "https://support.mozilla.org/kb/captive-portal" in "http://detectportal.firefox.com/canonical.html"  	[MsgId: MMSG-26573]
Action.c(4): Error -35196: HTTP Status-Code=429 (Retry With) for "https://support.mozilla.org/kb/captive-portal"  	[MsgId: MERR-35196]
End auto log messages stack.	[MsgId: MMSG-10544]


Start auto log messages stack - Iteration 1148.	[MsgId: MMSG-10545]
Starting action Action.	[MsgId: MMSG-15919]
Action.c(4): web_url("canonical.html") started  	[MsgId: MMSG-26355]
Action.c(4): Detected non-resource "https://support.mozilla.org/kb/captive-portal" in "http://detectportal.firefox.com/canonical.html"  	[MsgId: MMSG-26573]
Action.c(4): Error -35196: HTTP Status-Code=429 (Retry With) for "https://support.mozilla.org/kb/captive-portal"  	[MsgId: MERR-35196]
End auto log messages stack.	[MsgId: MMSG-10544]


Start auto log messages stack - Iteration 1166.	[MsgId: MMSG-10545]
Starting action Action.	[MsgId: MMSG-15919]
Action.c(4): web_url("canonical.html") started  	[MsgId: MMSG-26355]
Action.c(4): Detected non-resource "https://support.mozilla.org/kb/captive-portal" in "http://detectportal.firefox.com/canonical.html"  	[MsgId: MMSG-26573]
Action.c(4): Error -35196: HTTP Status-Code=429 (Retry With) for "https://support.mozilla.org/kb/captive-portal"  	[MsgId: MERR-35196]
End auto log messages stack.	[MsgId: MMSG-10544]


Start auto log messages stack - Iteration 1149.	[MsgId: MMSG-10545]
Starting action Action.	[MsgId: MMSG-15919]
Action.c(4): web_url("canonical.html") started  	[MsgId: MMSG-26355]
Action.c(4): Detected non-resource "https://support.mozilla.org/kb/captive-portal" in "http://detectportal.firefox.com/canonical.html"  	[MsgId: MMSG-26573]
Action.c(4): Error -35196: HTTP Status-Code=429 (Retry With) for "https://support.mozilla.org/kb/captive-portal"  	[MsgId: MERR-35196]
End auto log messages stack.	[MsgId: MMSG-10544]


Start auto log messages stack - Iteration 1167.	[MsgId: MMSG-10545]
Starting action Action.	[MsgId: MMSG-15919]
Action.c(4): web_url("canonical.html") started  	[MsgId: MMSG-26355]
Action.c(4): Detected non-resource "https://support.mozilla.org/kb/captive-portal" in "http://detectportal.firefox.com/canonical.html"  	[MsgId: MMSG-26573]
Action.c(4): Error -35196: HTTP Status-Code=429 (Retry With) for "https://support.mozilla.org/kb/captive-portal"  	[MsgId: MERR-35196]
End auto log messages stack.	[MsgId: MMSG-10544]


Start auto log messages stack - Iteration 1150.	[MsgId: MMSG-10545]
Starting action Action.	[MsgId: MMSG-15919]
Action.c(4): web_url("canonical.html") started  	[MsgId: MMSG-26355]
Action.c(4): Detected non-resource "https://support.mozilla.org/kb/captive-portal" in "http://detectportal.firefox.com/canonical.html"  	[MsgId: MMSG-26573]
Action.c(4): Error -35196: HTTP Status-Code=429 (Retry With) for "https://support.mozilla.org/kb/captive-portal"  	[MsgId: MERR-35196]
End auto log messages stack.	[MsgId: MMSG-10544]


Start auto log messages stack - Iteration 1168.	[MsgId: MMSG-10545]
Starting action Action.	[MsgId: MMSG-15919]
Action.c(4): web_url("canonical.html") started  	[MsgId: MMSG-26355]
Action.c(4): Detected non-resource "https://support.mozilla.org/kb/captive-portal" in "http://detectportal.firefox.com/canonical.html"  	[MsgId: MMSG-26573]
Action.c(4): Error -35196: HTTP Status-Code=429 (Retry With) for "https://support.mozilla.org/kb/captive-portal"  	[MsgId: MERR-35196]
End auto log messages stack.	[MsgId: MMSG-10544]


Start auto log messages stack - Iteration 1151.	[MsgId: MMSG-10545]
Starting action Action.	[MsgId: MMSG-15919]
Action.c(4): web_url("canonical.html") started  	[MsgId: MMSG-26355]
Action.c(4): Detected non-resource "https://support.mozilla.org/kb/captive-portal" in "http://detectportal.firefox.com/canonical.html"  	[MsgId: MMSG-26573]
Action.c(4): Error -35196: HTTP Status-Code=429 (Retry With) for "https://support.mozilla.org/kb/captive-portal"  	[MsgId: MERR-35196]
End auto log messages stack.	[MsgId: MMSG-10544]


Start auto log messages stack - Iteration 1169.	[MsgId: MMSG-10545]
Starting action Action.	[MsgId: MMSG-15919]
Action.c(4): web_url("canonical.html") started  	[MsgId: MMSG-26355]
Action.c(4): Detected non-resource "https://support.mozilla.org/kb/captive-portal" in "http://detectportal.firefox.com/canonical.html"  	[MsgId: MMSG-26573]
Action.c(4): Error -35196: HTTP Status-Code=429 (Retry With) for "https://support.mozilla.org/kb/captive-portal"  	[MsgId: MERR-35196]
End auto log messages stack.	[MsgId: MMSG-10544]


Start auto log messages stack - Iteration 1152.	[MsgId: MMSG-10545]
Starting action Action.	[MsgId: MMSG-15919]
Action.c(4): web_url("canonical.html") started  	[MsgId: MMSG-26355]
Action.c(4): Detected non-resource "https://support.mozilla.org/kb/captive-portal" in "http://detectportal.firefox.com/canonical.html"  	[MsgId: MMSG-26573]
Action.c(4): Error -35196: HTTP Status-Code=429 (Retry With) for "https://support.mozilla.org/kb/captive-portal"  	[MsgId: MERR-35196]
End auto log messages stack.	[MsgId: MMSG-10544]


Start auto log messages stack - Iteration 1170.	[MsgId: MMSG-10545]
Starting action Action.	[MsgId: MMSG-15919]
Action.c(4): web_url("canonical.html") started  	[MsgId: MMSG-26355]
Action.c(4): Detected non-resource "https://support.mozilla.org/kb/captive-portal" in "http://detectportal.firefox.com/canonical.html"  	[MsgId: MMSG-26573]
Action.c(4): Error -35196: HTTP Status-Code=429 (Retry With) for "https://support.mozilla.org/kb/captive-portal"  	[MsgId: MERR-35196]
End auto log messages stack.	[MsgId: MMSG-10544]


Start auto log messages stack - Iteration 1153.	[MsgId: MMSG-10545]
Starting action Action.	[MsgId: MMSG-15919]
Action.c(4): web_url("canonical.html") started  	[MsgId: MMSG-26355]
Action.c(4): Detected non-resource "https://support.mozilla.org/kb/captive-portal" in "http://detectportal.firefox.com/canonical.html"  	[MsgId: MMSG-26573]
Action.c(4): Error -35196: HTTP Status-Code=429 (Retry With) for "https://support.mozilla.org/kb/captive-portal"  	[MsgId: MERR-35196]
End auto log messages stack.	[MsgId: MMSG-10544]


Start auto log messages stack - Iteration 1171.	[MsgId: MMSG-10545]
Starting action Action.	[MsgId: MMSG-15919]
Action.c(4): web_url("canonical.html") started  	[MsgId: MMSG-26355]
Action.c(4): Detected non-resource "https://support.mozilla.org/kb/captive-portal" in "http://detectportal.firefox.com/canonical.html"  	[MsgId: MMSG-26573]
Action.c(4): Error -35196: HTTP Status-Code=429 (Retry With) for "https://support.mozilla.org/kb/captive-portal"  	[MsgId: MERR-35196]
End auto log messages stack.	[MsgId: MMSG-10544]


Start auto log messages stack - Iteration 1154.	[MsgId: MMSG-10545]
Starting action Action.	[MsgId: MMSG-15919]
Action.c(4): web_url("canonical.html") started  	[MsgId: MMSG-26355]
Action.c(4): Detected non-resource "https://support.mozilla.org/kb/captive-portal" in "http://detectportal.firefox.com/canonical.html"  	[MsgId: MMSG-26573]
Action.c(4): Error -35196: HTTP Status-Code=429 (Retry With) for "https://support.mozilla.org/kb/captive-portal"  	[MsgId: MERR-35196]
End auto log messages stack.	[MsgId: MMSG-10544]


Start auto log messages stack - Iteration 1172.	[MsgId: MMSG-10545]
Starting action Action.	[MsgId: MMSG-15919]
Action.c(4): web_url("canonical.html") started  	[MsgId: MMSG-26355]
Action.c(4): Detected non-resource "https://support.mozilla.org/kb/captive-portal" in "http://detectportal.firefox.com/canonical.html"  	[MsgId: MMSG-26573]
Action.c(4): Error -35196: HTTP Status-Code=429 (Retry With) for "https://support.mozilla.org/kb/captive-portal"  	[MsgId: MERR-35196]
End auto log messages stack.	[MsgId: MMSG-10544]


Start auto log messages stack - Iteration 1155.	[MsgId: MMSG-10545]
Starting action Action.	[MsgId: MMSG-15919]
Action.c(4): web_url("canonical.html") started  	[MsgId: MMSG-26355]
Action.c(4): Detected non-resource "https://support.mozilla.org/kb/captive-portal" in "http://detectportal.firefox.com/canonical.html"  	[MsgId: MMSG-26573]
Action.c(4): Error -35196: HTTP Status-Code=429 (Retry With) for "https://support.mozilla.org/kb/captive-portal"  	[MsgId: MERR-35196]
End auto log messages stack.	[MsgId: MMSG-10544]


Start auto log messages stack - Iteration 1173.	[MsgId: MMSG-10545]
Starting action Action.	[MsgId: MMSG-15919]
Action.c(4): web_url("canonical.html") started  	[MsgId: MMSG-26355]
Action.c(4): Detected non-resource "https://support.mozilla.org/kb/captive-portal" in "http://detectportal.firefox.com/canonical.html"  	[MsgId: MMSG-26573]
Action.c(4): Error -35196: HTTP Status-Code=429 (Retry With) for "https://support.mozilla.org/kb/captive-portal"  	[MsgId: MERR-35196]
End auto log messages stack.	[MsgId: MMSG-10544]


Start auto log messages stack - Iteration 1156.	[MsgId: MMSG-10545]
Starting action Action.	[MsgId: MMSG-15919]
Action.c(4): web_url("canonical.html") started  	[MsgId: MMSG-26355]
Action.c(4): Detected non-resource "https://support.mozilla.org/kb/captive-portal" in "http://detectportal.firefox.com/canonical.html"  	[MsgId: MMSG-26573]
Action.c(4): Error -35196: HTTP Status-Code=429 (Retry With) for "https://support.mozilla.org/kb/captive-portal"  	[MsgId: MERR-35196]
End auto log messages stack.	[MsgId: MMSG-10544]


Start auto log messages stack - Iteration 1174.	[MsgId: MMSG-10545]
Starting action Action.	[MsgId: MMSG-15919]
Action.c(4): web_url("canonical.html") started  	[MsgId: MMSG-26355]
Action.c(4): Detected non-resource "https://support.mozilla.org/kb/captive-portal" in "http://detectportal.firefox.com/canonical.html"  	[MsgId: MMSG-26573]
Action.c(4): Error -35196: HTTP Status-Code=429 (Retry With) for "https://support.mozilla.org/kb/captive-portal"  	[MsgId: MERR-35196]
End auto log messages stack.	[MsgId: MMSG-10544]


Start auto log messages stack - Iteration 1157.	[MsgId: MMSG-10545]
Starting action Action.	[MsgId: MMSG-15919]
Action.c(4): web_url("canonical.html") started  	[MsgId: MMSG-26355]
Action.c(4): Detected non-resource "https://support.mozilla.org/kb/captive-portal" in "http://detectportal.firefox.com/canonical.html"  	[MsgId: MMSG-26573]
Action.c(4): Error -35196: HTTP Status-Code=429 (Retry With) for "https://support.mozilla.org/kb/captive-portal"  	[MsgId: MERR-35196]
End auto log messages stack.	[MsgId: MMSG-10544]


Start auto log messages stack - Iteration 1175.	[MsgId: MMSG-10545]
Starting action Action.	[MsgId: MMSG-15919]
Action.c(4): web_url("canonical.html") started  	[MsgId: MMSG-26355]
Action.c(4): Detected non-resource "https://support.mozilla.org/kb/captive-portal" in "http://detectportal.firefox.com/canonical.html"  	[MsgId: MMSG-26573]
Action.c(4): Error -35196: HTTP Status-Code=429 (Retry With) for "https://support.mozilla.org/kb/captive-portal"  	[MsgId: MERR-35196]
End auto log messages stack.	[MsgId: MMSG-10544]


Start auto log messages stack - Iteration 1158.	[MsgId: MMSG-10545]
Starting action Action.	[MsgId: MMSG-15919]
Action.c(4): web_url("canonical.html") started  	[MsgId: MMSG-26355]
Action.c(4): Detected non-resource "https://support.mozilla.org/kb/captive-portal" in "http://detectportal.firefox.com/canonical.html"  	[MsgId: MMSG-26573]
Action.c(4): Error -35196: HTTP Status-Code=429 (Retry With) for "https://support.mozilla.org/kb/captive-portal"  	[MsgId: MERR-35196]
End auto log messages stack.	[MsgId: MMSG-10544]


Start auto log messages stack - Iteration 1176.	[MsgId: MMSG-10545]
Starting action Action.	[MsgId: MMSG-15919]
Action.c(4): web_url("canonical.html") started  	[MsgId: MMSG-26355]
Action.c(4): Detected non-resource "https://support.mozilla.org/kb/captive-portal" in "http://detectportal.firefox.com/canonical.html"  	[MsgId: MMSG-26573]
Action.c(4): Error -35196: HTTP Status-Code=429 (Retry With) for "https://support.mozilla.org/kb/captive-portal"  	[MsgId: MERR-35196]
End auto log messages stack.	[MsgId: MMSG-10544]


Start auto log messages stack - Iteration 1159.	[MsgId: MMSG-10545]
Starting action Action.	[MsgId: MMSG-15919]
Action.c(4): web_url("canonical.html") started  	[MsgId: MMSG-26355]
Action.c(4): Detected non-resource "https://support.mozilla.org/kb/captive-portal" in "http://detectportal.firefox.com/canonical.html"  	[MsgId: MMSG-26573]
Action.c(4): Error -35196: HTTP Status-Code=429 (Retry With) for "https://support.mozilla.org/kb/captive-portal"  	[MsgId: MERR-35196]
End auto log messages stack.	[MsgId: MMSG-10544]


Start auto log messages stack - Iteration 1177.	[MsgId: MMSG-10545]
Starting action Action.	[MsgId: MMSG-15919]
Action.c(4): web_url("canonical.html") started  	[MsgId: MMSG-26355]
Action.c(4): Detected non-resource "https://support.mozilla.org/kb/captive-portal" in "http://detectportal.firefox.com/canonical.html"  	[MsgId: MMSG-26573]
Action.c(4): Error -35196: HTTP Status-Code=429 (Retry With) for "https://support.mozilla.org/kb/captive-portal"  	[MsgId: MERR-35196]
End auto log messages stack.	[MsgId: MMSG-10544]


Start auto log messages stack - Iteration 1160.	[MsgId: MMSG-10545]
Starting action Action.	[MsgId: MMSG-15919]
Action.c(4): web_url("canonical.html") started  	[MsgId: MMSG-26355]
Action.c(4): Detected non-resource "https://support.mozilla.org/kb/captive-portal" in "http://detectportal.firefox.com/canonical.html"  	[MsgId: MMSG-26573]
Action.c(4): Error -35196: HTTP Status-Code=429 (Retry With) for "https://support.mozilla.org/kb/captive-portal"  	[MsgId: MERR-35196]
End auto log messages stack.	[MsgId: MMSG-10544]


Start auto log messages stack - Iteration 1178.	[MsgId: MMSG-10545]
Starting action Action.	[MsgId: MMSG-15919]
Action.c(4): web_url("canonical.html") started  	[MsgId: MMSG-26355]
Action.c(4): Detected non-resource "https://support.mozilla.org/kb/captive-portal" in "http://detectportal.firefox.com/canonical.html"  	[MsgId: MMSG-26573]
Action.c(4): Error -35196: HTTP Status-Code=429 (Retry With) for "https://support.mozilla.org/kb/captive-portal"  	[MsgId: MERR-35196]
End auto log messages stack.	[MsgId: MMSG-10544]


Start auto log messages stack - Iteration 1161.	[MsgId: MMSG-10545]
Starting action Action.	[MsgId: MMSG-15919]
Action.c(4): web_url("canonical.html") started  	[MsgId: MMSG-26355]
Action.c(4): Detected non-resource "https://support.mozilla.org/kb/captive-portal" in "http://detectportal.firefox.com/canonical.html"  	[MsgId: MMSG-26573]
Action.c(4): Error -35196: HTTP Status-Code=429 (Retry With) for "https://support.mozilla.org/kb/captive-portal"  	[MsgId: MERR-35196]
End auto log messages stack.	[MsgId: MMSG-10544]


Start auto log messages stack - Iteration 1179.	[MsgId: MMSG-10545]
Starting action Action.	[MsgId: MMSG-15919]
Action.c(4): web_url("canonical.html") started  	[MsgId: MMSG-26355]
Action.c(4): Detected non-resource "https://support.mozilla.org/kb/captive-portal" in "http://detectportal.firefox.com/canonical.html"  	[MsgId: MMSG-26573]
Action.c(4): Error -35196: HTTP Status-Code=429 (Retry With) for "https://support.mozilla.org/kb/captive-portal"  	[MsgId: MERR-35196]
End auto log messages stack.	[MsgId: MMSG-10544]


Start auto log messages stack - Iteration 1162.	[MsgId: MMSG-10545]
Starting action Action.	[MsgId: MMSG-15919]
Action.c(4): web_url("canonical.html") started  	[MsgId: MMSG-26355]
Action.c(4): Detected non-resource "https://support.mozilla.org/kb/captive-portal" in "http://detectportal.firefox.com/canonical.html"  	[MsgId: MMSG-26573]
Action.c(4): Error -35196: HTTP Status-Code=429 (Retry With) for "https://support.mozilla.org/kb/captive-portal"  	[MsgId: MERR-35196]
End auto log messages stack.	[MsgId: MMSG-10544]


Start auto log messages stack - Iteration 1180.	[MsgId: MMSG-10545]
Starting action Action.	[MsgId: MMSG-15919]
Action.c(4): web_url("canonical.html") started  	[MsgId: MMSG-26355]
Action.c(4): Detected non-resource "https://support.mozilla.org/kb/captive-portal" in "http://detectportal.firefox.com/canonical.html"  	[MsgId: MMSG-26573]
Action.c(4): Error -35196: HTTP Status-Code=429 (Retry With) for "https://support.mozilla.org/kb/captive-portal"  	[MsgId: MERR-35196]
End auto log messages stack.	[MsgId: MMSG-10544]


Start auto log messages stack - Iteration 1163.	[MsgId: MMSG-10545]
Starting action Action.	[MsgId: MMSG-15919]
Action.c(4): web_url("canonical.html") started  	[MsgId: MMSG-26355]
Action.c(4): Detected non-resource "https://support.mozilla.org/kb/captive-portal" in "http://detectportal.firefox.com/canonical.html"  	[MsgId: MMSG-26573]
Action.c(4): Error -35196: HTTP Status-Code=429 (Retry With) for "https://support.mozilla.org/kb/captive-portal"  	[MsgId: MERR-35196]
End auto log messages stack.	[MsgId: MMSG-10544]


Start auto log messages stack - Iteration 1181.	[MsgId: MMSG-10545]
Starting action Action.	[MsgId: MMSG-15919]
Action.c(4): web_url("canonical.html") started  	[MsgId: MMSG-26355]
Action.c(4): Detected non-resource "https://support.mozilla.org/kb/captive-portal" in "http://detectportal.firefox.com/canonical.html"  	[MsgId: MMSG-26573]
Action.c(4): Error -35196: HTTP Status-Code=429 (Retry With) for "https://support.mozilla.org/kb/captive-portal"  	[MsgId: MERR-35196]
End auto log messages stack.	[MsgId: MMSG-10544]


Start auto log messages stack - Iteration 1164.	[MsgId: MMSG-10545]
Starting action Action.	[MsgId: MMSG-15919]
Action.c(4): web_url("canonical.html") started  	[MsgId: MMSG-26355]
Action.c(4): Detected non-resource "https://support.mozilla.org/kb/captive-portal" in "http://detectportal.firefox.com/canonical.html"  	[MsgId: MMSG-26573]
Action.c(4): Error -35196: HTTP Status-Code=429 (Retry With) for "https://support.mozilla.org/kb/captive-portal"  	[MsgId: MERR-35196]
End auto log messages stack.	[MsgId: MMSG-10544]


Start auto log messages stack - Iteration 1182.	[MsgId: MMSG-10545]
Starting action Action.	[MsgId: MMSG-15919]
Action.c(4): web_url("canonical.html") started  	[MsgId: MMSG-26355]
Action.c(4): Detected non-resource "https://support.mozilla.org/kb/captive-portal" in "http://detectportal.firefox.com/canonical.html"  	[MsgId: MMSG-26573]
Action.c(4): Error -35196: HTTP Status-Code=429 (Retry With) for "https://support.mozilla.org/kb/captive-portal"  	[MsgId: MERR-35196]
End auto log messages stack.	[MsgId: MMSG-10544]


Start auto log messages stack - Iteration 1165.	[MsgId: MMSG-10545]
Starting action Action.	[MsgId: MMSG-15919]
Action.c(4): web_url("canonical.html") started  	[MsgId: MMSG-26355]
Action.c(4): Detected non-resource "https://support.mozilla.org/kb/captive-portal" in "http://detectportal.firefox.com/canonical.html"  	[MsgId: MMSG-26573]
Action.c(4): Error -35196: HTTP Status-Code=429 (Retry With) for "https://support.mozilla.org/kb/captive-portal"  	[MsgId: MERR-35196]
End auto log messages stack.	[MsgId: MMSG-10544]


