Start auto log messages stack - Iteration 1.	[MsgId: MMSG-10545]
Starting action Action.	[MsgId: MMSG-15919]
Action.c(4): web_url("canonical.html") started  	[MsgId: MMSG-26355]
Action.c(4): Detected non-resource "https://support.mozilla.org/kb/captive-portal" in "http://detectportal.firefox.com/canonical.html"  	[MsgId: MMSG-26573]
Action.c(4): Error -35196: HTTP Status-Code=429 (Retry With) for "https://support.mozilla.org/kb/captive-portal"  	[MsgId: MERR-35196]
End auto log messages stack.	[MsgId: MMSG-10544]

Start auto log messages stack - Iteration 2.	[MsgId: MMSG-10545]
Starting action Action.	[MsgId: MMSG-15919]
Action.c(4): web_url("canonical.html") started  	[MsgId: MMSG-26355]
Action.c(4): Detected non-resource "https://support.mozilla.org/kb/captive-portal" in "http://detectportal.firefox.com/canonical.html"  	[MsgId: MMSG-26573]
Action.c(4): Error -35196: HTTP Status-Code=429 (Retry With) for "https://support.mozilla.org/kb/captive-portal"  	[MsgId: MERR-35196]
End auto log messages stack.	[MsgId: MMSG-10544]

Start auto log messages stack - Iteration 3.	[MsgId: MMSG-10545]
Starting action Action.	[MsgId: MMSG-15919]
Action.c(4): web_url("canonical.html") started  	[MsgId: MMSG-26355]
Action.c(4): Detected non-resource "https://support.mozilla.org/kb/captive-portal" in "http://detectportal.firefox.com/canonical.html"  	[MsgId: MMSG-26573]
Action.c(4): Error -35196: HTTP Status-Code=429 (Retry With) for "https://support.mozilla.org/kb/captive-portal"  	[MsgId: MERR-35196]
End auto log messages stack.	[MsgId: MMSG-10544]

Start auto log messages stack - Iteration 4.	[MsgId: MMSG-10545]
Starting action Action.	[MsgId: MMSG-15919]
Action.c(4): web_url("canonical.html") started  	[MsgId: MMSG-26355]
Action.c(4): Detected non-resource "https://support.mozilla.org/kb/captive-portal" in "http://detectportal.firefox.com/canonical.html"  	[MsgId: MMSG-26573]
Action.c(4): Error -35196: HTTP Status-Code=429 (Retry With) for "https://support.mozilla.org/kb/captive-portal"  	[MsgId: MERR-35196]
End auto log messages stack.	[MsgId: MMSG-10544]

Start auto log messages stack - Iteration 5.	[MsgId: MMSG-10545]
Starting action Action.	[MsgId: MMSG-15919]
Action.c(4): web_url("canonical.html") started  	[MsgId: MMSG-26355]
Action.c(4): Detected non-resource "https://support.mozilla.org/kb/captive-portal" in "http://detectportal.firefox.com/canonical.html"  	[MsgId: MMSG-26573]
Action.c(4): Error -35196: HTTP Status-Code=429 (Retry With) for "https://support.mozilla.org/kb/captive-portal"  	[MsgId: MERR-35196]
End auto log messages stack.	[MsgId: MMSG-10544]

Start auto log messages stack - Iteration 6.	[MsgId: MMSG-10545]
Starting action Action.	[MsgId: MMSG-15919]
Action.c(4): web_url("canonical.html") started  	[MsgId: MMSG-26355]
Action.c(4): Detected non-resource "https://support.mozilla.org/kb/captive-portal" in "http://detectportal.firefox.com/canonical.html"  	[MsgId: MMSG-26573]
Action.c(4): Error -35196: HTTP Status-Code=429 (Retry With) for "https://support.mozilla.org/kb/captive-portal"  	[MsgId: MERR-35196]
End auto log messages stack.	[MsgId: MMSG-10544]

Start auto log messages stack - Iteration 7.	[MsgId: MMSG-10545]
Starting action Action.	[MsgId: MMSG-15919]
Action.c(4): web_url("canonical.html") started  	[MsgId: MMSG-26355]
Action.c(4): Detected non-resource "https://support.mozilla.org/kb/captive-portal" in "http://detectportal.firefox.com/canonical.html"  	[MsgId: MMSG-26573]
Action.c(4): Error -35196: HTTP Status-Code=429 (Retry With) for "https://support.mozilla.org/kb/captive-portal"  	[MsgId: MERR-35196]
End auto log messages stack.	[MsgId: MMSG-10544]

Start auto log messages stack - Iteration 8.	[MsgId: MMSG-10545]
Starting action Action.	[MsgId: MMSG-15919]
Action.c(4): web_url("canonical.html") started  	[MsgId: MMSG-26355]
Action.c(4): Detected non-resource "https://support.mozilla.org/kb/captive-portal" in "http://detectportal.firefox.com/canonical.html"  	[MsgId: MMSG-26573]
Action.c(4): Error -35196: HTTP Status-Code=429 (Retry With) for "https://support.mozilla.org/kb/captive-portal"  	[MsgId: MERR-35196]
End auto log messages stack.	[MsgId: MMSG-10544]

Start auto log messages stack - Iteration 9.	[MsgId: MMSG-10545]
Starting action Action.	[MsgId: MMSG-15919]
Action.c(4): web_url("canonical.html") started  	[MsgId: MMSG-26355]
Action.c(4): Detected non-resource "https://support.mozilla.org/kb/captive-portal" in "http://detectportal.firefox.com/canonical.html"  	[MsgId: MMSG-26573]
Action.c(4): Error -35196: HTTP Status-Code=429 (Retry With) for "https://support.mozilla.org/kb/captive-portal"  	[MsgId: MERR-35196]
End auto log messages stack.	[MsgId: MMSG-10544]

Start auto log messages stack - Iteration 10.	[MsgId: MMSG-10545]
Starting action Action.	[MsgId: MMSG-15919]
Action.c(4): web_url("canonical.html") started  	[MsgId: MMSG-26355]
Action.c(4): Detected non-resource "https://support.mozilla.org/kb/captive-portal" in "http://detectportal.firefox.com/canonical.html"  	[MsgId: MMSG-26573]
Action.c(4): Error -35196: HTTP Status-Code=429 (Retry With) for "https://support.mozilla.org/kb/captive-portal"  	[MsgId: MERR-35196]
End auto log messages stack.	[MsgId: MMSG-10544]

Start auto log messages stack - Iteration 11.	[MsgId: MMSG-10545]
Starting action Action.	[MsgId: MMSG-15919]
Action.c(4): web_url("canonical.html") started  	[MsgId: MMSG-26355]
Action.c(4): Detected non-resource "https://support.mozilla.org/kb/captive-portal" in "http://detectportal.firefox.com/canonical.html"  	[MsgId: MMSG-26573]
Action.c(4): Error -35196: HTTP Status-Code=429 (Retry With) for "https://support.mozilla.org/kb/captive-portal"  	[MsgId: MERR-35196]
End auto log messages stack.	[MsgId: MMSG-10544]

Start auto log messages stack - Iteration 12.	[MsgId: MMSG-10545]
Starting action Action.	[MsgId: MMSG-15919]
Action.c(4): web_url("canonical.html") started  	[MsgId: MMSG-26355]
Action.c(4): Detected non-resource "https://support.mozilla.org/kb/captive-portal" in "http://detectportal.firefox.com/canonical.html"  	[MsgId: MMSG-26573]
Action.c(4): Error -35196: HTTP Status-Code=429 (Retry With) for "https://support.mozilla.org/kb/captive-portal"  	[MsgId: MERR-35196]
End auto log messages stack.	[MsgId: MMSG-10544]

Start auto log messages stack - Iteration 13.	[MsgId: MMSG-10545]
Starting action Action.	[MsgId: MMSG-15919]
Action.c(4): web_url("canonical.html") started  	[MsgId: MMSG-26355]
Action.c(4): Detected non-resource "https://support.mozilla.org/kb/captive-portal" in "http://detectportal.firefox.com/canonical.html"  	[MsgId: MMSG-26573]
Action.c(4): Error -35196: HTTP Status-Code=429 (Retry With) for "https://support.mozilla.org/kb/captive-portal"  	[MsgId: MERR-35196]
End auto log messages stack.	[MsgId: MMSG-10544]

Start auto log messages stack - Iteration 14.	[MsgId: MMSG-10545]
Starting action Action.	[MsgId: MMSG-15919]
Action.c(4): web_url("canonical.html") started  	[MsgId: MMSG-26355]
Action.c(4): Detected non-resource "https://support.mozilla.org/kb/captive-portal" in "http://detectportal.firefox.com/canonical.html"  	[MsgId: MMSG-26573]
Action.c(4): Error -35196: HTTP Status-Code=429 (Retry With) for "https://support.mozilla.org/kb/captive-portal"  	[MsgId: MERR-35196]
End auto log messages stack.	[MsgId: MMSG-10544]

Start auto log messages stack - Iteration 15.	[MsgId: MMSG-10545]
Starting action Action.	[MsgId: MMSG-15919]
Action.c(4): web_url("canonical.html") started  	[MsgId: MMSG-26355]
Action.c(4): Detected non-resource "https://support.mozilla.org/kb/captive-portal" in "http://detectportal.firefox.com/canonical.html"  	[MsgId: MMSG-26573]
Action.c(4): Error -35196: HTTP Status-Code=429 (Retry With) for "https://support.mozilla.org/kb/captive-portal"  	[MsgId: MERR-35196]
End auto log messages stack.	[MsgId: MMSG-10544]

Start auto log messages stack - Iteration 16.	[MsgId: MMSG-10545]
Starting action Action.	[MsgId: MMSG-15919]
Action.c(4): web_url("canonical.html") started  	[MsgId: MMSG-26355]
Action.c(4): Detected non-resource "https://support.mozilla.org/kb/captive-portal" in "http://detectportal.firefox.com/canonical.html"  	[MsgId: MMSG-26573]
Action.c(4): Error -35196: HTTP Status-Code=429 (Retry With) for "https://support.mozilla.org/kb/captive-portal"  	[MsgId: MERR-35196]
End auto log messages stack.	[MsgId: MMSG-10544]

Start auto log messages stack - Iteration 17.	[MsgId: MMSG-10545]
Starting action Action.	[MsgId: MMSG-15919]
Action.c(4): web_url("canonical.html") started  	[MsgId: MMSG-26355]
Action.c(4): Detected non-resource "https://support.mozilla.org/kb/captive-portal" in "http://detectportal.firefox.com/canonical.html"  	[MsgId: MMSG-26573]
Action.c(4): Error -35196: HTTP Status-Code=429 (Retry With) for "https://support.mozilla.org/kb/captive-portal"  	[MsgId: MERR-35196]
End auto log messages stack.	[MsgId: MMSG-10544]

Start auto log messages stack - Iteration 18.	[MsgId: MMSG-10545]
Starting action Action.	[MsgId: MMSG-15919]
Action.c(4): web_url("canonical.html") started  	[MsgId: MMSG-26355]
Action.c(4): Detected non-resource "https://support.mozilla.org/kb/captive-portal" in "http://detectportal.firefox.com/canonical.html"  	[MsgId: MMSG-26573]
Action.c(4): Error -35196: HTTP Status-Code=429 (Retry With) for "https://support.mozilla.org/kb/captive-portal"  	[MsgId: MERR-35196]
End auto log messages stack.	[MsgId: MMSG-10544]

Start auto log messages stack - Iteration 19.	[MsgId: MMSG-10545]
Starting action Action.	[MsgId: MMSG-15919]
Action.c(4): web_url("canonical.html") started  	[MsgId: MMSG-26355]
Action.c(4): Detected non-resource "https://support.mozilla.org/kb/captive-portal" in "http://detectportal.firefox.com/canonical.html"  	[MsgId: MMSG-26573]
Action.c(4): Error -35196: HTTP Status-Code=429 (Retry With) for "https://support.mozilla.org/kb/captive-portal"  	[MsgId: MERR-35196]
End auto log messages stack.	[MsgId: MMSG-10544]

Start auto log messages stack - Iteration 20.	[MsgId: MMSG-10545]
Starting action Action.	[MsgId: MMSG-15919]
Action.c(4): web_url("canonical.html") started  	[MsgId: MMSG-26355]
Action.c(4): Detected non-resource "https://support.mozilla.org/kb/captive-portal" in "http://detectportal.firefox.com/canonical.html"  	[MsgId: MMSG-26573]
Action.c(4): Error -35196: HTTP Status-Code=429 (Retry With) for "https://support.mozilla.org/kb/captive-portal"  	[MsgId: MERR-35196]
End auto log messages stack.	[MsgId: MMSG-10544]

Start auto log messages stack - Iteration 21.	[MsgId: MMSG-10545]
Starting action Action.	[MsgId: MMSG-15919]
Action.c(4): web_url("canonical.html") started  	[MsgId: MMSG-26355]
Action.c(4): Detected non-resource "https://support.mozilla.org/kb/captive-portal" in "http://detectportal.firefox.com/canonical.html"  	[MsgId: MMSG-26573]
Action.c(4): Error -35196: HTTP Status-Code=429 (Retry With) for "https://support.mozilla.org/kb/captive-portal"  	[MsgId: MERR-35196]
End auto log messages stack.	[MsgId: MMSG-10544]

Start auto log messages stack - Iteration 22.	[MsgId: MMSG-10545]
Starting action Action.	[MsgId: MMSG-15919]
Action.c(4): web_url("canonical.html") started  	[MsgId: MMSG-26355]
Action.c(4): Detected non-resource "https://support.mozilla.org/kb/captive-portal" in "http://detectportal.firefox.com/canonical.html"  	[MsgId: MMSG-26573]
Action.c(4): Error -35196: HTTP Status-Code=429 (Retry With) for "https://support.mozilla.org/kb/captive-portal"  	[MsgId: MERR-35196]
End auto log messages stack.	[MsgId: MMSG-10544]

Start auto log messages stack - Iteration 23.	[MsgId: MMSG-10545]
Starting action Action.	[MsgId: MMSG-15919]
Action.c(4): web_url("canonical.html") started  	[MsgId: MMSG-26355]
Action.c(4): Detected non-resource "https://support.mozilla.org/kb/captive-portal" in "http://detectportal.firefox.com/canonical.html"  	[MsgId: MMSG-26573]
Action.c(4): Error -35196: HTTP Status-Code=429 (Retry With) for "https://support.mozilla.org/kb/captive-portal"  	[MsgId: MERR-35196]
End auto log messages stack.	[MsgId: MMSG-10544]

Start auto log messages stack - Iteration 24.	[MsgId: MMSG-10545]
Starting action Action.	[MsgId: MMSG-15919]
Action.c(4): web_url("canonical.html") started  	[MsgId: MMSG-26355]
Action.c(4): Detected non-resource "https://support.mozilla.org/kb/captive-portal" in "http://detectportal.firefox.com/canonical.html"  	[MsgId: MMSG-26573]
Action.c(4): Error -35196: HTTP Status-Code=429 (Retry With) for "https://support.mozilla.org/kb/captive-portal"  	[MsgId: MERR-35196]
End auto log messages stack.	[MsgId: MMSG-10544]

Start auto log messages stack - Iteration 25.	[MsgId: MMSG-10545]
Starting action Action.	[MsgId: MMSG-15919]
Action.c(4): web_url("canonical.html") started  	[MsgId: MMSG-26355]
Action.c(4): Detected non-resource "https://support.mozilla.org/kb/captive-portal" in "http://detectportal.firefox.com/canonical.html"  	[MsgId: MMSG-26573]
Action.c(4): Error -35196: HTTP Status-Code=429 (Retry With) for "https://support.mozilla.org/kb/captive-portal"  	[MsgId: MERR-35196]
End auto log messages stack.	[MsgId: MMSG-10544]

Start auto log messages stack - Iteration 26.	[MsgId: MMSG-10545]
Starting action Action.	[MsgId: MMSG-15919]
Action.c(4): web_url("canonical.html") started  	[MsgId: MMSG-26355]
Action.c(4): Detected non-resource "https://support.mozilla.org/kb/captive-portal" in "http://detectportal.firefox.com/canonical.html"  	[MsgId: MMSG-26573]
Action.c(4): Error -35196: HTTP Status-Code=429 (Retry With) for "https://support.mozilla.org/kb/captive-portal"  	[MsgId: MERR-35196]
End auto log messages stack.	[MsgId: MMSG-10544]

Start auto log messages stack - Iteration 27.	[MsgId: MMSG-10545]
Starting action Action.	[MsgId: MMSG-15919]
Action.c(4): web_url("canonical.html") started  	[MsgId: MMSG-26355]
Action.c(4): Detected non-resource "https://support.mozilla.org/kb/captive-portal" in "http://detectportal.firefox.com/canonical.html"  	[MsgId: MMSG-26573]
Action.c(4): Error -35196: HTTP Status-Code=429 (Retry With) for "https://support.mozilla.org/kb/captive-portal"  	[MsgId: MERR-35196]
End auto log messages stack.	[MsgId: MMSG-10544]

Start auto log messages stack - Iteration 28.	[MsgId: MMSG-10545]
Starting action Action.	[MsgId: MMSG-15919]
Action.c(4): web_url("canonical.html") started  	[MsgId: MMSG-26355]
Action.c(4): Detected non-resource "https://support.mozilla.org/kb/captive-portal" in "http://detectportal.firefox.com/canonical.html"  	[MsgId: MMSG-26573]
Action.c(4): Error -35196: HTTP Status-Code=429 (Retry With) for "https://support.mozilla.org/kb/captive-portal"  	[MsgId: MERR-35196]
End auto log messages stack.	[MsgId: MMSG-10544]

Start auto log messages stack - Iteration 29.	[MsgId: MMSG-10545]
Starting action Action.	[MsgId: MMSG-15919]
Action.c(4): web_url("canonical.html") started  	[MsgId: MMSG-26355]
Action.c(4): Detected non-resource "https://support.mozilla.org/kb/captive-portal" in "http://detectportal.firefox.com/canonical.html"  	[MsgId: MMSG-26573]
Action.c(4): Error -35196: HTTP Status-Code=429 (Retry With) for "https://support.mozilla.org/kb/captive-portal"  	[MsgId: MERR-35196]
End auto log messages stack.	[MsgId: MMSG-10544]

Start auto log messages stack - Iteration 30.	[MsgId: MMSG-10545]
Starting action Action.	[MsgId: MMSG-15919]
Action.c(4): web_url("canonical.html") started  	[MsgId: MMSG-26355]
Action.c(4): Detected non-resource "https://support.mozilla.org/kb/captive-portal" in "http://detectportal.firefox.com/canonical.html"  	[MsgId: MMSG-26573]
Action.c(4): Error -35196: HTTP Status-Code=429 (Retry With) for "https://support.mozilla.org/kb/captive-portal"  	[MsgId: MERR-35196]
End auto log messages stack.	[MsgId: MMSG-10544]

Start auto log messages stack - Iteration 31.	[MsgId: MMSG-10545]
Starting action Action.	[MsgId: MMSG-15919]
Action.c(4): web_url("canonical.html") started  	[MsgId: MMSG-26355]
Action.c(4): Detected non-resource "https://support.mozilla.org/kb/captive-portal" in "http://detectportal.firefox.com/canonical.html"  	[MsgId: MMSG-26573]
Action.c(4): Error -35196: HTTP Status-Code=429 (Retry With) for "https://support.mozilla.org/kb/captive-portal"  	[MsgId: MERR-35196]
End auto log messages stack.	[MsgId: MMSG-10544]

Start auto log messages stack - Iteration 32.	[MsgId: MMSG-10545]
Starting action Action.	[MsgId: MMSG-15919]
Action.c(4): web_url("canonical.html") started  	[MsgId: MMSG-26355]
Action.c(4): Detected non-resource "https://support.mozilla.org/kb/captive-portal" in "http://detectportal.firefox.com/canonical.html"  	[MsgId: MMSG-26573]
Action.c(4): Error -35196: HTTP Status-Code=429 (Retry With) for "https://support.mozilla.org/kb/captive-portal"  	[MsgId: MERR-35196]
End auto log messages stack.	[MsgId: MMSG-10544]

Start auto log messages stack - Iteration 33.	[MsgId: MMSG-10545]
Starting action Action.	[MsgId: MMSG-15919]
Action.c(4): web_url("canonical.html") started  	[MsgId: MMSG-26355]
Action.c(4): Detected non-resource "https://support.mozilla.org/kb/captive-portal" in "http://detectportal.firefox.com/canonical.html"  	[MsgId: MMSG-26573]
Action.c(4): Error -35196: HTTP Status-Code=429 (Retry With) for "https://support.mozilla.org/kb/captive-portal"  	[MsgId: MERR-35196]
End auto log messages stack.	[MsgId: MMSG-10544]

Start auto log messages stack - Iteration 34.	[MsgId: MMSG-10545]
Starting action Action.	[MsgId: MMSG-15919]
Action.c(4): web_url("canonical.html") started  	[MsgId: MMSG-26355]
Action.c(4): Detected non-resource "https://support.mozilla.org/kb/captive-portal" in "http://detectportal.firefox.com/canonical.html"  	[MsgId: MMSG-26573]
Action.c(4): Error -35196: HTTP Status-Code=429 (Retry With) for "https://support.mozilla.org/kb/captive-portal"  	[MsgId: MERR-35196]
End auto log messages stack.	[MsgId: MMSG-10544]

Start auto log messages stack - Iteration 35.	[MsgId: MMSG-10545]
Starting action Action.	[MsgId: MMSG-15919]
Action.c(4): web_url("canonical.html") started  	[MsgId: MMSG-26355]
Action.c(4): Detected non-resource "https://support.mozilla.org/kb/captive-portal" in "http://detectportal.firefox.com/canonical.html"  	[MsgId: MMSG-26573]
Action.c(4): Error -35196: HTTP Status-Code=429 (Retry With) for "https://support.mozilla.org/kb/captive-portal"  	[MsgId: MERR-35196]
End auto log messages stack.	[MsgId: MMSG-10544]

Start auto log messages stack - Iteration 36.	[MsgId: MMSG-10545]
Starting action Action.	[MsgId: MMSG-15919]
Action.c(4): web_url("canonical.html") started  	[MsgId: MMSG-26355]
Action.c(4): Detected non-resource "https://support.mozilla.org/kb/captive-portal" in "http://detectportal.firefox.com/canonical.html"  	[MsgId: MMSG-26573]
Action.c(4): Error -35196: HTTP Status-Code=429 (Retry With) for "https://support.mozilla.org/kb/captive-portal"  	[MsgId: MERR-35196]
End auto log messages stack.	[MsgId: MMSG-10544]

Start auto log messages stack - Iteration 37.	[MsgId: MMSG-10545]
Starting action Action.	[MsgId: MMSG-15919]
Action.c(4): web_url("canonical.html") started  	[MsgId: MMSG-26355]
Action.c(4): Detected non-resource "https://support.mozilla.org/kb/captive-portal" in "http://detectportal.firefox.com/canonical.html"  	[MsgId: MMSG-26573]
Action.c(4): Error -35196: HTTP Status-Code=429 (Retry With) for "https://support.mozilla.org/kb/captive-portal"  	[MsgId: MERR-35196]
End auto log messages stack.	[MsgId: MMSG-10544]

Start auto log messages stack - Iteration 38.	[MsgId: MMSG-10545]
Starting action Action.	[MsgId: MMSG-15919]
Action.c(4): web_url("canonical.html") started  	[MsgId: MMSG-26355]
Action.c(4): Detected non-resource "https://support.mozilla.org/kb/captive-portal" in "http://detectportal.firefox.com/canonical.html"  	[MsgId: MMSG-26573]
Action.c(4): Error -35196: HTTP Status-Code=429 (Retry With) for "https://support.mozilla.org/kb/captive-portal"  	[MsgId: MERR-35196]
End auto log messages stack.	[MsgId: MMSG-10544]

Start auto log messages stack - Iteration 39.	[MsgId: MMSG-10545]
Starting action Action.	[MsgId: MMSG-15919]
Action.c(4): web_url("canonical.html") started  	[MsgId: MMSG-26355]
Action.c(4): Detected non-resource "https://support.mozilla.org/kb/captive-portal" in "http://detectportal.firefox.com/canonical.html"  	[MsgId: MMSG-26573]
Action.c(4): Error -35196: HTTP Status-Code=429 (Retry With) for "https://support.mozilla.org/kb/captive-portal"  	[MsgId: MERR-35196]
End auto log messages stack.	[MsgId: MMSG-10544]

Start auto log messages stack - Iteration 40.	[MsgId: MMSG-10545]
Starting action Action.	[MsgId: MMSG-15919]
Action.c(4): web_url("canonical.html") started  	[MsgId: MMSG-26355]
Action.c(4): Detected non-resource "https://support.mozilla.org/kb/captive-portal" in "http://detectportal.firefox.com/canonical.html"  	[MsgId: MMSG-26573]
Action.c(4): Error -35196: HTTP Status-Code=429 (Retry With) for "https://support.mozilla.org/kb/captive-portal"  	[MsgId: MERR-35196]
End auto log messages stack.	[MsgId: MMSG-10544]

Start auto log messages stack - Iteration 41.	[MsgId: MMSG-10545]
Starting action Action.	[MsgId: MMSG-15919]
Action.c(4): web_url("canonical.html") started  	[MsgId: MMSG-26355]
Action.c(4): Detected non-resource "https://support.mozilla.org/kb/captive-portal" in "http://detectportal.firefox.com/canonical.html"  	[MsgId: MMSG-26573]
Action.c(4): Error -35196: HTTP Status-Code=429 (Retry With) for "https://support.mozilla.org/kb/captive-portal"  	[MsgId: MERR-35196]
End auto log messages stack.	[MsgId: MMSG-10544]

Start auto log messages stack - Iteration 42.	[MsgId: MMSG-10545]
Starting action Action.	[MsgId: MMSG-15919]
Action.c(4): web_url("canonical.html") started  	[MsgId: MMSG-26355]
Action.c(4): Detected non-resource "https://support.mozilla.org/kb/captive-portal" in "http://detectportal.firefox.com/canonical.html"  	[MsgId: MMSG-26573]
Action.c(4): Error -35196: HTTP Status-Code=429 (Retry With) for "https://support.mozilla.org/kb/captive-portal"  	[MsgId: MERR-35196]
End auto log messages stack.	[MsgId: MMSG-10544]

Start auto log messages stack - Iteration 43.	[MsgId: MMSG-10545]
Starting action Action.	[MsgId: MMSG-15919]
Action.c(4): web_url("canonical.html") started  	[MsgId: MMSG-26355]
Action.c(4): Detected non-resource "https://support.mozilla.org/kb/captive-portal" in "http://detectportal.firefox.com/canonical.html"  	[MsgId: MMSG-26573]
Action.c(4): Error -35196: HTTP Status-Code=429 (Retry With) for "https://support.mozilla.org/kb/captive-portal"  	[MsgId: MERR-35196]
End auto log messages stack.	[MsgId: MMSG-10544]

Start auto log messages stack - Iteration 44.	[MsgId: MMSG-10545]
Starting action Action.	[MsgId: MMSG-15919]
Action.c(4): web_url("canonical.html") started  	[MsgId: MMSG-26355]
Action.c(4): Detected non-resource "https://support.mozilla.org/kb/captive-portal" in "http://detectportal.firefox.com/canonical.html"  	[MsgId: MMSG-26573]
Action.c(4): Error -35196: HTTP Status-Code=429 (Retry With) for "https://support.mozilla.org/kb/captive-portal"  	[MsgId: MERR-35196]
End auto log messages stack.	[MsgId: MMSG-10544]

Start auto log messages stack - Iteration 45.	[MsgId: MMSG-10545]
Starting action Action.	[MsgId: MMSG-15919]
Action.c(4): web_url("canonical.html") started  	[MsgId: MMSG-26355]
Action.c(4): Detected non-resource "https://support.mozilla.org/kb/captive-portal" in "http://detectportal.firefox.com/canonical.html"  	[MsgId: MMSG-26573]
Action.c(4): Error -35196: HTTP Status-Code=429 (Retry With) for "https://support.mozilla.org/kb/captive-portal"  	[MsgId: MERR-35196]
End auto log messages stack.	[MsgId: MMSG-10544]

Start auto log messages stack - Iteration 46.	[MsgId: MMSG-10545]
Starting action Action.	[MsgId: MMSG-15919]
Action.c(4): web_url("canonical.html") started  	[MsgId: MMSG-26355]
Action.c(4): Detected non-resource "https://support.mozilla.org/kb/captive-portal" in "http://detectportal.firefox.com/canonical.html"  	[MsgId: MMSG-26573]
Action.c(4): Error -35196: HTTP Status-Code=429 (Retry With) for "https://support.mozilla.org/kb/captive-portal"  	[MsgId: MERR-35196]
End auto log messages stack.	[MsgId: MMSG-10544]

Start auto log messages stack - Iteration 47.	[MsgId: MMSG-10545]
Starting action Action.	[MsgId: MMSG-15919]
Action.c(4): web_url("canonical.html") started  	[MsgId: MMSG-26355]
Action.c(4): Detected non-resource "https://support.mozilla.org/kb/captive-portal" in "http://detectportal.firefox.com/canonical.html"  	[MsgId: MMSG-26573]
Action.c(4): Error -35196: HTTP Status-Code=429 (Retry With) for "https://support.mozilla.org/kb/captive-portal"  	[MsgId: MERR-35196]
End auto log messages stack.	[MsgId: MMSG-10544]

Start auto log messages stack - Iteration 48.	[MsgId: MMSG-10545]
Starting action Action.	[MsgId: MMSG-15919]
Action.c(4): web_url("canonical.html") started  	[MsgId: MMSG-26355]
Action.c(4): Detected non-resource "https://support.mozilla.org/kb/captive-portal" in "http://detectportal.firefox.com/canonical.html"  	[MsgId: MMSG-26573]
Action.c(4): Error -35196: HTTP Status-Code=429 (Retry With) for "https://support.mozilla.org/kb/captive-portal"  	[MsgId: MERR-35196]
End auto log messages stack.	[MsgId: MMSG-10544]

Start auto log messages stack - Iteration 49.	[MsgId: MMSG-10545]
Starting action Action.	[MsgId: MMSG-15919]
Action.c(4): web_url("canonical.html") started  	[MsgId: MMSG-26355]
Action.c(4): Detected non-resource "https://support.mozilla.org/kb/captive-portal" in "http://detectportal.firefox.com/canonical.html"  	[MsgId: MMSG-26573]
Action.c(4): Error -35196: HTTP Status-Code=429 (Retry With) for "https://support.mozilla.org/kb/captive-portal"  	[MsgId: MERR-35196]
End auto log messages stack.	[MsgId: MMSG-10544]

Start auto log messages stack - Iteration 50.	[MsgId: MMSG-10545]
Starting action Action.	[MsgId: MMSG-15919]
Action.c(4): web_url("canonical.html") started  	[MsgId: MMSG-26355]
Action.c(4): Detected non-resource "https://support.mozilla.org/kb/captive-portal" in "http://detectportal.firefox.com/canonical.html"  	[MsgId: MMSG-26573]
Action.c(4): Error -35196: HTTP Status-Code=429 (Retry With) for "https://support.mozilla.org/kb/captive-portal"  	[MsgId: MERR-35196]
End auto log messages stack.	[MsgId: MMSG-10544]

Start auto log messages stack - Iteration 51.	[MsgId: MMSG-10545]
Starting action Action.	[MsgId: MMSG-15919]
Action.c(4): web_url("canonical.html") started  	[MsgId: MMSG-26355]
Action.c(4): Detected non-resource "https://support.mozilla.org/kb/captive-portal" in "http://detectportal.firefox.com/canonical.html"  	[MsgId: MMSG-26573]
Action.c(4): Error -35196: HTTP Status-Code=429 (Retry With) for "https://support.mozilla.org/kb/captive-portal"  	[MsgId: MERR-35196]
End auto log messages stack.	[MsgId: MMSG-10544]

Start auto log messages stack - Iteration 52.	[MsgId: MMSG-10545]
Starting action Action.	[MsgId: MMSG-15919]
Action.c(4): web_url("canonical.html") started  	[MsgId: MMSG-26355]
Action.c(4): Detected non-resource "https://support.mozilla.org/kb/captive-portal" in "http://detectportal.firefox.com/canonical.html"  	[MsgId: MMSG-26573]
Action.c(4): Error -35196: HTTP Status-Code=429 (Retry With) for "https://support.mozilla.org/kb/captive-portal"  	[MsgId: MERR-35196]
End auto log messages stack.	[MsgId: MMSG-10544]

Start auto log messages stack - Iteration 53.	[MsgId: MMSG-10545]
Starting action Action.	[MsgId: MMSG-15919]
Action.c(4): web_url("canonical.html") started  	[MsgId: MMSG-26355]
Action.c(4): Detected non-resource "https://support.mozilla.org/kb/captive-portal" in "http://detectportal.firefox.com/canonical.html"  	[MsgId: MMSG-26573]
Action.c(4): Error -35196: HTTP Status-Code=429 (Retry With) for "https://support.mozilla.org/kb/captive-portal"  	[MsgId: MERR-35196]
End auto log messages stack.	[MsgId: MMSG-10544]

Start auto log messages stack - Iteration 54.	[MsgId: MMSG-10545]
Starting action Action.	[MsgId: MMSG-15919]
Action.c(4): web_url("canonical.html") started  	[MsgId: MMSG-26355]
Action.c(4): Detected non-resource "https://support.mozilla.org/kb/captive-portal" in "http://detectportal.firefox.com/canonical.html"  	[MsgId: MMSG-26573]
Action.c(4): Error -35196: HTTP Status-Code=429 (Retry With) for "https://support.mozilla.org/kb/captive-portal"  	[MsgId: MERR-35196]
End auto log messages stack.	[MsgId: MMSG-10544]

Start auto log messages stack - Iteration 55.	[MsgId: MMSG-10545]
Starting action Action.	[MsgId: MMSG-15919]
Action.c(4): web_url("canonical.html") started  	[MsgId: MMSG-26355]
Action.c(4): Detected non-resource "https://support.mozilla.org/kb/captive-portal" in "http://detectportal.firefox.com/canonical.html"  	[MsgId: MMSG-26573]
Action.c(4): Error -35196: HTTP Status-Code=429 (Retry With) for "https://support.mozilla.org/kb/captive-portal"  	[MsgId: MERR-35196]
End auto log messages stack.	[MsgId: MMSG-10544]

Start auto log messages stack - Iteration 56.	[MsgId: MMSG-10545]
Starting action Action.	[MsgId: MMSG-15919]
Action.c(4): web_url("canonical.html") started  	[MsgId: MMSG-26355]
Action.c(4): Detected non-resource "https://support.mozilla.org/kb/captive-portal" in "http://detectportal.firefox.com/canonical.html"  	[MsgId: MMSG-26573]
Action.c(4): Error -35196: HTTP Status-Code=429 (Retry With) for "https://support.mozilla.org/kb/captive-portal"  	[MsgId: MERR-35196]
End auto log messages stack.	[MsgId: MMSG-10544]

Start auto log messages stack - Iteration 57.	[MsgId: MMSG-10545]
Starting action Action.	[MsgId: MMSG-15919]
Action.c(4): web_url("canonical.html") started  	[MsgId: MMSG-26355]
Action.c(4): Detected non-resource "https://support.mozilla.org/kb/captive-portal" in "http://detectportal.firefox.com/canonical.html"  	[MsgId: MMSG-26573]
Action.c(4): Error -35196: HTTP Status-Code=429 (Retry With) for "https://support.mozilla.org/kb/captive-portal"  	[MsgId: MERR-35196]
End auto log messages stack.	[MsgId: MMSG-10544]

Start auto log messages stack - Iteration 58.	[MsgId: MMSG-10545]
Starting action Action.	[MsgId: MMSG-15919]
Action.c(4): web_url("canonical.html") started  	[MsgId: MMSG-26355]
Action.c(4): Detected non-resource "https://support.mozilla.org/kb/captive-portal" in "http://detectportal.firefox.com/canonical.html"  	[MsgId: MMSG-26573]
Action.c(4): Error -35196: HTTP Status-Code=429 (Retry With) for "https://support.mozilla.org/kb/captive-portal"  	[MsgId: MERR-35196]
End auto log messages stack.	[MsgId: MMSG-10544]

Start auto log messages stack - Iteration 59.	[MsgId: MMSG-10545]
Starting action Action.	[MsgId: MMSG-15919]
Action.c(4): web_url("canonical.html") started  	[MsgId: MMSG-26355]
Action.c(4): Detected non-resource "https://support.mozilla.org/kb/captive-portal" in "http://detectportal.firefox.com/canonical.html"  	[MsgId: MMSG-26573]
Action.c(4): Error -35196: HTTP Status-Code=429 (Retry With) for "https://support.mozilla.org/kb/captive-portal"  	[MsgId: MERR-35196]
End auto log messages stack.	[MsgId: MMSG-10544]

Start auto log messages stack - Iteration 60.	[MsgId: MMSG-10545]
Starting action Action.	[MsgId: MMSG-15919]
Action.c(4): web_url("canonical.html") started  	[MsgId: MMSG-26355]
Action.c(4): Detected non-resource "https://support.mozilla.org/kb/captive-portal" in "http://detectportal.firefox.com/canonical.html"  	[MsgId: MMSG-26573]
Action.c(4): Error -35196: HTTP Status-Code=429 (Retry With) for "https://support.mozilla.org/kb/captive-portal"  	[MsgId: MERR-35196]
End auto log messages stack.	[MsgId: MMSG-10544]

Start auto log messages stack - Iteration 61.	[MsgId: MMSG-10545]
Starting action Action.	[MsgId: MMSG-15919]
Action.c(4): web_url("canonical.html") started  	[MsgId: MMSG-26355]
Action.c(4): Detected non-resource "https://support.mozilla.org/kb/captive-portal" in "http://detectportal.firefox.com/canonical.html"  	[MsgId: MMSG-26573]
Action.c(4): Error -35196: HTTP Status-Code=429 (Retry With) for "https://support.mozilla.org/kb/captive-portal"  	[MsgId: MERR-35196]
End auto log messages stack.	[MsgId: MMSG-10544]

Start auto log messages stack - Iteration 62.	[MsgId: MMSG-10545]
Starting action Action.	[MsgId: MMSG-15919]
Action.c(4): web_url("canonical.html") started  	[MsgId: MMSG-26355]
Action.c(4): Detected non-resource "https://support.mozilla.org/kb/captive-portal" in "http://detectportal.firefox.com/canonical.html"  	[MsgId: MMSG-26573]
Action.c(4): Error -35196: HTTP Status-Code=429 (Retry With) for "https://support.mozilla.org/kb/captive-portal"  	[MsgId: MERR-35196]
End auto log messages stack.	[MsgId: MMSG-10544]

Start auto log messages stack - Iteration 63.	[MsgId: MMSG-10545]
Starting action Action.	[MsgId: MMSG-15919]
Action.c(4): web_url("canonical.html") started  	[MsgId: MMSG-26355]
Action.c(4): Detected non-resource "https://support.mozilla.org/kb/captive-portal" in "http://detectportal.firefox.com/canonical.html"  	[MsgId: MMSG-26573]
Action.c(4): Error -35196: HTTP Status-Code=429 (Retry With) for "https://support.mozilla.org/kb/captive-portal"  	[MsgId: MERR-35196]
End auto log messages stack.	[MsgId: MMSG-10544]

Start auto log messages stack - Iteration 64.	[MsgId: MMSG-10545]
Starting action Action.	[MsgId: MMSG-15919]
Action.c(4): web_url("canonical.html") started  	[MsgId: MMSG-26355]
Action.c(4): Detected non-resource "https://support.mozilla.org/kb/captive-portal" in "http://detectportal.firefox.com/canonical.html"  	[MsgId: MMSG-26573]
Action.c(4): Error -35196: HTTP Status-Code=429 (Retry With) for "https://support.mozilla.org/kb/captive-portal"  	[MsgId: MERR-35196]
End auto log messages stack.	[MsgId: MMSG-10544]

Start auto log messages stack - Iteration 65.	[MsgId: MMSG-10545]
Starting action Action.	[MsgId: MMSG-15919]
Action.c(4): web_url("canonical.html") started  	[MsgId: MMSG-26355]
Action.c(4): Detected non-resource "https://support.mozilla.org/kb/captive-portal" in "http://detectportal.firefox.com/canonical.html"  	[MsgId: MMSG-26573]
Action.c(4): Error -35196: HTTP Status-Code=429 (Retry With) for "https://support.mozilla.org/kb/captive-portal"  	[MsgId: MERR-35196]
End auto log messages stack.	[MsgId: MMSG-10544]

Start auto log messages stack - Iteration 66.	[MsgId: MMSG-10545]
Starting action Action.	[MsgId: MMSG-15919]
Action.c(4): web_url("canonical.html") started  	[MsgId: MMSG-26355]
Action.c(4): Detected non-resource "https://support.mozilla.org/kb/captive-portal" in "http://detectportal.firefox.com/canonical.html"  	[MsgId: MMSG-26573]
Action.c(4): Error -35196: HTTP Status-Code=429 (Retry With) for "https://support.mozilla.org/kb/captive-portal"  	[MsgId: MERR-35196]
End auto log messages stack.	[MsgId: MMSG-10544]

Start auto log messages stack - Iteration 67.	[MsgId: MMSG-10545]
Starting action Action.	[MsgId: MMSG-15919]
Action.c(4): web_url("canonical.html") started  	[MsgId: MMSG-26355]
Action.c(4): Detected non-resource "https://support.mozilla.org/kb/captive-portal" in "http://detectportal.firefox.com/canonical.html"  	[MsgId: MMSG-26573]
Action.c(4): Error -35196: HTTP Status-Code=429 (Retry With) for "https://support.mozilla.org/kb/captive-portal"  	[MsgId: MERR-35196]
End auto log messages stack.	[MsgId: MMSG-10544]

Start auto log messages stack - Iteration 68.	[MsgId: MMSG-10545]
Starting action Action.	[MsgId: MMSG-15919]
Action.c(4): web_url("canonical.html") started  	[MsgId: MMSG-26355]
Action.c(4): Detected non-resource "https://support.mozilla.org/kb/captive-portal" in "http://detectportal.firefox.com/canonical.html"  	[MsgId: MMSG-26573]
Action.c(4): Error -35196: HTTP Status-Code=429 (Retry With) for "https://support.mozilla.org/kb/captive-portal"  	[MsgId: MERR-35196]
End auto log messages stack.	[MsgId: MMSG-10544]

Start auto log messages stack - Iteration 69.	[MsgId: MMSG-10545]
Starting action Action.	[MsgId: MMSG-15919]
Action.c(4): web_url("canonical.html") started  	[MsgId: MMSG-26355]
Action.c(4): Detected non-resource "https://support.mozilla.org/kb/captive-portal" in "http://detectportal.firefox.com/canonical.html"  	[MsgId: MMSG-26573]
Action.c(4): Error -35196: HTTP Status-Code=429 (Retry With) for "https://support.mozilla.org/kb/captive-portal"  	[MsgId: MERR-35196]
End auto log messages stack.	[MsgId: MMSG-10544]

Start auto log messages stack - Iteration 70.	[MsgId: MMSG-10545]
Starting action Action.	[MsgId: MMSG-15919]
Action.c(4): web_url("canonical.html") started  	[MsgId: MMSG-26355]
Action.c(4): Detected non-resource "https://support.mozilla.org/kb/captive-portal" in "http://detectportal.firefox.com/canonical.html"  	[MsgId: MMSG-26573]
Action.c(4): Error -35196: HTTP Status-Code=429 (Retry With) for "https://support.mozilla.org/kb/captive-portal"  	[MsgId: MERR-35196]
End auto log messages stack.	[MsgId: MMSG-10544]

Start auto log messages stack - Iteration 71.	[MsgId: MMSG-10545]
Starting action Action.	[MsgId: MMSG-15919]
Action.c(4): web_url("canonical.html") started  	[MsgId: MMSG-26355]
Action.c(4): Detected non-resource "https://support.mozilla.org/kb/captive-portal" in "http://detectportal.firefox.com/canonical.html"  	[MsgId: MMSG-26573]
Action.c(4): Error -35196: HTTP Status-Code=429 (Retry With) for "https://support.mozilla.org/kb/captive-portal"  	[MsgId: MERR-35196]
End auto log messages stack.	[MsgId: MMSG-10544]

Start auto log messages stack - Iteration 72.	[MsgId: MMSG-10545]
Starting action Action.	[MsgId: MMSG-15919]
Action.c(4): web_url("canonical.html") started  	[MsgId: MMSG-26355]
Action.c(4): Detected non-resource "https://support.mozilla.org/kb/captive-portal" in "http://detectportal.firefox.com/canonical.html"  	[MsgId: MMSG-26573]
Action.c(4): Error -35196: HTTP Status-Code=429 (Retry With) for "https://support.mozilla.org/kb/captive-portal"  	[MsgId: MERR-35196]
End auto log messages stack.	[MsgId: MMSG-10544]

Start auto log messages stack - Iteration 73.	[MsgId: MMSG-10545]
Starting action Action.	[MsgId: MMSG-15919]
Action.c(4): web_url("canonical.html") started  	[MsgId: MMSG-26355]
Action.c(4): Detected non-resource "https://support.mozilla.org/kb/captive-portal" in "http://detectportal.firefox.com/canonical.html"  	[MsgId: MMSG-26573]
Action.c(4): Error -35196: HTTP Status-Code=429 (Retry With) for "https://support.mozilla.org/kb/captive-portal"  	[MsgId: MERR-35196]
End auto log messages stack.	[MsgId: MMSG-10544]

Start auto log messages stack - Iteration 74.	[MsgId: MMSG-10545]
Starting action Action.	[MsgId: MMSG-15919]
Action.c(4): web_url("canonical.html") started  	[MsgId: MMSG-26355]
Action.c(4): Detected non-resource "https://support.mozilla.org/kb/captive-portal" in "http://detectportal.firefox.com/canonical.html"  	[MsgId: MMSG-26573]
Action.c(4): Error -35196: HTTP Status-Code=429 (Retry With) for "https://support.mozilla.org/kb/captive-portal"  	[MsgId: MERR-35196]
End auto log messages stack.	[MsgId: MMSG-10544]

Start auto log messages stack - Iteration 75.	[MsgId: MMSG-10545]
Starting action Action.	[MsgId: MMSG-15919]
Action.c(4): web_url("canonical.html") started  	[MsgId: MMSG-26355]
Action.c(4): Detected non-resource "https://support.mozilla.org/kb/captive-portal" in "http://detectportal.firefox.com/canonical.html"  	[MsgId: MMSG-26573]
Action.c(4): Error -35196: HTTP Status-Code=429 (Retry With) for "https://support.mozilla.org/kb/captive-portal"  	[MsgId: MERR-35196]
End auto log messages stack.	[MsgId: MMSG-10544]

Start auto log messages stack - Iteration 76.	[MsgId: MMSG-10545]
Starting action Action.	[MsgId: MMSG-15919]
Action.c(4): web_url("canonical.html") started  	[MsgId: MMSG-26355]
Action.c(4): Detected non-resource "https://support.mozilla.org/kb/captive-portal" in "http://detectportal.firefox.com/canonical.html"  	[MsgId: MMSG-26573]
Action.c(4): Error -35196: HTTP Status-Code=429 (Retry With) for "https://support.mozilla.org/kb/captive-portal"  	[MsgId: MERR-35196]
End auto log messages stack.	[MsgId: MMSG-10544]

Start auto log messages stack - Iteration 77.	[MsgId: MMSG-10545]
Starting action Action.	[MsgId: MMSG-15919]
Action.c(4): web_url("canonical.html") started  	[MsgId: MMSG-26355]
Action.c(4): Detected non-resource "https://support.mozilla.org/kb/captive-portal" in "http://detectportal.firefox.com/canonical.html"  	[MsgId: MMSG-26573]
Action.c(4): Error -35196: HTTP Status-Code=429 (Retry With) for "https://support.mozilla.org/kb/captive-portal"  	[MsgId: MERR-35196]
End auto log messages stack.	[MsgId: MMSG-10544]

Start auto log messages stack - Iteration 78.	[MsgId: MMSG-10545]
Starting action Action.	[MsgId: MMSG-15919]
Action.c(4): web_url("canonical.html") started  	[MsgId: MMSG-26355]
Action.c(4): Detected non-resource "https://support.mozilla.org/kb/captive-portal" in "http://detectportal.firefox.com/canonical.html"  	[MsgId: MMSG-26573]
Action.c(4): Error -35196: HTTP Status-Code=429 (Retry With) for "https://support.mozilla.org/kb/captive-portal"  	[MsgId: MERR-35196]
End auto log messages stack.	[MsgId: MMSG-10544]

Start auto log messages stack - Iteration 79.	[MsgId: MMSG-10545]
Starting action Action.	[MsgId: MMSG-15919]
Action.c(4): web_url("canonical.html") started  	[MsgId: MMSG-26355]
Action.c(4): Detected non-resource "https://support.mozilla.org/kb/captive-portal" in "http://detectportal.firefox.com/canonical.html"  	[MsgId: MMSG-26573]
Action.c(4): Error -35196: HTTP Status-Code=429 (Retry With) for "https://support.mozilla.org/kb/captive-portal"  	[MsgId: MERR-35196]
End auto log messages stack.	[MsgId: MMSG-10544]

Start auto log messages stack - Iteration 80.	[MsgId: MMSG-10545]
Starting action Action.	[MsgId: MMSG-15919]
Action.c(4): web_url("canonical.html") started  	[MsgId: MMSG-26355]
Action.c(4): Detected non-resource "https://support.mozilla.org/kb/captive-portal" in "http://detectportal.firefox.com/canonical.html"  	[MsgId: MMSG-26573]
Action.c(4): Error -35196: HTTP Status-Code=429 (Retry With) for "https://support.mozilla.org/kb/captive-portal"  	[MsgId: MERR-35196]
End auto log messages stack.	[MsgId: MMSG-10544]

Start auto log messages stack - Iteration 81.	[MsgId: MMSG-10545]
Starting action Action.	[MsgId: MMSG-15919]
Action.c(4): web_url("canonical.html") started  	[MsgId: MMSG-26355]
Action.c(4): Detected non-resource "https://support.mozilla.org/kb/captive-portal" in "http://detectportal.firefox.com/canonical.html"  	[MsgId: MMSG-26573]
Action.c(4): Error -35196: HTTP Status-Code=429 (Retry With) for "https://support.mozilla.org/kb/captive-portal"  	[MsgId: MERR-35196]
End auto log messages stack.	[MsgId: MMSG-10544]

Start auto log messages stack - Iteration 82.	[MsgId: MMSG-10545]
Starting action Action.	[MsgId: MMSG-15919]
Action.c(4): web_url("canonical.html") started  	[MsgId: MMSG-26355]
Action.c(4): Detected non-resource "https://support.mozilla.org/kb/captive-portal" in "http://detectportal.firefox.com/canonical.html"  	[MsgId: MMSG-26573]
Action.c(4): Error -35196: HTTP Status-Code=429 (Retry With) for "https://support.mozilla.org/kb/captive-portal"  	[MsgId: MERR-35196]
End auto log messages stack.	[MsgId: MMSG-10544]

Start auto log messages stack - Iteration 83.	[MsgId: MMSG-10545]
Starting action Action.	[MsgId: MMSG-15919]
Action.c(4): web_url("canonical.html") started  	[MsgId: MMSG-26355]
Action.c(4): Detected non-resource "https://support.mozilla.org/kb/captive-portal" in "http://detectportal.firefox.com/canonical.html"  	[MsgId: MMSG-26573]
Action.c(4): Error -35196: HTTP Status-Code=429 (Retry With) for "https://support.mozilla.org/kb/captive-portal"  	[MsgId: MERR-35196]
End auto log messages stack.	[MsgId: MMSG-10544]

Start auto log messages stack - Iteration 84.	[MsgId: MMSG-10545]
Starting action Action.	[MsgId: MMSG-15919]
Action.c(4): web_url("canonical.html") started  	[MsgId: MMSG-26355]
Action.c(4): Detected non-resource "https://support.mozilla.org/kb/captive-portal" in "http://detectportal.firefox.com/canonical.html"  	[MsgId: MMSG-26573]
Action.c(4): Error -35196: HTTP Status-Code=429 (Retry With) for "https://support.mozilla.org/kb/captive-portal"  	[MsgId: MERR-35196]
End auto log messages stack.	[MsgId: MMSG-10544]

Start auto log messages stack - Iteration 85.	[MsgId: MMSG-10545]
Starting action Action.	[MsgId: MMSG-15919]
Action.c(4): web_url("canonical.html") started  	[MsgId: MMSG-26355]
Action.c(4): Detected non-resource "https://support.mozilla.org/kb/captive-portal" in "http://detectportal.firefox.com/canonical.html"  	[MsgId: MMSG-26573]
Action.c(4): Error -35196: HTTP Status-Code=429 (Retry With) for "https://support.mozilla.org/kb/captive-portal"  	[MsgId: MERR-35196]
End auto log messages stack.	[MsgId: MMSG-10544]

Start auto log messages stack - Iteration 86.	[MsgId: MMSG-10545]
Starting action Action.	[MsgId: MMSG-15919]
Action.c(4): web_url("canonical.html") started  	[MsgId: MMSG-26355]
Action.c(4): Detected non-resource "https://support.mozilla.org/kb/captive-portal" in "http://detectportal.firefox.com/canonical.html"  	[MsgId: MMSG-26573]
Action.c(4): Error -35196: HTTP Status-Code=429 (Retry With) for "https://support.mozilla.org/kb/captive-portal"  	[MsgId: MERR-35196]
End auto log messages stack.	[MsgId: MMSG-10544]

Start auto log messages stack - Iteration 87.	[MsgId: MMSG-10545]
Starting action Action.	[MsgId: MMSG-15919]
Action.c(4): web_url("canonical.html") started  	[MsgId: MMSG-26355]
Action.c(4): Detected non-resource "https://support.mozilla.org/kb/captive-portal" in "http://detectportal.firefox.com/canonical.html"  	[MsgId: MMSG-26573]
Action.c(4): Error -35196: HTTP Status-Code=429 (Retry With) for "https://support.mozilla.org/kb/captive-portal"  	[MsgId: MERR-35196]
End auto log messages stack.	[MsgId: MMSG-10544]

Start auto log messages stack - Iteration 88.	[MsgId: MMSG-10545]
Starting action Action.	[MsgId: MMSG-15919]
Action.c(4): web_url("canonical.html") started  	[MsgId: MMSG-26355]
Action.c(4): Detected non-resource "https://support.mozilla.org/kb/captive-portal" in "http://detectportal.firefox.com/canonical.html"  	[MsgId: MMSG-26573]
Action.c(4): Error -35196: HTTP Status-Code=429 (Retry With) for "https://support.mozilla.org/kb/captive-portal"  	[MsgId: MERR-35196]
End auto log messages stack.	[MsgId: MMSG-10544]

Start auto log messages stack - Iteration 89.	[MsgId: MMSG-10545]
Starting action Action.	[MsgId: MMSG-15919]
Action.c(4): web_url("canonical.html") started  	[MsgId: MMSG-26355]
Action.c(4): Detected non-resource "https://support.mozilla.org/kb/captive-portal" in "http://detectportal.firefox.com/canonical.html"  	[MsgId: MMSG-26573]
Action.c(4): Error -35196: HTTP Status-Code=429 (Retry With) for "https://support.mozilla.org/kb/captive-portal"  	[MsgId: MERR-35196]
End auto log messages stack.	[MsgId: MMSG-10544]

Start auto log messages stack - Iteration 90.	[MsgId: MMSG-10545]
Starting action Action.	[MsgId: MMSG-15919]
Action.c(4): web_url("canonical.html") started  	[MsgId: MMSG-26355]
Action.c(4): Detected non-resource "https://support.mozilla.org/kb/captive-portal" in "http://detectportal.firefox.com/canonical.html"  	[MsgId: MMSG-26573]
Action.c(4): Error -35196: HTTP Status-Code=429 (Retry With) for "https://support.mozilla.org/kb/captive-portal"  	[MsgId: MERR-35196]
End auto log messages stack.	[MsgId: MMSG-10544]

Start auto log messages stack - Iteration 91.	[MsgId: MMSG-10545]
Starting action Action.	[MsgId: MMSG-15919]
Action.c(4): web_url("canonical.html") started  	[MsgId: MMSG-26355]
Action.c(4): Detected non-resource "https://support.mozilla.org/kb/captive-portal" in "http://detectportal.firefox.com/canonical.html"  	[MsgId: MMSG-26573]
Action.c(4): Error -35196: HTTP Status-Code=429 (Retry With) for "https://support.mozilla.org/kb/captive-portal"  	[MsgId: MERR-35196]
End auto log messages stack.	[MsgId: MMSG-10544]

Start auto log messages stack - Iteration 92.	[MsgId: MMSG-10545]
Starting action Action.	[MsgId: MMSG-15919]
Action.c(4): web_url("canonical.html") started  	[MsgId: MMSG-26355]
Action.c(4): Detected non-resource "https://support.mozilla.org/kb/captive-portal" in "http://detectportal.firefox.com/canonical.html"  	[MsgId: MMSG-26573]
Action.c(4): Error -35196: HTTP Status-Code=429 (Retry With) for "https://support.mozilla.org/kb/captive-portal"  	[MsgId: MERR-35196]
End auto log messages stack.	[MsgId: MMSG-10544]

Start auto log messages stack - Iteration 93.	[MsgId: MMSG-10545]
Starting action Action.	[MsgId: MMSG-15919]
Action.c(4): web_url("canonical.html") started  	[MsgId: MMSG-26355]
Action.c(4): Detected non-resource "https://support.mozilla.org/kb/captive-portal" in "http://detectportal.firefox.com/canonical.html"  	[MsgId: MMSG-26573]
Action.c(4): Error -35196: HTTP Status-Code=429 (Retry With) for "https://support.mozilla.org/kb/captive-portal"  	[MsgId: MERR-35196]
End auto log messages stack.	[MsgId: MMSG-10544]

Start auto log messages stack - Iteration 94.	[MsgId: MMSG-10545]
Starting action Action.	[MsgId: MMSG-15919]
Action.c(4): web_url("canonical.html") started  	[MsgId: MMSG-26355]
Action.c(4): Detected non-resource "https://support.mozilla.org/kb/captive-portal" in "http://detectportal.firefox.com/canonical.html"  	[MsgId: MMSG-26573]
Action.c(4): Error -35196: HTTP Status-Code=429 (Retry With) for "https://support.mozilla.org/kb/captive-portal"  	[MsgId: MERR-35196]
End auto log messages stack.	[MsgId: MMSG-10544]

Start auto log messages stack - Iteration 95.	[MsgId: MMSG-10545]
Starting action Action.	[MsgId: MMSG-15919]
Action.c(4): web_url("canonical.html") started  	[MsgId: MMSG-26355]
Action.c(4): Detected non-resource "https://support.mozilla.org/kb/captive-portal" in "http://detectportal.firefox.com/canonical.html"  	[MsgId: MMSG-26573]
Action.c(4): Error -35196: HTTP Status-Code=429 (Retry With) for "https://support.mozilla.org/kb/captive-portal"  	[MsgId: MERR-35196]
End auto log messages stack.	[MsgId: MMSG-10544]

Start auto log messages stack - Iteration 96.	[MsgId: MMSG-10545]
Starting action Action.	[MsgId: MMSG-15919]
Action.c(4): web_url("canonical.html") started  	[MsgId: MMSG-26355]
Action.c(4): Detected non-resource "https://support.mozilla.org/kb/captive-portal" in "http://detectportal.firefox.com/canonical.html"  	[MsgId: MMSG-26573]
Action.c(4): Error -35196: HTTP Status-Code=429 (Retry With) for "https://support.mozilla.org/kb/captive-portal"  	[MsgId: MERR-35196]
End auto log messages stack.	[MsgId: MMSG-10544]

Start auto log messages stack - Iteration 97.	[MsgId: MMSG-10545]
Starting action Action.	[MsgId: MMSG-15919]
Action.c(4): web_url("canonical.html") started  	[MsgId: MMSG-26355]
Action.c(4): Detected non-resource "https://support.mozilla.org/kb/captive-portal" in "http://detectportal.firefox.com/canonical.html"  	[MsgId: MMSG-26573]
Action.c(4): Error -35196: HTTP Status-Code=429 (Retry With) for "https://support.mozilla.org/kb/captive-portal"  	[MsgId: MERR-35196]
End auto log messages stack.	[MsgId: MMSG-10544]

Start auto log messages stack - Iteration 98.	[MsgId: MMSG-10545]
Starting action Action.	[MsgId: MMSG-15919]
Action.c(4): web_url("canonical.html") started  	[MsgId: MMSG-26355]
Action.c(4): Detected non-resource "https://support.mozilla.org/kb/captive-portal" in "http://detectportal.firefox.com/canonical.html"  	[MsgId: MMSG-26573]
Action.c(4): Error -35196: HTTP Status-Code=429 (Retry With) for "https://support.mozilla.org/kb/captive-portal"  	[MsgId: MERR-35196]
End auto log messages stack.	[MsgId: MMSG-10544]

Start auto log messages stack - Iteration 99.	[MsgId: MMSG-10545]
Starting action Action.	[MsgId: MMSG-15919]
Action.c(4): web_url("canonical.html") started  	[MsgId: MMSG-26355]
Action.c(4): Detected non-resource "https://support.mozilla.org/kb/captive-portal" in "http://detectportal.firefox.com/canonical.html"  	[MsgId: MMSG-26573]
Action.c(4): Error -35196: HTTP Status-Code=429 (Retry With) for "https://support.mozilla.org/kb/captive-portal"  	[MsgId: MERR-35196]
End auto log messages stack.	[MsgId: MMSG-10544]

Start auto log messages stack - Iteration 100.	[MsgId: MMSG-10545]
Starting action Action.	[MsgId: MMSG-15919]
Action.c(4): web_url("canonical.html") started  	[MsgId: MMSG-26355]
Action.c(4): Detected non-resource "https://support.mozilla.org/kb/captive-portal" in "http://detectportal.firefox.com/canonical.html"  	[MsgId: MMSG-26573]
Action.c(4): Error -35196: HTTP Status-Code=429 (Retry With) for "https://support.mozilla.org/kb/captive-portal"  	[MsgId: MERR-35196]
End auto log messages stack.	[MsgId: MMSG-10544]

Start auto log messages stack - Iteration 101.	[MsgId: MMSG-10545]
Starting action Action.	[MsgId: MMSG-15919]
Action.c(4): web_url("canonical.html") started  	[MsgId: MMSG-26355]
Action.c(4): Detected non-resource "https://support.mozilla.org/kb/captive-portal" in "http://detectportal.firefox.com/canonical.html"  	[MsgId: MMSG-26573]
Action.c(4): Error -35196: HTTP Status-Code=429 (Retry With) for "https://support.mozilla.org/kb/captive-portal"  	[MsgId: MERR-35196]
End auto log messages stack.	[MsgId: MMSG-10544]

Start auto log messages stack - Iteration 102.	[MsgId: MMSG-10545]
Starting action Action.	[MsgId: MMSG-15919]
Action.c(4): web_url("canonical.html") started  	[MsgId: MMSG-26355]
Action.c(4): Detected non-resource "https://support.mozilla.org/kb/captive-portal" in "http://detectportal.firefox.com/canonical.html"  	[MsgId: MMSG-26573]
Action.c(4): Error -35196: HTTP Status-Code=429 (Retry With) for "https://support.mozilla.org/kb/captive-portal"  	[MsgId: MERR-35196]
End auto log messages stack.	[MsgId: MMSG-10544]

Start auto log messages stack - Iteration 103.	[MsgId: MMSG-10545]
Starting action Action.	[MsgId: MMSG-15919]
Action.c(4): web_url("canonical.html") started  	[MsgId: MMSG-26355]
Action.c(4): Detected non-resource "https://support.mozilla.org/kb/captive-portal" in "http://detectportal.firefox.com/canonical.html"  	[MsgId: MMSG-26573]
Action.c(4): Error -35196: HTTP Status-Code=429 (Retry With) for "https://support.mozilla.org/kb/captive-portal"  	[MsgId: MERR-35196]
End auto log messages stack.	[MsgId: MMSG-10544]

Start auto log messages stack - Iteration 104.	[MsgId: MMSG-10545]
Starting action Action.	[MsgId: MMSG-15919]
Action.c(4): web_url("canonical.html") started  	[MsgId: MMSG-26355]
Action.c(4): Detected non-resource "https://support.mozilla.org/kb/captive-portal" in "http://detectportal.firefox.com/canonical.html"  	[MsgId: MMSG-26573]
Action.c(4): Error -35196: HTTP Status-Code=429 (Retry With) for "https://support.mozilla.org/kb/captive-portal"  	[MsgId: MERR-35196]
End auto log messages stack.	[MsgId: MMSG-10544]

Start auto log messages stack - Iteration 105.	[MsgId: MMSG-10545]
Starting action Action.	[MsgId: MMSG-15919]
Action.c(4): web_url("canonical.html") started  	[MsgId: MMSG-26355]
Action.c(4): Detected non-resource "https://support.mozilla.org/kb/captive-portal" in "http://detectportal.firefox.com/canonical.html"  	[MsgId: MMSG-26573]
Action.c(4): Error -35196: HTTP Status-Code=429 (Retry With) for "https://support.mozilla.org/kb/captive-portal"  	[MsgId: MERR-35196]
End auto log messages stack.	[MsgId: MMSG-10544]

Start auto log messages stack - Iteration 106.	[MsgId: MMSG-10545]
Starting action Action.	[MsgId: MMSG-15919]
Action.c(4): web_url("canonical.html") started  	[MsgId: MMSG-26355]
Action.c(4): Detected non-resource "https://support.mozilla.org/kb/captive-portal" in "http://detectportal.firefox.com/canonical.html"  	[MsgId: MMSG-26573]
Action.c(4): Error -35196: HTTP Status-Code=429 (Retry With) for "https://support.mozilla.org/kb/captive-portal"  	[MsgId: MERR-35196]
End auto log messages stack.	[MsgId: MMSG-10544]

Start auto log messages stack - Iteration 107.	[MsgId: MMSG-10545]
Starting action Action.	[MsgId: MMSG-15919]
Action.c(4): web_url("canonical.html") started  	[MsgId: MMSG-26355]
Action.c(4): Detected non-resource "https://support.mozilla.org/kb/captive-portal" in "http://detectportal.firefox.com/canonical.html"  	[MsgId: MMSG-26573]
Action.c(4): Error -35196: HTTP Status-Code=429 (Retry With) for "https://support.mozilla.org/kb/captive-portal"  	[MsgId: MERR-35196]
End auto log messages stack.	[MsgId: MMSG-10544]

Start auto log messages stack - Iteration 108.	[MsgId: MMSG-10545]
Starting action Action.	[MsgId: MMSG-15919]
Action.c(4): web_url("canonical.html") started  	[MsgId: MMSG-26355]
Action.c(4): Detected non-resource "https://support.mozilla.org/kb/captive-portal" in "http://detectportal.firefox.com/canonical.html"  	[MsgId: MMSG-26573]
Action.c(4): Error -35196: HTTP Status-Code=429 (Retry With) for "https://support.mozilla.org/kb/captive-portal"  	[MsgId: MERR-35196]
End auto log messages stack.	[MsgId: MMSG-10544]

Start auto log messages stack - Iteration 109.	[MsgId: MMSG-10545]
Starting action Action.	[MsgId: MMSG-15919]
Action.c(4): web_url("canonical.html") started  	[MsgId: MMSG-26355]
Action.c(4): Detected non-resource "https://support.mozilla.org/kb/captive-portal" in "http://detectportal.firefox.com/canonical.html"  	[MsgId: MMSG-26573]
Action.c(4): Error -35196: HTTP Status-Code=429 (Retry With) for "https://support.mozilla.org/kb/captive-portal"  	[MsgId: MERR-35196]
End auto log messages stack.	[MsgId: MMSG-10544]

Start auto log messages stack - Iteration 110.	[MsgId: MMSG-10545]
Starting action Action.	[MsgId: MMSG-15919]
Action.c(4): web_url("canonical.html") started  	[MsgId: MMSG-26355]
Action.c(4): Detected non-resource "https://support.mozilla.org/kb/captive-portal" in "http://detectportal.firefox.com/canonical.html"  	[MsgId: MMSG-26573]
Action.c(4): Error -35196: HTTP Status-Code=429 (Retry With) for "https://support.mozilla.org/kb/captive-portal"  	[MsgId: MERR-35196]
End auto log messages stack.	[MsgId: MMSG-10544]

Start auto log messages stack - Iteration 111.	[MsgId: MMSG-10545]
Starting action Action.	[MsgId: MMSG-15919]
Action.c(4): web_url("canonical.html") started  	[MsgId: MMSG-26355]
Action.c(4): Detected non-resource "https://support.mozilla.org/kb/captive-portal" in "http://detectportal.firefox.com/canonical.html"  	[MsgId: MMSG-26573]
Action.c(4): Error -35196: HTTP Status-Code=429 (Retry With) for "https://support.mozilla.org/kb/captive-portal"  	[MsgId: MERR-35196]
End auto log messages stack.	[MsgId: MMSG-10544]

Start auto log messages stack - Iteration 112.	[MsgId: MMSG-10545]
Starting action Action.	[MsgId: MMSG-15919]
Action.c(4): web_url("canonical.html") started  	[MsgId: MMSG-26355]
Action.c(4): Detected non-resource "https://support.mozilla.org/kb/captive-portal" in "http://detectportal.firefox.com/canonical.html"  	[MsgId: MMSG-26573]
Action.c(4): Error -35196: HTTP Status-Code=429 (Retry With) for "https://support.mozilla.org/kb/captive-portal"  	[MsgId: MERR-35196]
End auto log messages stack.	[MsgId: MMSG-10544]

Start auto log messages stack - Iteration 113.	[MsgId: MMSG-10545]
Starting action Action.	[MsgId: MMSG-15919]
Action.c(4): web_url("canonical.html") started  	[MsgId: MMSG-26355]
Action.c(4): Detected non-resource "https://support.mozilla.org/kb/captive-portal" in "http://detectportal.firefox.com/canonical.html"  	[MsgId: MMSG-26573]
Action.c(4): Error -35196: HTTP Status-Code=429 (Retry With) for "https://support.mozilla.org/kb/captive-portal"  	[MsgId: MERR-35196]
End auto log messages stack.	[MsgId: MMSG-10544]

Start auto log messages stack - Iteration 114.	[MsgId: MMSG-10545]
Starting action Action.	[MsgId: MMSG-15919]
Action.c(4): web_url("canonical.html") started  	[MsgId: MMSG-26355]
Action.c(4): Detected non-resource "https://support.mozilla.org/kb/captive-portal" in "http://detectportal.firefox.com/canonical.html"  	[MsgId: MMSG-26573]
Action.c(4): Error -35196: HTTP Status-Code=429 (Retry With) for "https://support.mozilla.org/kb/captive-portal"  	[MsgId: MERR-35196]
End auto log messages stack.	[MsgId: MMSG-10544]

Start auto log messages stack - Iteration 115.	[MsgId: MMSG-10545]
Starting action Action.	[MsgId: MMSG-15919]
Action.c(4): web_url("canonical.html") started  	[MsgId: MMSG-26355]
Action.c(4): Detected non-resource "https://support.mozilla.org/kb/captive-portal" in "http://detectportal.firefox.com/canonical.html"  	[MsgId: MMSG-26573]
Action.c(4): Error -35196: HTTP Status-Code=429 (Retry With) for "https://support.mozilla.org/kb/captive-portal"  	[MsgId: MERR-35196]
End auto log messages stack.	[MsgId: MMSG-10544]

Start auto log messages stack - Iteration 116.	[MsgId: MMSG-10545]
Starting action Action.	[MsgId: MMSG-15919]
Action.c(4): web_url("canonical.html") started  	[MsgId: MMSG-26355]
Action.c(4): Detected non-resource "https://support.mozilla.org/kb/captive-portal" in "http://detectportal.firefox.com/canonical.html"  	[MsgId: MMSG-26573]
Action.c(4): Error -35196: HTTP Status-Code=429 (Retry With) for "https://support.mozilla.org/kb/captive-portal"  	[MsgId: MERR-35196]
End auto log messages stack.	[MsgId: MMSG-10544]

Start auto log messages stack - Iteration 117.	[MsgId: MMSG-10545]
Starting action Action.	[MsgId: MMSG-15919]
Action.c(4): web_url("canonical.html") started  	[MsgId: MMSG-26355]
Action.c(4): Detected non-resource "https://support.mozilla.org/kb/captive-portal" in "http://detectportal.firefox.com/canonical.html"  	[MsgId: MMSG-26573]
Action.c(4): Error -35196: HTTP Status-Code=429 (Retry With) for "https://support.mozilla.org/kb/captive-portal"  	[MsgId: MERR-35196]
End auto log messages stack.	[MsgId: MMSG-10544]

Start auto log messages stack - Iteration 118.	[MsgId: MMSG-10545]
Starting action Action.	[MsgId: MMSG-15919]
Action.c(4): web_url("canonical.html") started  	[MsgId: MMSG-26355]
Action.c(4): Detected non-resource "https://support.mozilla.org/kb/captive-portal" in "http://detectportal.firefox.com/canonical.html"  	[MsgId: MMSG-26573]
Action.c(4): Error -35196: HTTP Status-Code=429 (Retry With) for "https://support.mozilla.org/kb/captive-portal"  	[MsgId: MERR-35196]
End auto log messages stack.	[MsgId: MMSG-10544]

Start auto log messages stack - Iteration 119.	[MsgId: MMSG-10545]
Starting action Action.	[MsgId: MMSG-15919]
Action.c(4): web_url("canonical.html") started  	[MsgId: MMSG-26355]
Action.c(4): Detected non-resource "https://support.mozilla.org/kb/captive-portal" in "http://detectportal.firefox.com/canonical.html"  	[MsgId: MMSG-26573]
Action.c(4): Error -35196: HTTP Status-Code=429 (Retry With) for "https://support.mozilla.org/kb/captive-portal"  	[MsgId: MERR-35196]
End auto log messages stack.	[MsgId: MMSG-10544]

Start auto log messages stack - Iteration 120.	[MsgId: MMSG-10545]
Starting action Action.	[MsgId: MMSG-15919]
Action.c(4): web_url("canonical.html") started  	[MsgId: MMSG-26355]
Action.c(4): Detected non-resource "https://support.mozilla.org/kb/captive-portal" in "http://detectportal.firefox.com/canonical.html"  	[MsgId: MMSG-26573]
Action.c(4): Error -35196: HTTP Status-Code=429 (Retry With) for "https://support.mozilla.org/kb/captive-portal"  	[MsgId: MERR-35196]
End auto log messages stack.	[MsgId: MMSG-10544]

Start auto log messages stack - Iteration 121.	[MsgId: MMSG-10545]
Starting action Action.	[MsgId: MMSG-15919]
Action.c(4): web_url("canonical.html") started  	[MsgId: MMSG-26355]
Action.c(4): Detected non-resource "https://support.mozilla.org/kb/captive-portal" in "http://detectportal.firefox.com/canonical.html"  	[MsgId: MMSG-26573]
Action.c(4): Error -35196: HTTP Status-Code=429 (Retry With) for "https://support.mozilla.org/kb/captive-portal"  	[MsgId: MERR-35196]
End auto log messages stack.	[MsgId: MMSG-10544]

Start auto log messages stack - Iteration 122.	[MsgId: MMSG-10545]
Starting action Action.	[MsgId: MMSG-15919]
Action.c(4): web_url("canonical.html") started  	[MsgId: MMSG-26355]
Action.c(4): Detected non-resource "https://support.mozilla.org/kb/captive-portal" in "http://detectportal.firefox.com/canonical.html"  	[MsgId: MMSG-26573]
Action.c(4): Error -35196: HTTP Status-Code=429 (Retry With) for "https://support.mozilla.org/kb/captive-portal"  	[MsgId: MERR-35196]
End auto log messages stack.	[MsgId: MMSG-10544]

Start auto log messages stack - Iteration 123.	[MsgId: MMSG-10545]
Starting action Action.	[MsgId: MMSG-15919]
Action.c(4): web_url("canonical.html") started  	[MsgId: MMSG-26355]
Action.c(4): Detected non-resource "https://support.mozilla.org/kb/captive-portal" in "http://detectportal.firefox.com/canonical.html"  	[MsgId: MMSG-26573]
Action.c(4): Error -35196: HTTP Status-Code=429 (Retry With) for "https://support.mozilla.org/kb/captive-portal"  	[MsgId: MERR-35196]
End auto log messages stack.	[MsgId: MMSG-10544]

Start auto log messages stack - Iteration 124.	[MsgId: MMSG-10545]
Starting action Action.	[MsgId: MMSG-15919]
Action.c(4): web_url("canonical.html") started  	[MsgId: MMSG-26355]
Action.c(4): Detected non-resource "https://support.mozilla.org/kb/captive-portal" in "http://detectportal.firefox.com/canonical.html"  	[MsgId: MMSG-26573]
Action.c(4): Error -35196: HTTP Status-Code=429 (Retry With) for "https://support.mozilla.org/kb/captive-portal"  	[MsgId: MERR-35196]
End auto log messages stack.	[MsgId: MMSG-10544]

Start auto log messages stack - Iteration 125.	[MsgId: MMSG-10545]
Starting action Action.	[MsgId: MMSG-15919]
Action.c(4): web_url("canonical.html") started  	[MsgId: MMSG-26355]
Action.c(4): Detected non-resource "https://support.mozilla.org/kb/captive-portal" in "http://detectportal.firefox.com/canonical.html"  	[MsgId: MMSG-26573]
Action.c(4): Error -35196: HTTP Status-Code=429 (Retry With) for "https://support.mozilla.org/kb/captive-portal"  	[MsgId: MERR-35196]
End auto log messages stack.	[MsgId: MMSG-10544]

Start auto log messages stack - Iteration 126.	[MsgId: MMSG-10545]
Starting action Action.	[MsgId: MMSG-15919]
Action.c(4): web_url("canonical.html") started  	[MsgId: MMSG-26355]
Action.c(4): Detected non-resource "https://support.mozilla.org/kb/captive-portal" in "http://detectportal.firefox.com/canonical.html"  	[MsgId: MMSG-26573]
Action.c(4): Error -35196: HTTP Status-Code=429 (Retry With) for "https://support.mozilla.org/kb/captive-portal"  	[MsgId: MERR-35196]
End auto log messages stack.	[MsgId: MMSG-10544]

Start auto log messages stack - Iteration 127.	[MsgId: MMSG-10545]
Starting action Action.	[MsgId: MMSG-15919]
Action.c(4): web_url("canonical.html") started  	[MsgId: MMSG-26355]
Action.c(4): Detected non-resource "https://support.mozilla.org/kb/captive-portal" in "http://detectportal.firefox.com/canonical.html"  	[MsgId: MMSG-26573]
Action.c(4): Error -35196: HTTP Status-Code=429 (Retry With) for "https://support.mozilla.org/kb/captive-portal"  	[MsgId: MERR-35196]
End auto log messages stack.	[MsgId: MMSG-10544]

Start auto log messages stack - Iteration 128.	[MsgId: MMSG-10545]
Starting action Action.	[MsgId: MMSG-15919]
Action.c(4): web_url("canonical.html") started  	[MsgId: MMSG-26355]
Action.c(4): Detected non-resource "https://support.mozilla.org/kb/captive-portal" in "http://detectportal.firefox.com/canonical.html"  	[MsgId: MMSG-26573]
Action.c(4): Error -35196: HTTP Status-Code=429 (Retry With) for "https://support.mozilla.org/kb/captive-portal"  	[MsgId: MERR-35196]
End auto log messages stack.	[MsgId: MMSG-10544]

Start auto log messages stack - Iteration 129.	[MsgId: MMSG-10545]
Starting action Action.	[MsgId: MMSG-15919]
Action.c(4): web_url("canonical.html") started  	[MsgId: MMSG-26355]
Action.c(4): Detected non-resource "https://support.mozilla.org/kb/captive-portal" in "http://detectportal.firefox.com/canonical.html"  	[MsgId: MMSG-26573]
Action.c(4): Error -35196: HTTP Status-Code=429 (Retry With) for "https://support.mozilla.org/kb/captive-portal"  	[MsgId: MERR-35196]
End auto log messages stack.	[MsgId: MMSG-10544]

Start auto log messages stack - Iteration 130.	[MsgId: MMSG-10545]
Starting action Action.	[MsgId: MMSG-15919]
Action.c(4): web_url("canonical.html") started  	[MsgId: MMSG-26355]
Action.c(4): Detected non-resource "https://support.mozilla.org/kb/captive-portal" in "http://detectportal.firefox.com/canonical.html"  	[MsgId: MMSG-26573]
Action.c(4): Error -35196: HTTP Status-Code=429 (Retry With) for "https://support.mozilla.org/kb/captive-portal"  	[MsgId: MERR-35196]
End auto log messages stack.	[MsgId: MMSG-10544]

Start auto log messages stack - Iteration 131.	[MsgId: MMSG-10545]
Starting action Action.	[MsgId: MMSG-15919]
Action.c(4): web_url("canonical.html") started  	[MsgId: MMSG-26355]
Action.c(4): Detected non-resource "https://support.mozilla.org/kb/captive-portal" in "http://detectportal.firefox.com/canonical.html"  	[MsgId: MMSG-26573]
Action.c(4): Error -35196: HTTP Status-Code=429 (Retry With) for "https://support.mozilla.org/kb/captive-portal"  	[MsgId: MERR-35196]
End auto log messages stack.	[MsgId: MMSG-10544]

Start auto log messages stack - Iteration 132.	[MsgId: MMSG-10545]
Starting action Action.	[MsgId: MMSG-15919]
Action.c(4): web_url("canonical.html") started  	[MsgId: MMSG-26355]
Action.c(4): Detected non-resource "https://support.mozilla.org/kb/captive-portal" in "http://detectportal.firefox.com/canonical.html"  	[MsgId: MMSG-26573]
Action.c(4): Error -35196: HTTP Status-Code=429 (Retry With) for "https://support.mozilla.org/kb/captive-portal"  	[MsgId: MERR-35196]
End auto log messages stack.	[MsgId: MMSG-10544]

Start auto log messages stack - Iteration 133.	[MsgId: MMSG-10545]
Starting action Action.	[MsgId: MMSG-15919]
Action.c(4): web_url("canonical.html") started  	[MsgId: MMSG-26355]
Action.c(4): Detected non-resource "https://support.mozilla.org/kb/captive-portal" in "http://detectportal.firefox.com/canonical.html"  	[MsgId: MMSG-26573]
Action.c(4): Error -35196: HTTP Status-Code=429 (Retry With) for "https://support.mozilla.org/kb/captive-portal"  	[MsgId: MERR-35196]
End auto log messages stack.	[MsgId: MMSG-10544]

Start auto log messages stack - Iteration 134.	[MsgId: MMSG-10545]
Starting action Action.	[MsgId: MMSG-15919]
Action.c(4): web_url("canonical.html") started  	[MsgId: MMSG-26355]
Action.c(4): Detected non-resource "https://support.mozilla.org/kb/captive-portal" in "http://detectportal.firefox.com/canonical.html"  	[MsgId: MMSG-26573]
Action.c(4): Error -35196: HTTP Status-Code=429 (Retry With) for "https://support.mozilla.org/kb/captive-portal"  	[MsgId: MERR-35196]
End auto log messages stack.	[MsgId: MMSG-10544]

Start auto log messages stack - Iteration 135.	[MsgId: MMSG-10545]
Starting action Action.	[MsgId: MMSG-15919]
Action.c(4): web_url("canonical.html") started  	[MsgId: MMSG-26355]
Action.c(4): Detected non-resource "https://support.mozilla.org/kb/captive-portal" in "http://detectportal.firefox.com/canonical.html"  	[MsgId: MMSG-26573]
Action.c(4): Error -35196: HTTP Status-Code=429 (Retry With) for "https://support.mozilla.org/kb/captive-portal"  	[MsgId: MERR-35196]
End auto log messages stack.	[MsgId: MMSG-10544]

Start auto log messages stack - Iteration 136.	[MsgId: MMSG-10545]
Starting action Action.	[MsgId: MMSG-15919]
Action.c(4): web_url("canonical.html") started  	[MsgId: MMSG-26355]
Action.c(4): Detected non-resource "https://support.mozilla.org/kb/captive-portal" in "http://detectportal.firefox.com/canonical.html"  	[MsgId: MMSG-26573]
Action.c(4): Error -35196: HTTP Status-Code=429 (Retry With) for "https://support.mozilla.org/kb/captive-portal"  	[MsgId: MERR-35196]
End auto log messages stack.	[MsgId: MMSG-10544]

Start auto log messages stack - Iteration 137.	[MsgId: MMSG-10545]
Starting action Action.	[MsgId: MMSG-15919]
Action.c(4): web_url("canonical.html") started  	[MsgId: MMSG-26355]
Action.c(4): Detected non-resource "https://support.mozilla.org/kb/captive-portal" in "http://detectportal.firefox.com/canonical.html"  	[MsgId: MMSG-26573]
Action.c(4): Error -35196: HTTP Status-Code=429 (Retry With) for "https://support.mozilla.org/kb/captive-portal"  	[MsgId: MERR-35196]
End auto log messages stack.	[MsgId: MMSG-10544]

Start auto log messages stack - Iteration 138.	[MsgId: MMSG-10545]
Starting action Action.	[MsgId: MMSG-15919]
Action.c(4): web_url("canonical.html") started  	[MsgId: MMSG-26355]
Action.c(4): Detected non-resource "https://support.mozilla.org/kb/captive-portal" in "http://detectportal.firefox.com/canonical.html"  	[MsgId: MMSG-26573]
Action.c(4): Error -35196: HTTP Status-Code=429 (Retry With) for "https://support.mozilla.org/kb/captive-portal"  	[MsgId: MERR-35196]
End auto log messages stack.	[MsgId: MMSG-10544]

Start auto log messages stack - Iteration 139.	[MsgId: MMSG-10545]
Starting action Action.	[MsgId: MMSG-15919]
Action.c(4): web_url("canonical.html") started  	[MsgId: MMSG-26355]
Action.c(4): Detected non-resource "https://support.mozilla.org/kb/captive-portal" in "http://detectportal.firefox.com/canonical.html"  	[MsgId: MMSG-26573]
Action.c(4): Error -35196: HTTP Status-Code=429 (Retry With) for "https://support.mozilla.org/kb/captive-portal"  	[MsgId: MERR-35196]
End auto log messages stack.	[MsgId: MMSG-10544]

Start auto log messages stack - Iteration 140.	[MsgId: MMSG-10545]
Starting action Action.	[MsgId: MMSG-15919]
Action.c(4): web_url("canonical.html") started  	[MsgId: MMSG-26355]
Action.c(4): Detected non-resource "https://support.mozilla.org/kb/captive-portal" in "http://detectportal.firefox.com/canonical.html"  	[MsgId: MMSG-26573]
Action.c(4): Error -35196: HTTP Status-Code=429 (Retry With) for "https://support.mozilla.org/kb/captive-portal"  	[MsgId: MERR-35196]
End auto log messages stack.	[MsgId: MMSG-10544]

Start auto log messages stack - Iteration 141.	[MsgId: MMSG-10545]
Starting action Action.	[MsgId: MMSG-15919]
Action.c(4): web_url("canonical.html") started  	[MsgId: MMSG-26355]
Action.c(4): Detected non-resource "https://support.mozilla.org/kb/captive-portal" in "http://detectportal.firefox.com/canonical.html"  	[MsgId: MMSG-26573]
Action.c(4): Error -35196: HTTP Status-Code=429 (Retry With) for "https://support.mozilla.org/kb/captive-portal"  	[MsgId: MERR-35196]
End auto log messages stack.	[MsgId: MMSG-10544]

Start auto log messages stack - Iteration 142.	[MsgId: MMSG-10545]
Starting action Action.	[MsgId: MMSG-15919]
Action.c(4): web_url("canonical.html") started  	[MsgId: MMSG-26355]
Action.c(4): Detected non-resource "https://support.mozilla.org/kb/captive-portal" in "http://detectportal.firefox.com/canonical.html"  	[MsgId: MMSG-26573]
Action.c(4): Error -35196: HTTP Status-Code=429 (Retry With) for "https://support.mozilla.org/kb/captive-portal"  	[MsgId: MERR-35196]
End auto log messages stack.	[MsgId: MMSG-10544]

Start auto log messages stack - Iteration 143.	[MsgId: MMSG-10545]
Starting action Action.	[MsgId: MMSG-15919]
Action.c(4): web_url("canonical.html") started  	[MsgId: MMSG-26355]
Action.c(4): Detected non-resource "https://support.mozilla.org/kb/captive-portal" in "http://detectportal.firefox.com/canonical.html"  	[MsgId: MMSG-26573]
Action.c(4): Error -35196: HTTP Status-Code=429 (Retry With) for "https://support.mozilla.org/kb/captive-portal"  	[MsgId: MERR-35196]
End auto log messages stack.	[MsgId: MMSG-10544]

Start auto log messages stack - Iteration 144.	[MsgId: MMSG-10545]
Starting action Action.	[MsgId: MMSG-15919]
Action.c(4): web_url("canonical.html") started  	[MsgId: MMSG-26355]
Action.c(4): Detected non-resource "https://support.mozilla.org/kb/captive-portal" in "http://detectportal.firefox.com/canonical.html"  	[MsgId: MMSG-26573]
Action.c(4): Error -35196: HTTP Status-Code=429 (Retry With) for "https://support.mozilla.org/kb/captive-portal"  	[MsgId: MERR-35196]
End auto log messages stack.	[MsgId: MMSG-10544]

Start auto log messages stack - Iteration 145.	[MsgId: MMSG-10545]
Starting action Action.	[MsgId: MMSG-15919]
Action.c(4): web_url("canonical.html") started  	[MsgId: MMSG-26355]
Action.c(4): Detected non-resource "https://support.mozilla.org/kb/captive-portal" in "http://detectportal.firefox.com/canonical.html"  	[MsgId: MMSG-26573]
Action.c(4): Error -35196: HTTP Status-Code=429 (Retry With) for "https://support.mozilla.org/kb/captive-portal"  	[MsgId: MERR-35196]
End auto log messages stack.	[MsgId: MMSG-10544]

Start auto log messages stack - Iteration 146.	[MsgId: MMSG-10545]
Starting action Action.	[MsgId: MMSG-15919]
Action.c(4): web_url("canonical.html") started  	[MsgId: MMSG-26355]
Action.c(4): Detected non-resource "https://support.mozilla.org/kb/captive-portal" in "http://detectportal.firefox.com/canonical.html"  	[MsgId: MMSG-26573]
Action.c(4): Error -35196: HTTP Status-Code=429 (Retry With) for "https://support.mozilla.org/kb/captive-portal"  	[MsgId: MERR-35196]
End auto log messages stack.	[MsgId: MMSG-10544]

Start auto log messages stack - Iteration 147.	[MsgId: MMSG-10545]
Starting action Action.	[MsgId: MMSG-15919]
Action.c(4): web_url("canonical.html") started  	[MsgId: MMSG-26355]
Action.c(4): Detected non-resource "https://support.mozilla.org/kb/captive-portal" in "http://detectportal.firefox.com/canonical.html"  	[MsgId: MMSG-26573]
Action.c(4): Error -35196: HTTP Status-Code=429 (Retry With) for "https://support.mozilla.org/kb/captive-portal"  	[MsgId: MERR-35196]
End auto log messages stack.	[MsgId: MMSG-10544]

Start auto log messages stack - Iteration 148.	[MsgId: MMSG-10545]
Starting action Action.	[MsgId: MMSG-15919]
Action.c(4): web_url("canonical.html") started  	[MsgId: MMSG-26355]
Action.c(4): Detected non-resource "https://support.mozilla.org/kb/captive-portal" in "http://detectportal.firefox.com/canonical.html"  	[MsgId: MMSG-26573]
Action.c(4): Error -35196: HTTP Status-Code=429 (Retry With) for "https://support.mozilla.org/kb/captive-portal"  	[MsgId: MERR-35196]
End auto log messages stack.	[MsgId: MMSG-10544]

Start auto log messages stack - Iteration 149.	[MsgId: MMSG-10545]
Starting action Action.	[MsgId: MMSG-15919]
Action.c(4): web_url("canonical.html") started  	[MsgId: MMSG-26355]
Action.c(4): Detected non-resource "https://support.mozilla.org/kb/captive-portal" in "http://detectportal.firefox.com/canonical.html"  	[MsgId: MMSG-26573]
Action.c(4): Error -35196: HTTP Status-Code=429 (Retry With) for "https://support.mozilla.org/kb/captive-portal"  	[MsgId: MERR-35196]
End auto log messages stack.	[MsgId: MMSG-10544]

Start auto log messages stack - Iteration 150.	[MsgId: MMSG-10545]
Starting action Action.	[MsgId: MMSG-15919]
Action.c(4): web_url("canonical.html") started  	[MsgId: MMSG-26355]
Action.c(4): Detected non-resource "https://support.mozilla.org/kb/captive-portal" in "http://detectportal.firefox.com/canonical.html"  	[MsgId: MMSG-26573]
Action.c(4): Error -35196: HTTP Status-Code=429 (Retry With) for "https://support.mozilla.org/kb/captive-portal"  	[MsgId: MERR-35196]
End auto log messages stack.	[MsgId: MMSG-10544]

Start auto log messages stack - Iteration 151.	[MsgId: MMSG-10545]
Starting action Action.	[MsgId: MMSG-15919]
Action.c(4): web_url("canonical.html") started  	[MsgId: MMSG-26355]
Action.c(4): Detected non-resource "https://support.mozilla.org/kb/captive-portal" in "http://detectportal.firefox.com/canonical.html"  	[MsgId: MMSG-26573]
Action.c(4): Error -35196: HTTP Status-Code=429 (Retry With) for "https://support.mozilla.org/kb/captive-portal"  	[MsgId: MERR-35196]
End auto log messages stack.	[MsgId: MMSG-10544]

Start auto log messages stack - Iteration 152.	[MsgId: MMSG-10545]
Starting action Action.	[MsgId: MMSG-15919]
Action.c(4): web_url("canonical.html") started  	[MsgId: MMSG-26355]
Action.c(4): Detected non-resource "https://support.mozilla.org/kb/captive-portal" in "http://detectportal.firefox.com/canonical.html"  	[MsgId: MMSG-26573]
Action.c(4): Error -35196: HTTP Status-Code=429 (Retry With) for "https://support.mozilla.org/kb/captive-portal"  	[MsgId: MERR-35196]
End auto log messages stack.	[MsgId: MMSG-10544]

Start auto log messages stack - Iteration 153.	[MsgId: MMSG-10545]
Starting action Action.	[MsgId: MMSG-15919]
Action.c(4): web_url("canonical.html") started  	[MsgId: MMSG-26355]
Action.c(4): Detected non-resource "https://support.mozilla.org/kb/captive-portal" in "http://detectportal.firefox.com/canonical.html"  	[MsgId: MMSG-26573]
Action.c(4): Error -35196: HTTP Status-Code=429 (Retry With) for "https://support.mozilla.org/kb/captive-portal"  	[MsgId: MERR-35196]
End auto log messages stack.	[MsgId: MMSG-10544]

Start auto log messages stack - Iteration 154.	[MsgId: MMSG-10545]
Starting action Action.	[MsgId: MMSG-15919]
Action.c(4): web_url("canonical.html") started  	[MsgId: MMSG-26355]
Action.c(4): Detected non-resource "https://support.mozilla.org/kb/captive-portal" in "http://detectportal.firefox.com/canonical.html"  	[MsgId: MMSG-26573]
Action.c(4): Error -35196: HTTP Status-Code=429 (Retry With) for "https://support.mozilla.org/kb/captive-portal"  	[MsgId: MERR-35196]
End auto log messages stack.	[MsgId: MMSG-10544]

Start auto log messages stack - Iteration 155.	[MsgId: MMSG-10545]
Starting action Action.	[MsgId: MMSG-15919]
Action.c(4): web_url("canonical.html") started  	[MsgId: MMSG-26355]
Action.c(4): Detected non-resource "https://support.mozilla.org/kb/captive-portal" in "http://detectportal.firefox.com/canonical.html"  	[MsgId: MMSG-26573]
Action.c(4): Error -35196: HTTP Status-Code=429 (Retry With) for "https://support.mozilla.org/kb/captive-portal"  	[MsgId: MERR-35196]
End auto log messages stack.	[MsgId: MMSG-10544]

Start auto log messages stack - Iteration 156.	[MsgId: MMSG-10545]
Starting action Action.	[MsgId: MMSG-15919]
Action.c(4): web_url("canonical.html") started  	[MsgId: MMSG-26355]
Action.c(4): Detected non-resource "https://support.mozilla.org/kb/captive-portal" in "http://detectportal.firefox.com/canonical.html"  	[MsgId: MMSG-26573]
Action.c(4): Error -35196: HTTP Status-Code=429 (Retry With) for "https://support.mozilla.org/kb/captive-portal"  	[MsgId: MERR-35196]
End auto log messages stack.	[MsgId: MMSG-10544]

Start auto log messages stack - Iteration 157.	[MsgId: MMSG-10545]
Starting action Action.	[MsgId: MMSG-15919]
Action.c(4): web_url("canonical.html") started  	[MsgId: MMSG-26355]
Action.c(4): Detected non-resource "https://support.mozilla.org/kb/captive-portal" in "http://detectportal.firefox.com/canonical.html"  	[MsgId: MMSG-26573]
Action.c(4): Error -35196: HTTP Status-Code=429 (Retry With) for "https://support.mozilla.org/kb/captive-portal"  	[MsgId: MERR-35196]
End auto log messages stack.	[MsgId: MMSG-10544]

Start auto log messages stack - Iteration 158.	[MsgId: MMSG-10545]
Starting action Action.	[MsgId: MMSG-15919]
Action.c(4): web_url("canonical.html") started  	[MsgId: MMSG-26355]
Action.c(4): Detected non-resource "https://support.mozilla.org/kb/captive-portal" in "http://detectportal.firefox.com/canonical.html"  	[MsgId: MMSG-26573]
Action.c(4): Error -35196: HTTP Status-Code=429 (Retry With) for "https://support.mozilla.org/kb/captive-portal"  	[MsgId: MERR-35196]
End auto log messages stack.	[MsgId: MMSG-10544]

Start auto log messages stack - Iteration 159.	[MsgId: MMSG-10545]
Starting action Action.	[MsgId: MMSG-15919]
Action.c(4): web_url("canonical.html") started  	[MsgId: MMSG-26355]
Action.c(4): Detected non-resource "https://support.mozilla.org/kb/captive-portal" in "http://detectportal.firefox.com/canonical.html"  	[MsgId: MMSG-26573]
Action.c(4): Error -35196: HTTP Status-Code=429 (Retry With) for "https://support.mozilla.org/kb/captive-portal"  	[MsgId: MERR-35196]
End auto log messages stack.	[MsgId: MMSG-10544]

Start auto log messages stack - Iteration 160.	[MsgId: MMSG-10545]
Starting action Action.	[MsgId: MMSG-15919]
Action.c(4): web_url("canonical.html") started  	[MsgId: MMSG-26355]
Action.c(4): Detected non-resource "https://support.mozilla.org/kb/captive-portal" in "http://detectportal.firefox.com/canonical.html"  	[MsgId: MMSG-26573]
Action.c(4): Error -35196: HTTP Status-Code=429 (Retry With) for "https://support.mozilla.org/kb/captive-portal"  	[MsgId: MERR-35196]
End auto log messages stack.	[MsgId: MMSG-10544]

Start auto log messages stack - Iteration 161.	[MsgId: MMSG-10545]
Starting action Action.	[MsgId: MMSG-15919]
Action.c(4): web_url("canonical.html") started  	[MsgId: MMSG-26355]
Action.c(4): Detected non-resource "https://support.mozilla.org/kb/captive-portal" in "http://detectportal.firefox.com/canonical.html"  	[MsgId: MMSG-26573]
Action.c(4): Error -35196: HTTP Status-Code=429 (Retry With) for "https://support.mozilla.org/kb/captive-portal"  	[MsgId: MERR-35196]
End auto log messages stack.	[MsgId: MMSG-10544]

Start auto log messages stack - Iteration 162.	[MsgId: MMSG-10545]
Starting action Action.	[MsgId: MMSG-15919]
Action.c(4): web_url("canonical.html") started  	[MsgId: MMSG-26355]
Action.c(4): Detected non-resource "https://support.mozilla.org/kb/captive-portal" in "http://detectportal.firefox.com/canonical.html"  	[MsgId: MMSG-26573]
Action.c(4): Error -35196: HTTP Status-Code=429 (Retry With) for "https://support.mozilla.org/kb/captive-portal"  	[MsgId: MERR-35196]
End auto log messages stack.	[MsgId: MMSG-10544]

Start auto log messages stack - Iteration 163.	[MsgId: MMSG-10545]
Starting action Action.	[MsgId: MMSG-15919]
Action.c(4): web_url("canonical.html") started  	[MsgId: MMSG-26355]
Action.c(4): Detected non-resource "https://support.mozilla.org/kb/captive-portal" in "http://detectportal.firefox.com/canonical.html"  	[MsgId: MMSG-26573]
Action.c(4): Error -35196: HTTP Status-Code=429 (Retry With) for "https://support.mozilla.org/kb/captive-portal"  	[MsgId: MERR-35196]
End auto log messages stack.	[MsgId: MMSG-10544]

Start auto log messages stack - Iteration 164.	[MsgId: MMSG-10545]
Starting action Action.	[MsgId: MMSG-15919]
Action.c(4): web_url("canonical.html") started  	[MsgId: MMSG-26355]
Action.c(4): Detected non-resource "https://support.mozilla.org/kb/captive-portal" in "http://detectportal.firefox.com/canonical.html"  	[MsgId: MMSG-26573]
Action.c(4): Error -35196: HTTP Status-Code=429 (Retry With) for "https://support.mozilla.org/kb/captive-portal"  	[MsgId: MERR-35196]
End auto log messages stack.	[MsgId: MMSG-10544]

Start auto log messages stack - Iteration 165.	[MsgId: MMSG-10545]
Starting action Action.	[MsgId: MMSG-15919]
Action.c(4): web_url("canonical.html") started  	[MsgId: MMSG-26355]
Action.c(4): Detected non-resource "https://support.mozilla.org/kb/captive-portal" in "http://detectportal.firefox.com/canonical.html"  	[MsgId: MMSG-26573]
Action.c(4): Error -35196: HTTP Status-Code=429 (Retry With) for "https://support.mozilla.org/kb/captive-portal"  	[MsgId: MERR-35196]
End auto log messages stack.	[MsgId: MMSG-10544]

Start auto log messages stack - Iteration 166.	[MsgId: MMSG-10545]
Starting action Action.	[MsgId: MMSG-15919]
Action.c(4): web_url("canonical.html") started  	[MsgId: MMSG-26355]
Action.c(4): Detected non-resource "https://support.mozilla.org/kb/captive-portal" in "http://detectportal.firefox.com/canonical.html"  	[MsgId: MMSG-26573]
Action.c(4): Error -35196: HTTP Status-Code=429 (Retry With) for "https://support.mozilla.org/kb/captive-portal"  	[MsgId: MERR-35196]
End auto log messages stack.	[MsgId: MMSG-10544]

Start auto log messages stack - Iteration 167.	[MsgId: MMSG-10545]
Starting action Action.	[MsgId: MMSG-15919]
Action.c(4): web_url("canonical.html") started  	[MsgId: MMSG-26355]
Action.c(4): Detected non-resource "https://support.mozilla.org/kb/captive-portal" in "http://detectportal.firefox.com/canonical.html"  	[MsgId: MMSG-26573]
Action.c(4): Error -35196: HTTP Status-Code=429 (Retry With) for "https://support.mozilla.org/kb/captive-portal"  	[MsgId: MERR-35196]
End auto log messages stack.	[MsgId: MMSG-10544]

Start auto log messages stack - Iteration 168.	[MsgId: MMSG-10545]
Starting action Action.	[MsgId: MMSG-15919]
Action.c(4): web_url("canonical.html") started  	[MsgId: MMSG-26355]
Action.c(4): Detected non-resource "https://support.mozilla.org/kb/captive-portal" in "http://detectportal.firefox.com/canonical.html"  	[MsgId: MMSG-26573]
Action.c(4): Error -35196: HTTP Status-Code=429 (Retry With) for "https://support.mozilla.org/kb/captive-portal"  	[MsgId: MERR-35196]
End auto log messages stack.	[MsgId: MMSG-10544]

Start auto log messages stack - Iteration 169.	[MsgId: MMSG-10545]
Starting action Action.	[MsgId: MMSG-15919]
Action.c(4): web_url("canonical.html") started  	[MsgId: MMSG-26355]
Action.c(4): Detected non-resource "https://support.mozilla.org/kb/captive-portal" in "http://detectportal.firefox.com/canonical.html"  	[MsgId: MMSG-26573]
Action.c(4): Error -35196: HTTP Status-Code=429 (Retry With) for "https://support.mozilla.org/kb/captive-portal"  	[MsgId: MERR-35196]
End auto log messages stack.	[MsgId: MMSG-10544]

Start auto log messages stack - Iteration 170.	[MsgId: MMSG-10545]
Starting action Action.	[MsgId: MMSG-15919]
Action.c(4): web_url("canonical.html") started  	[MsgId: MMSG-26355]
Action.c(4): Detected non-resource "https://support.mozilla.org/kb/captive-portal" in "http://detectportal.firefox.com/canonical.html"  	[MsgId: MMSG-26573]
Action.c(4): Error -35196: HTTP Status-Code=429 (Retry With) for "https://support.mozilla.org/kb/captive-portal"  	[MsgId: MERR-35196]
End auto log messages stack.	[MsgId: MMSG-10544]

Start auto log messages stack - Iteration 171.	[MsgId: MMSG-10545]
Starting action Action.	[MsgId: MMSG-15919]
Action.c(4): web_url("canonical.html") started  	[MsgId: MMSG-26355]
Action.c(4): Detected non-resource "https://support.mozilla.org/kb/captive-portal" in "http://detectportal.firefox.com/canonical.html"  	[MsgId: MMSG-26573]
Action.c(4): Error -35196: HTTP Status-Code=429 (Retry With) for "https://support.mozilla.org/kb/captive-portal"  	[MsgId: MERR-35196]
End auto log messages stack.	[MsgId: MMSG-10544]

Start auto log messages stack - Iteration 172.	[MsgId: MMSG-10545]
Starting action Action.	[MsgId: MMSG-15919]
Action.c(4): web_url("canonical.html") started  	[MsgId: MMSG-26355]
Action.c(4): Detected non-resource "https://support.mozilla.org/kb/captive-portal" in "http://detectportal.firefox.com/canonical.html"  	[MsgId: MMSG-26573]
Action.c(4): Error -35196: HTTP Status-Code=429 (Retry With) for "https://support.mozilla.org/kb/captive-portal"  	[MsgId: MERR-35196]
End auto log messages stack.	[MsgId: MMSG-10544]

Start auto log messages stack - Iteration 173.	[MsgId: MMSG-10545]
Starting action Action.	[MsgId: MMSG-15919]
Action.c(4): web_url("canonical.html") started  	[MsgId: MMSG-26355]
Action.c(4): Detected non-resource "https://support.mozilla.org/kb/captive-portal" in "http://detectportal.firefox.com/canonical.html"  	[MsgId: MMSG-26573]
Action.c(4): Error -35196: HTTP Status-Code=429 (Retry With) for "https://support.mozilla.org/kb/captive-portal"  	[MsgId: MERR-35196]
End auto log messages stack.	[MsgId: MMSG-10544]

Start auto log messages stack - Iteration 174.	[MsgId: MMSG-10545]
Starting action Action.	[MsgId: MMSG-15919]
Action.c(4): web_url("canonical.html") started  	[MsgId: MMSG-26355]
Action.c(4): Detected non-resource "https://support.mozilla.org/kb/captive-portal" in "http://detectportal.firefox.com/canonical.html"  	[MsgId: MMSG-26573]
Action.c(4): Error -35196: HTTP Status-Code=429 (Retry With) for "https://support.mozilla.org/kb/captive-portal"  	[MsgId: MERR-35196]
End auto log messages stack.	[MsgId: MMSG-10544]

Start auto log messages stack - Iteration 175.	[MsgId: MMSG-10545]
Starting action Action.	[MsgId: MMSG-15919]
Action.c(4): web_url("canonical.html") started  	[MsgId: MMSG-26355]
Action.c(4): Detected non-resource "https://support.mozilla.org/kb/captive-portal" in "http://detectportal.firefox.com/canonical.html"  	[MsgId: MMSG-26573]
Action.c(4): Error -35196: HTTP Status-Code=429 (Retry With) for "https://support.mozilla.org/kb/captive-portal"  	[MsgId: MERR-35196]
End auto log messages stack.	[MsgId: MMSG-10544]

Start auto log messages stack - Iteration 176.	[MsgId: MMSG-10545]
Starting action Action.	[MsgId: MMSG-15919]
Action.c(4): web_url("canonical.html") started  	[MsgId: MMSG-26355]
Action.c(4): Detected non-resource "https://support.mozilla.org/kb/captive-portal" in "http://detectportal.firefox.com/canonical.html"  	[MsgId: MMSG-26573]
Action.c(4): Error -35196: HTTP Status-Code=429 (Retry With) for "https://support.mozilla.org/kb/captive-portal"  	[MsgId: MERR-35196]
End auto log messages stack.	[MsgId: MMSG-10544]

Start auto log messages stack - Iteration 177.	[MsgId: MMSG-10545]
Starting action Action.	[MsgId: MMSG-15919]
Action.c(4): web_url("canonical.html") started  	[MsgId: MMSG-26355]
Action.c(4): Detected non-resource "https://support.mozilla.org/kb/captive-portal" in "http://detectportal.firefox.com/canonical.html"  	[MsgId: MMSG-26573]
Action.c(4): Error -35196: HTTP Status-Code=429 (Retry With) for "https://support.mozilla.org/kb/captive-portal"  	[MsgId: MERR-35196]
End auto log messages stack.	[MsgId: MMSG-10544]

Start auto log messages stack - Iteration 178.	[MsgId: MMSG-10545]
Starting action Action.	[MsgId: MMSG-15919]
Action.c(4): web_url("canonical.html") started  	[MsgId: MMSG-26355]
Action.c(4): Detected non-resource "https://support.mozilla.org/kb/captive-portal" in "http://detectportal.firefox.com/canonical.html"  	[MsgId: MMSG-26573]
Action.c(4): Error -35196: HTTP Status-Code=429 (Retry With) for "https://support.mozilla.org/kb/captive-portal"  	[MsgId: MERR-35196]
End auto log messages stack.	[MsgId: MMSG-10544]

Start auto log messages stack - Iteration 179.	[MsgId: MMSG-10545]
Starting action Action.	[MsgId: MMSG-15919]
Action.c(4): web_url("canonical.html") started  	[MsgId: MMSG-26355]
Action.c(4): Detected non-resource "https://support.mozilla.org/kb/captive-portal" in "http://detectportal.firefox.com/canonical.html"  	[MsgId: MMSG-26573]
Action.c(4): Error -35196: HTTP Status-Code=429 (Retry With) for "https://support.mozilla.org/kb/captive-portal"  	[MsgId: MERR-35196]
End auto log messages stack.	[MsgId: MMSG-10544]

Start auto log messages stack - Iteration 180.	[MsgId: MMSG-10545]
Starting action Action.	[MsgId: MMSG-15919]
Action.c(4): web_url("canonical.html") started  	[MsgId: MMSG-26355]
Action.c(4): Detected non-resource "https://support.mozilla.org/kb/captive-portal" in "http://detectportal.firefox.com/canonical.html"  	[MsgId: MMSG-26573]
Action.c(4): Error -35196: HTTP Status-Code=429 (Retry With) for "https://support.mozilla.org/kb/captive-portal"  	[MsgId: MERR-35196]
End auto log messages stack.	[MsgId: MMSG-10544]

Start auto log messages stack - Iteration 181.	[MsgId: MMSG-10545]
Starting action Action.	[MsgId: MMSG-15919]
Action.c(4): web_url("canonical.html") started  	[MsgId: MMSG-26355]
Action.c(4): Detected non-resource "https://support.mozilla.org/kb/captive-portal" in "http://detectportal.firefox.com/canonical.html"  	[MsgId: MMSG-26573]
Action.c(4): Error -35196: HTTP Status-Code=429 (Retry With) for "https://support.mozilla.org/kb/captive-portal"  	[MsgId: MERR-35196]
End auto log messages stack.	[MsgId: MMSG-10544]

Start auto log messages stack - Iteration 182.	[MsgId: MMSG-10545]
Starting action Action.	[MsgId: MMSG-15919]
Action.c(4): web_url("canonical.html") started  	[MsgId: MMSG-26355]
Action.c(4): Detected non-resource "https://support.mozilla.org/kb/captive-portal" in "http://detectportal.firefox.com/canonical.html"  	[MsgId: MMSG-26573]
Action.c(4): Error -35196: HTTP Status-Code=429 (Retry With) for "https://support.mozilla.org/kb/captive-portal"  	[MsgId: MERR-35196]
End auto log messages stack.	[MsgId: MMSG-10544]

Start auto log messages stack - Iteration 183.	[MsgId: MMSG-10545]
Starting action Action.	[MsgId: MMSG-15919]
Action.c(4): web_url("canonical.html") started  	[MsgId: MMSG-26355]
Action.c(4): Detected non-resource "https://support.mozilla.org/kb/captive-portal" in "http://detectportal.firefox.com/canonical.html"  	[MsgId: MMSG-26573]
Action.c(4): Error -35196: HTTP Status-Code=429 (Retry With) for "https://support.mozilla.org/kb/captive-portal"  	[MsgId: MERR-35196]
End auto log messages stack.	[MsgId: MMSG-10544]

Start auto log messages stack - Iteration 184.	[MsgId: MMSG-10545]
Starting action Action.	[MsgId: MMSG-15919]
Action.c(4): web_url("canonical.html") started  	[MsgId: MMSG-26355]
Action.c(4): Detected non-resource "https://support.mozilla.org/kb/captive-portal" in "http://detectportal.firefox.com/canonical.html"  	[MsgId: MMSG-26573]
Action.c(4): Error -35196: HTTP Status-Code=429 (Retry With) for "https://support.mozilla.org/kb/captive-portal"  	[MsgId: MERR-35196]
End auto log messages stack.	[MsgId: MMSG-10544]

Start auto log messages stack - Iteration 185.	[MsgId: MMSG-10545]
Starting action Action.	[MsgId: MMSG-15919]
Action.c(4): web_url("canonical.html") started  	[MsgId: MMSG-26355]
Action.c(4): Detected non-resource "https://support.mozilla.org/kb/captive-portal" in "http://detectportal.firefox.com/canonical.html"  	[MsgId: MMSG-26573]
Action.c(4): Error -35196: HTTP Status-Code=429 (Retry With) for "https://support.mozilla.org/kb/captive-portal"  	[MsgId: MERR-35196]
End auto log messages stack.	[MsgId: MMSG-10544]

Start auto log messages stack - Iteration 186.	[MsgId: MMSG-10545]
Starting action Action.	[MsgId: MMSG-15919]
Action.c(4): web_url("canonical.html") started  	[MsgId: MMSG-26355]
Action.c(4): Detected non-resource "https://support.mozilla.org/kb/captive-portal" in "http://detectportal.firefox.com/canonical.html"  	[MsgId: MMSG-26573]
Action.c(4): Error -35196: HTTP Status-Code=429 (Retry With) for "https://support.mozilla.org/kb/captive-portal"  	[MsgId: MERR-35196]
End auto log messages stack.	[MsgId: MMSG-10544]

Start auto log messages stack - Iteration 187.	[MsgId: MMSG-10545]
Starting action Action.	[MsgId: MMSG-15919]
Action.c(4): web_url("canonical.html") started  	[MsgId: MMSG-26355]
Action.c(4): Detected non-resource "https://support.mozilla.org/kb/captive-portal" in "http://detectportal.firefox.com/canonical.html"  	[MsgId: MMSG-26573]
Action.c(4): Error -35196: HTTP Status-Code=429 (Retry With) for "https://support.mozilla.org/kb/captive-portal"  	[MsgId: MERR-35196]
End auto log messages stack.	[MsgId: MMSG-10544]

Start auto log messages stack - Iteration 188.	[MsgId: MMSG-10545]
Starting action Action.	[MsgId: MMSG-15919]
Action.c(4): web_url("canonical.html") started  	[MsgId: MMSG-26355]
Action.c(4): Detected non-resource "https://support.mozilla.org/kb/captive-portal" in "http://detectportal.firefox.com/canonical.html"  	[MsgId: MMSG-26573]
Action.c(4): Error -35196: HTTP Status-Code=429 (Retry With) for "https://support.mozilla.org/kb/captive-portal"  	[MsgId: MERR-35196]
End auto log messages stack.	[MsgId: MMSG-10544]

Start auto log messages stack - Iteration 189.	[MsgId: MMSG-10545]
Starting action Action.	[MsgId: MMSG-15919]
Action.c(4): web_url("canonical.html") started  	[MsgId: MMSG-26355]
Action.c(4): Detected non-resource "https://support.mozilla.org/kb/captive-portal" in "http://detectportal.firefox.com/canonical.html"  	[MsgId: MMSG-26573]
Action.c(4): Error -35196: HTTP Status-Code=429 (Retry With) for "https://support.mozilla.org/kb/captive-portal"  	[MsgId: MERR-35196]
End auto log messages stack.	[MsgId: MMSG-10544]

Start auto log messages stack - Iteration 190.	[MsgId: MMSG-10545]
Starting action Action.	[MsgId: MMSG-15919]
Action.c(4): web_url("canonical.html") started  	[MsgId: MMSG-26355]
Action.c(4): Detected non-resource "https://support.mozilla.org/kb/captive-portal" in "http://detectportal.firefox.com/canonical.html"  	[MsgId: MMSG-26573]
Action.c(4): Error -35196: HTTP Status-Code=429 (Retry With) for "https://support.mozilla.org/kb/captive-portal"  	[MsgId: MERR-35196]
End auto log messages stack.	[MsgId: MMSG-10544]

Start auto log messages stack - Iteration 191.	[MsgId: MMSG-10545]
Starting action Action.	[MsgId: MMSG-15919]
Action.c(4): web_url("canonical.html") started  	[MsgId: MMSG-26355]
Action.c(4): Detected non-resource "https://support.mozilla.org/kb/captive-portal" in "http://detectportal.firefox.com/canonical.html"  	[MsgId: MMSG-26573]
Action.c(4): Error -35196: HTTP Status-Code=429 (Retry With) for "https://support.mozilla.org/kb/captive-portal"  	[MsgId: MERR-35196]
End auto log messages stack.	[MsgId: MMSG-10544]

Start auto log messages stack - Iteration 192.	[MsgId: MMSG-10545]
Starting action Action.	[MsgId: MMSG-15919]
Action.c(4): web_url("canonical.html") started  	[MsgId: MMSG-26355]
Action.c(4): Detected non-resource "https://support.mozilla.org/kb/captive-portal" in "http://detectportal.firefox.com/canonical.html"  	[MsgId: MMSG-26573]
Action.c(4): Error -35196: HTTP Status-Code=429 (Retry With) for "https://support.mozilla.org/kb/captive-portal"  	[MsgId: MERR-35196]
End auto log messages stack.	[MsgId: MMSG-10544]

Start auto log messages stack - Iteration 193.	[MsgId: MMSG-10545]
Starting action Action.	[MsgId: MMSG-15919]
Action.c(4): web_url("canonical.html") started  	[MsgId: MMSG-26355]
Action.c(4): Detected non-resource "https://support.mozilla.org/kb/captive-portal" in "http://detectportal.firefox.com/canonical.html"  	[MsgId: MMSG-26573]
Action.c(4): Error -35196: HTTP Status-Code=429 (Retry With) for "https://support.mozilla.org/kb/captive-portal"  	[MsgId: MERR-35196]
End auto log messages stack.	[MsgId: MMSG-10544]

Start auto log messages stack - Iteration 194.	[MsgId: MMSG-10545]
Starting action Action.	[MsgId: MMSG-15919]
Action.c(4): web_url("canonical.html") started  	[MsgId: MMSG-26355]
Action.c(4): Detected non-resource "https://support.mozilla.org/kb/captive-portal" in "http://detectportal.firefox.com/canonical.html"  	[MsgId: MMSG-26573]
Action.c(4): Error -35196: HTTP Status-Code=429 (Retry With) for "https://support.mozilla.org/kb/captive-portal"  	[MsgId: MERR-35196]
End auto log messages stack.	[MsgId: MMSG-10544]

Start auto log messages stack - Iteration 195.	[MsgId: MMSG-10545]
Starting action Action.	[MsgId: MMSG-15919]
Action.c(4): web_url("canonical.html") started  	[MsgId: MMSG-26355]
Action.c(4): Detected non-resource "https://support.mozilla.org/kb/captive-portal" in "http://detectportal.firefox.com/canonical.html"  	[MsgId: MMSG-26573]
Action.c(4): Error -35196: HTTP Status-Code=429 (Retry With) for "https://support.mozilla.org/kb/captive-portal"  	[MsgId: MERR-35196]
End auto log messages stack.	[MsgId: MMSG-10544]

Start auto log messages stack - Iteration 196.	[MsgId: MMSG-10545]
Starting action Action.	[MsgId: MMSG-15919]
Action.c(4): web_url("canonical.html") started  	[MsgId: MMSG-26355]
Action.c(4): Detected non-resource "https://support.mozilla.org/kb/captive-portal" in "http://detectportal.firefox.com/canonical.html"  	[MsgId: MMSG-26573]
Action.c(4): Error -35196: HTTP Status-Code=429 (Retry With) for "https://support.mozilla.org/kb/captive-portal"  	[MsgId: MERR-35196]
End auto log messages stack.	[MsgId: MMSG-10544]

Start auto log messages stack - Iteration 197.	[MsgId: MMSG-10545]
Starting action Action.	[MsgId: MMSG-15919]
Action.c(4): web_url("canonical.html") started  	[MsgId: MMSG-26355]
Action.c(4): Detected non-resource "https://support.mozilla.org/kb/captive-portal" in "http://detectportal.firefox.com/canonical.html"  	[MsgId: MMSG-26573]
Action.c(4): Error -35196: HTTP Status-Code=429 (Retry With) for "https://support.mozilla.org/kb/captive-portal"  	[MsgId: MERR-35196]
End auto log messages stack.	[MsgId: MMSG-10544]

Start auto log messages stack - Iteration 198.	[MsgId: MMSG-10545]
Starting action Action.	[MsgId: MMSG-15919]
Action.c(4): web_url("canonical.html") started  	[MsgId: MMSG-26355]
Action.c(4): Detected non-resource "https://support.mozilla.org/kb/captive-portal" in "http://detectportal.firefox.com/canonical.html"  	[MsgId: MMSG-26573]
Action.c(4): Error -35196: HTTP Status-Code=429 (Retry With) for "https://support.mozilla.org/kb/captive-portal"  	[MsgId: MERR-35196]
End auto log messages stack.	[MsgId: MMSG-10544]

Start auto log messages stack - Iteration 199.	[MsgId: MMSG-10545]
Starting action Action.	[MsgId: MMSG-15919]
Action.c(4): web_url("canonical.html") started  	[MsgId: MMSG-26355]
Action.c(4): Detected non-resource "https://support.mozilla.org/kb/captive-portal" in "http://detectportal.firefox.com/canonical.html"  	[MsgId: MMSG-26573]
Action.c(4): Error -35196: HTTP Status-Code=429 (Retry With) for "https://support.mozilla.org/kb/captive-portal"  	[MsgId: MERR-35196]
End auto log messages stack.	[MsgId: MMSG-10544]

Start auto log messages stack - Iteration 200.	[MsgId: MMSG-10545]
Starting action Action.	[MsgId: MMSG-15919]
Action.c(4): web_url("canonical.html") started  	[MsgId: MMSG-26355]
Action.c(4): Detected non-resource "https://support.mozilla.org/kb/captive-portal" in "http://detectportal.firefox.com/canonical.html"  	[MsgId: MMSG-26573]
Action.c(4): Error -35196: HTTP Status-Code=429 (Retry With) for "https://support.mozilla.org/kb/captive-portal"  	[MsgId: MERR-35196]
End auto log messages stack.	[MsgId: MMSG-10544]

Start auto log messages stack - Iteration 201.	[MsgId: MMSG-10545]
Starting action Action.	[MsgId: MMSG-15919]
Action.c(4): web_url("canonical.html") started  	[MsgId: MMSG-26355]
Action.c(4): Detected non-resource "https://support.mozilla.org/kb/captive-portal" in "http://detectportal.firefox.com/canonical.html"  	[MsgId: MMSG-26573]
Action.c(4): Error -35196: HTTP Status-Code=429 (Retry With) for "https://support.mozilla.org/kb/captive-portal"  	[MsgId: MERR-35196]
End auto log messages stack.	[MsgId: MMSG-10544]

Start auto log messages stack - Iteration 202.	[MsgId: MMSG-10545]
Starting action Action.	[MsgId: MMSG-15919]
Action.c(4): web_url("canonical.html") started  	[MsgId: MMSG-26355]
Action.c(4): Detected non-resource "https://support.mozilla.org/kb/captive-portal" in "http://detectportal.firefox.com/canonical.html"  	[MsgId: MMSG-26573]
Action.c(4): Error -35196: HTTP Status-Code=429 (Retry With) for "https://support.mozilla.org/kb/captive-portal"  	[MsgId: MERR-35196]
End auto log messages stack.	[MsgId: MMSG-10544]

Start auto log messages stack - Iteration 203.	[MsgId: MMSG-10545]
Starting action Action.	[MsgId: MMSG-15919]
Action.c(4): web_url("canonical.html") started  	[MsgId: MMSG-26355]
Action.c(4): Detected non-resource "https://support.mozilla.org/kb/captive-portal" in "http://detectportal.firefox.com/canonical.html"  	[MsgId: MMSG-26573]
Action.c(4): Error -35196: HTTP Status-Code=429 (Retry With) for "https://support.mozilla.org/kb/captive-portal"  	[MsgId: MERR-35196]
End auto log messages stack.	[MsgId: MMSG-10544]

Start auto log messages stack - Iteration 204.	[MsgId: MMSG-10545]
Starting action Action.	[MsgId: MMSG-15919]
Action.c(4): web_url("canonical.html") started  	[MsgId: MMSG-26355]
Action.c(4): Detected non-resource "https://support.mozilla.org/kb/captive-portal" in "http://detectportal.firefox.com/canonical.html"  	[MsgId: MMSG-26573]
Action.c(4): Error -35196: HTTP Status-Code=429 (Retry With) for "https://support.mozilla.org/kb/captive-portal"  	[MsgId: MERR-35196]
End auto log messages stack.	[MsgId: MMSG-10544]

Start auto log messages stack - Iteration 205.	[MsgId: MMSG-10545]
Starting action Action.	[MsgId: MMSG-15919]
Action.c(4): web_url("canonical.html") started  	[MsgId: MMSG-26355]
Action.c(4): Detected non-resource "https://support.mozilla.org/kb/captive-portal" in "http://detectportal.firefox.com/canonical.html"  	[MsgId: MMSG-26573]
Action.c(4): Error -35196: HTTP Status-Code=429 (Retry With) for "https://support.mozilla.org/kb/captive-portal"  	[MsgId: MERR-35196]
End auto log messages stack.	[MsgId: MMSG-10544]

Start auto log messages stack - Iteration 206.	[MsgId: MMSG-10545]
Starting action Action.	[MsgId: MMSG-15919]
Action.c(4): web_url("canonical.html") started  	[MsgId: MMSG-26355]
Action.c(4): Detected non-resource "https://support.mozilla.org/kb/captive-portal" in "http://detectportal.firefox.com/canonical.html"  	[MsgId: MMSG-26573]
Action.c(4): Error -35196: HTTP Status-Code=429 (Retry With) for "https://support.mozilla.org/kb/captive-portal"  	[MsgId: MERR-35196]
End auto log messages stack.	[MsgId: MMSG-10544]

Start auto log messages stack - Iteration 207.	[MsgId: MMSG-10545]
Starting action Action.	[MsgId: MMSG-15919]
Action.c(4): web_url("canonical.html") started  	[MsgId: MMSG-26355]
Action.c(4): Detected non-resource "https://support.mozilla.org/kb/captive-portal" in "http://detectportal.firefox.com/canonical.html"  	[MsgId: MMSG-26573]
Action.c(4): Error -35196: HTTP Status-Code=429 (Retry With) for "https://support.mozilla.org/kb/captive-portal"  	[MsgId: MERR-35196]
End auto log messages stack.	[MsgId: MMSG-10544]

Start auto log messages stack - Iteration 208.	[MsgId: MMSG-10545]
Starting action Action.	[MsgId: MMSG-15919]
Action.c(4): web_url("canonical.html") started  	[MsgId: MMSG-26355]
Action.c(4): Detected non-resource "https://support.mozilla.org/kb/captive-portal" in "http://detectportal.firefox.com/canonical.html"  	[MsgId: MMSG-26573]
Action.c(4): Error -35196: HTTP Status-Code=429 (Retry With) for "https://support.mozilla.org/kb/captive-portal"  	[MsgId: MERR-35196]
End auto log messages stack.	[MsgId: MMSG-10544]

Start auto log messages stack - Iteration 209.	[MsgId: MMSG-10545]
Starting action Action.	[MsgId: MMSG-15919]
Action.c(4): web_url("canonical.html") started  	[MsgId: MMSG-26355]
Action.c(4): Detected non-resource "https://support.mozilla.org/kb/captive-portal" in "http://detectportal.firefox.com/canonical.html"  	[MsgId: MMSG-26573]
Action.c(4): Error -35196: HTTP Status-Code=429 (Retry With) for "https://support.mozilla.org/kb/captive-portal"  	[MsgId: MERR-35196]
End auto log messages stack.	[MsgId: MMSG-10544]

Start auto log messages stack - Iteration 210.	[MsgId: MMSG-10545]
Starting action Action.	[MsgId: MMSG-15919]
Action.c(4): web_url("canonical.html") started  	[MsgId: MMSG-26355]
Action.c(4): Detected non-resource "https://support.mozilla.org/kb/captive-portal" in "http://detectportal.firefox.com/canonical.html"  	[MsgId: MMSG-26573]
Action.c(4): Error -35196: HTTP Status-Code=429 (Retry With) for "https://support.mozilla.org/kb/captive-portal"  	[MsgId: MERR-35196]
End auto log messages stack.	[MsgId: MMSG-10544]

Start auto log messages stack - Iteration 211.	[MsgId: MMSG-10545]
Starting action Action.	[MsgId: MMSG-15919]
Action.c(4): web_url("canonical.html") started  	[MsgId: MMSG-26355]
Action.c(4): Detected non-resource "https://support.mozilla.org/kb/captive-portal" in "http://detectportal.firefox.com/canonical.html"  	[MsgId: MMSG-26573]
Action.c(4): Error -35196: HTTP Status-Code=429 (Retry With) for "https://support.mozilla.org/kb/captive-portal"  	[MsgId: MERR-35196]
End auto log messages stack.	[MsgId: MMSG-10544]

Start auto log messages stack - Iteration 212.	[MsgId: MMSG-10545]
Starting action Action.	[MsgId: MMSG-15919]
Action.c(4): web_url("canonical.html") started  	[MsgId: MMSG-26355]
Action.c(4): Detected non-resource "https://support.mozilla.org/kb/captive-portal" in "http://detectportal.firefox.com/canonical.html"  	[MsgId: MMSG-26573]
Action.c(4): Error -35196: HTTP Status-Code=429 (Retry With) for "https://support.mozilla.org/kb/captive-portal"  	[MsgId: MERR-35196]
End auto log messages stack.	[MsgId: MMSG-10544]

Start auto log messages stack - Iteration 213.	[MsgId: MMSG-10545]
Starting action Action.	[MsgId: MMSG-15919]
Action.c(4): web_url("canonical.html") started  	[MsgId: MMSG-26355]
Action.c(4): Detected non-resource "https://support.mozilla.org/kb/captive-portal" in "http://detectportal.firefox.com/canonical.html"  	[MsgId: MMSG-26573]
Action.c(4): Error -35196: HTTP Status-Code=429 (Retry With) for "https://support.mozilla.org/kb/captive-portal"  	[MsgId: MERR-35196]
End auto log messages stack.	[MsgId: MMSG-10544]

Start auto log messages stack - Iteration 214.	[MsgId: MMSG-10545]
Starting action Action.	[MsgId: MMSG-15919]
Action.c(4): web_url("canonical.html") started  	[MsgId: MMSG-26355]
Action.c(4): Detected non-resource "https://support.mozilla.org/kb/captive-portal" in "http://detectportal.firefox.com/canonical.html"  	[MsgId: MMSG-26573]
Action.c(4): Error -35196: HTTP Status-Code=429 (Retry With) for "https://support.mozilla.org/kb/captive-portal"  	[MsgId: MERR-35196]
End auto log messages stack.	[MsgId: MMSG-10544]

Start auto log messages stack - Iteration 215.	[MsgId: MMSG-10545]
Starting action Action.	[MsgId: MMSG-15919]
Action.c(4): web_url("canonical.html") started  	[MsgId: MMSG-26355]
Action.c(4): Detected non-resource "https://support.mozilla.org/kb/captive-portal" in "http://detectportal.firefox.com/canonical.html"  	[MsgId: MMSG-26573]
Action.c(4): Error -35196: HTTP Status-Code=429 (Retry With) for "https://support.mozilla.org/kb/captive-portal"  	[MsgId: MERR-35196]
End auto log messages stack.	[MsgId: MMSG-10544]

Start auto log messages stack - Iteration 216.	[MsgId: MMSG-10545]
Starting action Action.	[MsgId: MMSG-15919]
Action.c(4): web_url("canonical.html") started  	[MsgId: MMSG-26355]
Action.c(4): Detected non-resource "https://support.mozilla.org/kb/captive-portal" in "http://detectportal.firefox.com/canonical.html"  	[MsgId: MMSG-26573]
Action.c(4): Error -35196: HTTP Status-Code=429 (Retry With) for "https://support.mozilla.org/kb/captive-portal"  	[MsgId: MERR-35196]
End auto log messages stack.	[MsgId: MMSG-10544]

Start auto log messages stack - Iteration 217.	[MsgId: MMSG-10545]
Starting action Action.	[MsgId: MMSG-15919]
Action.c(4): web_url("canonical.html") started  	[MsgId: MMSG-26355]
Action.c(4): Detected non-resource "https://support.mozilla.org/kb/captive-portal" in "http://detectportal.firefox.com/canonical.html"  	[MsgId: MMSG-26573]
Action.c(4): Error -35196: HTTP Status-Code=429 (Retry With) for "https://support.mozilla.org/kb/captive-portal"  	[MsgId: MERR-35196]
End auto log messages stack.	[MsgId: MMSG-10544]

Start auto log messages stack - Iteration 218.	[MsgId: MMSG-10545]
Starting action Action.	[MsgId: MMSG-15919]
Action.c(4): web_url("canonical.html") started  	[MsgId: MMSG-26355]
Action.c(4): Detected non-resource "https://support.mozilla.org/kb/captive-portal" in "http://detectportal.firefox.com/canonical.html"  	[MsgId: MMSG-26573]
Action.c(4): Error -35196: HTTP Status-Code=429 (Retry With) for "https://support.mozilla.org/kb/captive-portal"  	[MsgId: MERR-35196]
End auto log messages stack.	[MsgId: MMSG-10544]

Start auto log messages stack - Iteration 219.	[MsgId: MMSG-10545]
Starting action Action.	[MsgId: MMSG-15919]
Action.c(4): web_url("canonical.html") started  	[MsgId: MMSG-26355]
Action.c(4): Detected non-resource "https://support.mozilla.org/kb/captive-portal" in "http://detectportal.firefox.com/canonical.html"  	[MsgId: MMSG-26573]
Action.c(4): Error -35196: HTTP Status-Code=429 (Retry With) for "https://support.mozilla.org/kb/captive-portal"  	[MsgId: MERR-35196]
End auto log messages stack.	[MsgId: MMSG-10544]

Start auto log messages stack - Iteration 220.	[MsgId: MMSG-10545]
Starting action Action.	[MsgId: MMSG-15919]
Action.c(4): web_url("canonical.html") started  	[MsgId: MMSG-26355]
Action.c(4): Detected non-resource "https://support.mozilla.org/kb/captive-portal" in "http://detectportal.firefox.com/canonical.html"  	[MsgId: MMSG-26573]
Action.c(4): Error -35196: HTTP Status-Code=429 (Retry With) for "https://support.mozilla.org/kb/captive-portal"  	[MsgId: MERR-35196]
End auto log messages stack.	[MsgId: MMSG-10544]

Start auto log messages stack - Iteration 221.	[MsgId: MMSG-10545]
Starting action Action.	[MsgId: MMSG-15919]
Action.c(4): web_url("canonical.html") started  	[MsgId: MMSG-26355]
Action.c(4): Detected non-resource "https://support.mozilla.org/kb/captive-portal" in "http://detectportal.firefox.com/canonical.html"  	[MsgId: MMSG-26573]
Action.c(4): Error -35196: HTTP Status-Code=429 (Retry With) for "https://support.mozilla.org/kb/captive-portal"  	[MsgId: MERR-35196]
End auto log messages stack.	[MsgId: MMSG-10544]

Start auto log messages stack - Iteration 222.	[MsgId: MMSG-10545]
Starting action Action.	[MsgId: MMSG-15919]
Action.c(4): web_url("canonical.html") started  	[MsgId: MMSG-26355]
Action.c(4): Detected non-resource "https://support.mozilla.org/kb/captive-portal" in "http://detectportal.firefox.com/canonical.html"  	[MsgId: MMSG-26573]
Action.c(4): Error -35196: HTTP Status-Code=429 (Retry With) for "https://support.mozilla.org/kb/captive-portal"  	[MsgId: MERR-35196]
End auto log messages stack.	[MsgId: MMSG-10544]

Start auto log messages stack - Iteration 223.	[MsgId: MMSG-10545]
Starting action Action.	[MsgId: MMSG-15919]
Action.c(4): web_url("canonical.html") started  	[MsgId: MMSG-26355]
Action.c(4): Detected non-resource "https://support.mozilla.org/kb/captive-portal" in "http://detectportal.firefox.com/canonical.html"  	[MsgId: MMSG-26573]
Action.c(4): Error -35196: HTTP Status-Code=429 (Retry With) for "https://support.mozilla.org/kb/captive-portal"  	[MsgId: MERR-35196]
End auto log messages stack.	[MsgId: MMSG-10544]

Start auto log messages stack - Iteration 224.	[MsgId: MMSG-10545]
Starting action Action.	[MsgId: MMSG-15919]
Action.c(4): web_url("canonical.html") started  	[MsgId: MMSG-26355]
Action.c(4): Detected non-resource "https://support.mozilla.org/kb/captive-portal" in "http://detectportal.firefox.com/canonical.html"  	[MsgId: MMSG-26573]
Action.c(4): Error -35196: HTTP Status-Code=429 (Retry With) for "https://support.mozilla.org/kb/captive-portal"  	[MsgId: MERR-35196]
End auto log messages stack.	[MsgId: MMSG-10544]

Start auto log messages stack - Iteration 225.	[MsgId: MMSG-10545]
Starting action Action.	[MsgId: MMSG-15919]
Action.c(4): web_url("canonical.html") started  	[MsgId: MMSG-26355]
Action.c(4): Detected non-resource "https://support.mozilla.org/kb/captive-portal" in "http://detectportal.firefox.com/canonical.html"  	[MsgId: MMSG-26573]
Action.c(4): Error -35196: HTTP Status-Code=429 (Retry With) for "https://support.mozilla.org/kb/captive-portal"  	[MsgId: MERR-35196]
End auto log messages stack.	[MsgId: MMSG-10544]

Start auto log messages stack - Iteration 226.	[MsgId: MMSG-10545]
Starting action Action.	[MsgId: MMSG-15919]
Action.c(4): web_url("canonical.html") started  	[MsgId: MMSG-26355]
Action.c(4): Detected non-resource "https://support.mozilla.org/kb/captive-portal" in "http://detectportal.firefox.com/canonical.html"  	[MsgId: MMSG-26573]
Action.c(4): Error -35196: HTTP Status-Code=429 (Retry With) for "https://support.mozilla.org/kb/captive-portal"  	[MsgId: MERR-35196]
End auto log messages stack.	[MsgId: MMSG-10544]

Start auto log messages stack - Iteration 227.	[MsgId: MMSG-10545]
Starting action Action.	[MsgId: MMSG-15919]
Action.c(4): web_url("canonical.html") started  	[MsgId: MMSG-26355]
Action.c(4): Detected non-resource "https://support.mozilla.org/kb/captive-portal" in "http://detectportal.firefox.com/canonical.html"  	[MsgId: MMSG-26573]
Action.c(4): Error -35196: HTTP Status-Code=429 (Retry With) for "https://support.mozilla.org/kb/captive-portal"  	[MsgId: MERR-35196]
End auto log messages stack.	[MsgId: MMSG-10544]

Start auto log messages stack - Iteration 228.	[MsgId: MMSG-10545]
Starting action Action.	[MsgId: MMSG-15919]
Action.c(4): web_url("canonical.html") started  	[MsgId: MMSG-26355]
Action.c(4): Detected non-resource "https://support.mozilla.org/kb/captive-portal" in "http://detectportal.firefox.com/canonical.html"  	[MsgId: MMSG-26573]
Action.c(4): Error -35196: HTTP Status-Code=429 (Retry With) for "https://support.mozilla.org/kb/captive-portal"  	[MsgId: MERR-35196]
End auto log messages stack.	[MsgId: MMSG-10544]

Start auto log messages stack - Iteration 229.	[MsgId: MMSG-10545]
Starting action Action.	[MsgId: MMSG-15919]
Action.c(4): web_url("canonical.html") started  	[MsgId: MMSG-26355]
Action.c(4): Detected non-resource "https://support.mozilla.org/kb/captive-portal" in "http://detectportal.firefox.com/canonical.html"  	[MsgId: MMSG-26573]
Action.c(4): Error -35196: HTTP Status-Code=429 (Retry With) for "https://support.mozilla.org/kb/captive-portal"  	[MsgId: MERR-35196]
End auto log messages stack.	[MsgId: MMSG-10544]

Start auto log messages stack - Iteration 230.	[MsgId: MMSG-10545]
Starting action Action.	[MsgId: MMSG-15919]
Action.c(4): web_url("canonical.html") started  	[MsgId: MMSG-26355]
Action.c(4): Detected non-resource "https://support.mozilla.org/kb/captive-portal" in "http://detectportal.firefox.com/canonical.html"  	[MsgId: MMSG-26573]
Action.c(4): Error -35196: HTTP Status-Code=429 (Retry With) for "https://support.mozilla.org/kb/captive-portal"  	[MsgId: MERR-35196]
End auto log messages stack.	[MsgId: MMSG-10544]

Start auto log messages stack - Iteration 231.	[MsgId: MMSG-10545]
Starting action Action.	[MsgId: MMSG-15919]
Action.c(4): web_url("canonical.html") started  	[MsgId: MMSG-26355]
Action.c(4): Detected non-resource "https://support.mozilla.org/kb/captive-portal" in "http://detectportal.firefox.com/canonical.html"  	[MsgId: MMSG-26573]
Action.c(4): Error -35196: HTTP Status-Code=429 (Retry With) for "https://support.mozilla.org/kb/captive-portal"  	[MsgId: MERR-35196]
End auto log messages stack.	[MsgId: MMSG-10544]

Start auto log messages stack - Iteration 232.	[MsgId: MMSG-10545]
Starting action Action.	[MsgId: MMSG-15919]
Action.c(4): web_url("canonical.html") started  	[MsgId: MMSG-26355]
Action.c(4): Detected non-resource "https://support.mozilla.org/kb/captive-portal" in "http://detectportal.firefox.com/canonical.html"  	[MsgId: MMSG-26573]
Action.c(4): Error -35196: HTTP Status-Code=429 (Retry With) for "https://support.mozilla.org/kb/captive-portal"  	[MsgId: MERR-35196]
End auto log messages stack.	[MsgId: MMSG-10544]

Start auto log messages stack - Iteration 233.	[MsgId: MMSG-10545]
Starting action Action.	[MsgId: MMSG-15919]
Action.c(4): web_url("canonical.html") started  	[MsgId: MMSG-26355]
Action.c(4): Detected non-resource "https://support.mozilla.org/kb/captive-portal" in "http://detectportal.firefox.com/canonical.html"  	[MsgId: MMSG-26573]
Action.c(4): Error -35196: HTTP Status-Code=429 (Retry With) for "https://support.mozilla.org/kb/captive-portal"  	[MsgId: MERR-35196]
End auto log messages stack.	[MsgId: MMSG-10544]

Start auto log messages stack - Iteration 234.	[MsgId: MMSG-10545]
Starting action Action.	[MsgId: MMSG-15919]
Action.c(4): web_url("canonical.html") started  	[MsgId: MMSG-26355]
Action.c(4): Detected non-resource "https://support.mozilla.org/kb/captive-portal" in "http://detectportal.firefox.com/canonical.html"  	[MsgId: MMSG-26573]
Action.c(4): Error -35196: HTTP Status-Code=429 (Retry With) for "https://support.mozilla.org/kb/captive-portal"  	[MsgId: MERR-35196]
End auto log messages stack.	[MsgId: MMSG-10544]

Start auto log messages stack - Iteration 235.	[MsgId: MMSG-10545]
Starting action Action.	[MsgId: MMSG-15919]
Action.c(4): web_url("canonical.html") started  	[MsgId: MMSG-26355]
Action.c(4): Detected non-resource "https://support.mozilla.org/kb/captive-portal" in "http://detectportal.firefox.com/canonical.html"  	[MsgId: MMSG-26573]
Action.c(4): Error -35196: HTTP Status-Code=429 (Retry With) for "https://support.mozilla.org/kb/captive-portal"  	[MsgId: MERR-35196]
End auto log messages stack.	[MsgId: MMSG-10544]

Start auto log messages stack - Iteration 236.	[MsgId: MMSG-10545]
Starting action Action.	[MsgId: MMSG-15919]
Action.c(4): web_url("canonical.html") started  	[MsgId: MMSG-26355]
Action.c(4): Detected non-resource "https://support.mozilla.org/kb/captive-portal" in "http://detectportal.firefox.com/canonical.html"  	[MsgId: MMSG-26573]
Action.c(4): Error -35196: HTTP Status-Code=429 (Retry With) for "https://support.mozilla.org/kb/captive-portal"  	[MsgId: MERR-35196]
End auto log messages stack.	[MsgId: MMSG-10544]

Start auto log messages stack - Iteration 237.	[MsgId: MMSG-10545]
Starting action Action.	[MsgId: MMSG-15919]
Action.c(4): web_url("canonical.html") started  	[MsgId: MMSG-26355]
Action.c(4): Detected non-resource "https://support.mozilla.org/kb/captive-portal" in "http://detectportal.firefox.com/canonical.html"  	[MsgId: MMSG-26573]
Action.c(4): Error -35196: HTTP Status-Code=429 (Retry With) for "https://support.mozilla.org/kb/captive-portal"  	[MsgId: MERR-35196]
End auto log messages stack.	[MsgId: MMSG-10544]

Start auto log messages stack - Iteration 238.	[MsgId: MMSG-10545]
Starting action Action.	[MsgId: MMSG-15919]
Action.c(4): web_url("canonical.html") started  	[MsgId: MMSG-26355]
Action.c(4): Detected non-resource "https://support.mozilla.org/kb/captive-portal" in "http://detectportal.firefox.com/canonical.html"  	[MsgId: MMSG-26573]
Action.c(4): Error -35196: HTTP Status-Code=429 (Retry With) for "https://support.mozilla.org/kb/captive-portal"  	[MsgId: MERR-35196]
End auto log messages stack.	[MsgId: MMSG-10544]

Start auto log messages stack - Iteration 239.	[MsgId: MMSG-10545]
Starting action Action.	[MsgId: MMSG-15919]
Action.c(4): web_url("canonical.html") started  	[MsgId: MMSG-26355]
Action.c(4): Detected non-resource "https://support.mozilla.org/kb/captive-portal" in "http://detectportal.firefox.com/canonical.html"  	[MsgId: MMSG-26573]
Action.c(4): Error -35196: HTTP Status-Code=429 (Retry With) for "https://support.mozilla.org/kb/captive-portal"  	[MsgId: MERR-35196]
End auto log messages stack.	[MsgId: MMSG-10544]

Start auto log messages stack - Iteration 240.	[MsgId: MMSG-10545]
Starting action Action.	[MsgId: MMSG-15919]
Action.c(4): web_url("canonical.html") started  	[MsgId: MMSG-26355]
Action.c(4): Detected non-resource "https://support.mozilla.org/kb/captive-portal" in "http://detectportal.firefox.com/canonical.html"  	[MsgId: MMSG-26573]
Action.c(4): Error -35196: HTTP Status-Code=429 (Retry With) for "https://support.mozilla.org/kb/captive-portal"  	[MsgId: MERR-35196]
End auto log messages stack.	[MsgId: MMSG-10544]

Start auto log messages stack - Iteration 241.	[MsgId: MMSG-10545]
Starting action Action.	[MsgId: MMSG-15919]
Action.c(4): web_url("canonical.html") started  	[MsgId: MMSG-26355]
Action.c(4): Detected non-resource "https://support.mozilla.org/kb/captive-portal" in "http://detectportal.firefox.com/canonical.html"  	[MsgId: MMSG-26573]
Action.c(4): Error -35196: HTTP Status-Code=429 (Retry With) for "https://support.mozilla.org/kb/captive-portal"  	[MsgId: MERR-35196]
End auto log messages stack.	[MsgId: MMSG-10544]

Start auto log messages stack - Iteration 242.	[MsgId: MMSG-10545]
Starting action Action.	[MsgId: MMSG-15919]
Action.c(4): web_url("canonical.html") started  	[MsgId: MMSG-26355]
Action.c(4): Detected non-resource "https://support.mozilla.org/kb/captive-portal" in "http://detectportal.firefox.com/canonical.html"  	[MsgId: MMSG-26573]
Action.c(4): Error -35196: HTTP Status-Code=429 (Retry With) for "https://support.mozilla.org/kb/captive-portal"  	[MsgId: MERR-35196]
End auto log messages stack.	[MsgId: MMSG-10544]

Start auto log messages stack - Iteration 243.	[MsgId: MMSG-10545]
Starting action Action.	[MsgId: MMSG-15919]
Action.c(4): web_url("canonical.html") started  	[MsgId: MMSG-26355]
Action.c(4): Detected non-resource "https://support.mozilla.org/kb/captive-portal" in "http://detectportal.firefox.com/canonical.html"  	[MsgId: MMSG-26573]
Action.c(4): Error -35196: HTTP Status-Code=429 (Retry With) for "https://support.mozilla.org/kb/captive-portal"  	[MsgId: MERR-35196]
End auto log messages stack.	[MsgId: MMSG-10544]

Start auto log messages stack - Iteration 244.	[MsgId: MMSG-10545]
Starting action Action.	[MsgId: MMSG-15919]
Action.c(4): web_url("canonical.html") started  	[MsgId: MMSG-26355]
Action.c(4): Detected non-resource "https://support.mozilla.org/kb/captive-portal" in "http://detectportal.firefox.com/canonical.html"  	[MsgId: MMSG-26573]
Action.c(4): Error -35196: HTTP Status-Code=429 (Retry With) for "https://support.mozilla.org/kb/captive-portal"  	[MsgId: MERR-35196]
End auto log messages stack.	[MsgId: MMSG-10544]

Start auto log messages stack - Iteration 245.	[MsgId: MMSG-10545]
Starting action Action.	[MsgId: MMSG-15919]
Action.c(4): web_url("canonical.html") started  	[MsgId: MMSG-26355]
Action.c(4): Detected non-resource "https://support.mozilla.org/kb/captive-portal" in "http://detectportal.firefox.com/canonical.html"  	[MsgId: MMSG-26573]
Action.c(4): Error -35196: HTTP Status-Code=429 (Retry With) for "https://support.mozilla.org/kb/captive-portal"  	[MsgId: MERR-35196]
End auto log messages stack.	[MsgId: MMSG-10544]

Start auto log messages stack - Iteration 246.	[MsgId: MMSG-10545]
Starting action Action.	[MsgId: MMSG-15919]
Action.c(4): web_url("canonical.html") started  	[MsgId: MMSG-26355]
Action.c(4): Detected non-resource "https://support.mozilla.org/kb/captive-portal" in "http://detectportal.firefox.com/canonical.html"  	[MsgId: MMSG-26573]
Action.c(4): Error -35196: HTTP Status-Code=429 (Retry With) for "https://support.mozilla.org/kb/captive-portal"  	[MsgId: MERR-35196]
End auto log messages stack.	[MsgId: MMSG-10544]

Start auto log messages stack - Iteration 247.	[MsgId: MMSG-10545]
Starting action Action.	[MsgId: MMSG-15919]
Action.c(4): web_url("canonical.html") started  	[MsgId: MMSG-26355]
Action.c(4): Detected non-resource "https://support.mozilla.org/kb/captive-portal" in "http://detectportal.firefox.com/canonical.html"  	[MsgId: MMSG-26573]
Action.c(4): Error -35196: HTTP Status-Code=429 (Retry With) for "https://support.mozilla.org/kb/captive-portal"  	[MsgId: MERR-35196]
End auto log messages stack.	[MsgId: MMSG-10544]

Start auto log messages stack - Iteration 248.	[MsgId: MMSG-10545]
Starting action Action.	[MsgId: MMSG-15919]
Action.c(4): web_url("canonical.html") started  	[MsgId: MMSG-26355]
Action.c(4): Detected non-resource "https://support.mozilla.org/kb/captive-portal" in "http://detectportal.firefox.com/canonical.html"  	[MsgId: MMSG-26573]
Action.c(4): Error -35196: HTTP Status-Code=429 (Retry With) for "https://support.mozilla.org/kb/captive-portal"  	[MsgId: MERR-35196]
End auto log messages stack.	[MsgId: MMSG-10544]

Start auto log messages stack - Iteration 249.	[MsgId: MMSG-10545]
Starting action Action.	[MsgId: MMSG-15919]
Action.c(4): web_url("canonical.html") started  	[MsgId: MMSG-26355]
Action.c(4): Detected non-resource "https://support.mozilla.org/kb/captive-portal" in "http://detectportal.firefox.com/canonical.html"  	[MsgId: MMSG-26573]
Action.c(4): Error -35196: HTTP Status-Code=429 (Retry With) for "https://support.mozilla.org/kb/captive-portal"  	[MsgId: MERR-35196]
End auto log messages stack.	[MsgId: MMSG-10544]

Start auto log messages stack - Iteration 250.	[MsgId: MMSG-10545]
Starting action Action.	[MsgId: MMSG-15919]
Action.c(4): web_url("canonical.html") started  	[MsgId: MMSG-26355]
Action.c(4): Detected non-resource "https://support.mozilla.org/kb/captive-portal" in "http://detectportal.firefox.com/canonical.html"  	[MsgId: MMSG-26573]
Action.c(4): Error -35196: HTTP Status-Code=429 (Retry With) for "https://support.mozilla.org/kb/captive-portal"  	[MsgId: MERR-35196]
End auto log messages stack.	[MsgId: MMSG-10544]

Start auto log messages stack - Iteration 251.	[MsgId: MMSG-10545]
Starting action Action.	[MsgId: MMSG-15919]
Action.c(4): web_url("canonical.html") started  	[MsgId: MMSG-26355]
Action.c(4): Detected non-resource "https://support.mozilla.org/kb/captive-portal" in "http://detectportal.firefox.com/canonical.html"  	[MsgId: MMSG-26573]
Action.c(4): Error -35196: HTTP Status-Code=429 (Retry With) for "https://support.mozilla.org/kb/captive-portal"  	[MsgId: MERR-35196]
End auto log messages stack.	[MsgId: MMSG-10544]

Start auto log messages stack - Iteration 252.	[MsgId: MMSG-10545]
Starting action Action.	[MsgId: MMSG-15919]
Action.c(4): web_url("canonical.html") started  	[MsgId: MMSG-26355]
Action.c(4): Detected non-resource "https://support.mozilla.org/kb/captive-portal" in "http://detectportal.firefox.com/canonical.html"  	[MsgId: MMSG-26573]
Action.c(4): Error -35196: HTTP Status-Code=429 (Retry With) for "https://support.mozilla.org/kb/captive-portal"  	[MsgId: MERR-35196]
End auto log messages stack.	[MsgId: MMSG-10544]

Start auto log messages stack - Iteration 253.	[MsgId: MMSG-10545]
Starting action Action.	[MsgId: MMSG-15919]
Action.c(4): web_url("canonical.html") started  	[MsgId: MMSG-26355]
Action.c(4): Detected non-resource "https://support.mozilla.org/kb/captive-portal" in "http://detectportal.firefox.com/canonical.html"  	[MsgId: MMSG-26573]
Action.c(4): Error -35196: HTTP Status-Code=429 (Retry With) for "https://support.mozilla.org/kb/captive-portal"  	[MsgId: MERR-35196]
End auto log messages stack.	[MsgId: MMSG-10544]

Start auto log messages stack - Iteration 254.	[MsgId: MMSG-10545]
Starting action Action.	[MsgId: MMSG-15919]
Action.c(4): web_url("canonical.html") started  	[MsgId: MMSG-26355]
Action.c(4): Detected non-resource "https://support.mozilla.org/kb/captive-portal" in "http://detectportal.firefox.com/canonical.html"  	[MsgId: MMSG-26573]
Action.c(4): Error -35196: HTTP Status-Code=429 (Retry With) for "https://support.mozilla.org/kb/captive-portal"  	[MsgId: MERR-35196]
End auto log messages stack.	[MsgId: MMSG-10544]

Start auto log messages stack - Iteration 255.	[MsgId: MMSG-10545]
Starting action Action.	[MsgId: MMSG-15919]
Action.c(4): web_url("canonical.html") started  	[MsgId: MMSG-26355]
Action.c(4): Detected non-resource "https://support.mozilla.org/kb/captive-portal" in "http://detectportal.firefox.com/canonical.html"  	[MsgId: MMSG-26573]
Action.c(4): Error -35196: HTTP Status-Code=429 (Retry With) for "https://support.mozilla.org/kb/captive-portal"  	[MsgId: MERR-35196]
End auto log messages stack.	[MsgId: MMSG-10544]

Start auto log messages stack - Iteration 256.	[MsgId: MMSG-10545]
Starting action Action.	[MsgId: MMSG-15919]
Action.c(4): web_url("canonical.html") started  	[MsgId: MMSG-26355]
Action.c(4): Detected non-resource "https://support.mozilla.org/kb/captive-portal" in "http://detectportal.firefox.com/canonical.html"  	[MsgId: MMSG-26573]
Action.c(4): Error -35196: HTTP Status-Code=429 (Retry With) for "https://support.mozilla.org/kb/captive-portal"  	[MsgId: MERR-35196]
End auto log messages stack.	[MsgId: MMSG-10544]

Start auto log messages stack - Iteration 257.	[MsgId: MMSG-10545]
Starting action Action.	[MsgId: MMSG-15919]
Action.c(4): web_url("canonical.html") started  	[MsgId: MMSG-26355]
Action.c(4): Detected non-resource "https://support.mozilla.org/kb/captive-portal" in "http://detectportal.firefox.com/canonical.html"  	[MsgId: MMSG-26573]
Action.c(4): Error -35196: HTTP Status-Code=429 (Retry With) for "https://support.mozilla.org/kb/captive-portal"  	[MsgId: MERR-35196]
End auto log messages stack.	[MsgId: MMSG-10544]

Start auto log messages stack - Iteration 258.	[MsgId: MMSG-10545]
Starting action Action.	[MsgId: MMSG-15919]
Action.c(4): web_url("canonical.html") started  	[MsgId: MMSG-26355]
Action.c(4): Detected non-resource "https://support.mozilla.org/kb/captive-portal" in "http://detectportal.firefox.com/canonical.html"  	[MsgId: MMSG-26573]
Action.c(4): Error -35196: HTTP Status-Code=429 (Retry With) for "https://support.mozilla.org/kb/captive-portal"  	[MsgId: MERR-35196]
End auto log messages stack.	[MsgId: MMSG-10544]

Start auto log messages stack - Iteration 259.	[MsgId: MMSG-10545]
Starting action Action.	[MsgId: MMSG-15919]
Action.c(4): web_url("canonical.html") started  	[MsgId: MMSG-26355]
Action.c(4): Detected non-resource "https://support.mozilla.org/kb/captive-portal" in "http://detectportal.firefox.com/canonical.html"  	[MsgId: MMSG-26573]
Action.c(4): Error -35196: HTTP Status-Code=429 (Retry With) for "https://support.mozilla.org/kb/captive-portal"  	[MsgId: MERR-35196]
End auto log messages stack.	[MsgId: MMSG-10544]

Start auto log messages stack - Iteration 260.	[MsgId: MMSG-10545]
Starting action Action.	[MsgId: MMSG-15919]
Action.c(4): web_url("canonical.html") started  	[MsgId: MMSG-26355]
Action.c(4): Detected non-resource "https://support.mozilla.org/kb/captive-portal" in "http://detectportal.firefox.com/canonical.html"  	[MsgId: MMSG-26573]
Action.c(4): Error -35196: HTTP Status-Code=429 (Retry With) for "https://support.mozilla.org/kb/captive-portal"  	[MsgId: MERR-35196]
End auto log messages stack.	[MsgId: MMSG-10544]

Start auto log messages stack - Iteration 261.	[MsgId: MMSG-10545]
Starting action Action.	[MsgId: MMSG-15919]
Action.c(4): web_url("canonical.html") started  	[MsgId: MMSG-26355]
Action.c(4): Detected non-resource "https://support.mozilla.org/kb/captive-portal" in "http://detectportal.firefox.com/canonical.html"  	[MsgId: MMSG-26573]
Action.c(4): Error -35196: HTTP Status-Code=429 (Retry With) for "https://support.mozilla.org/kb/captive-portal"  	[MsgId: MERR-35196]
End auto log messages stack.	[MsgId: MMSG-10544]

Start auto log messages stack - Iteration 262.	[MsgId: MMSG-10545]
Starting action Action.	[MsgId: MMSG-15919]
Action.c(4): web_url("canonical.html") started  	[MsgId: MMSG-26355]
Action.c(4): Detected non-resource "https://support.mozilla.org/kb/captive-portal" in "http://detectportal.firefox.com/canonical.html"  	[MsgId: MMSG-26573]
Action.c(4): Error -35196: HTTP Status-Code=429 (Retry With) for "https://support.mozilla.org/kb/captive-portal"  	[MsgId: MERR-35196]
End auto log messages stack.	[MsgId: MMSG-10544]

Start auto log messages stack - Iteration 263.	[MsgId: MMSG-10545]
Starting action Action.	[MsgId: MMSG-15919]
Action.c(4): web_url("canonical.html") started  	[MsgId: MMSG-26355]
Action.c(4): Detected non-resource "https://support.mozilla.org/kb/captive-portal" in "http://detectportal.firefox.com/canonical.html"  	[MsgId: MMSG-26573]
Action.c(4): Error -35196: HTTP Status-Code=429 (Retry With) for "https://support.mozilla.org/kb/captive-portal"  	[MsgId: MERR-35196]
End auto log messages stack.	[MsgId: MMSG-10544]

Start auto log messages stack - Iteration 264.	[MsgId: MMSG-10545]
Starting action Action.	[MsgId: MMSG-15919]
Action.c(4): web_url("canonical.html") started  	[MsgId: MMSG-26355]
Action.c(4): Detected non-resource "https://support.mozilla.org/kb/captive-portal" in "http://detectportal.firefox.com/canonical.html"  	[MsgId: MMSG-26573]
Action.c(4): Error -35196: HTTP Status-Code=429 (Retry With) for "https://support.mozilla.org/kb/captive-portal"  	[MsgId: MERR-35196]
End auto log messages stack.	[MsgId: MMSG-10544]

Start auto log messages stack - Iteration 265.	[MsgId: MMSG-10545]
Starting action Action.	[MsgId: MMSG-15919]
Action.c(4): web_url("canonical.html") started  	[MsgId: MMSG-26355]
Action.c(4): Detected non-resource "https://support.mozilla.org/kb/captive-portal" in "http://detectportal.firefox.com/canonical.html"  	[MsgId: MMSG-26573]
Action.c(4): Error -35196: HTTP Status-Code=429 (Retry With) for "https://support.mozilla.org/kb/captive-portal"  	[MsgId: MERR-35196]
End auto log messages stack.	[MsgId: MMSG-10544]

Start auto log messages stack - Iteration 266.	[MsgId: MMSG-10545]
Starting action Action.	[MsgId: MMSG-15919]
Action.c(4): web_url("canonical.html") started  	[MsgId: MMSG-26355]
Action.c(4): Detected non-resource "https://support.mozilla.org/kb/captive-portal" in "http://detectportal.firefox.com/canonical.html"  	[MsgId: MMSG-26573]
Action.c(4): Error -35196: HTTP Status-Code=429 (Retry With) for "https://support.mozilla.org/kb/captive-portal"  	[MsgId: MERR-35196]
End auto log messages stack.	[MsgId: MMSG-10544]

Start auto log messages stack - Iteration 267.	[MsgId: MMSG-10545]
Starting action Action.	[MsgId: MMSG-15919]
Action.c(4): web_url("canonical.html") started  	[MsgId: MMSG-26355]
Action.c(4): Detected non-resource "https://support.mozilla.org/kb/captive-portal" in "http://detectportal.firefox.com/canonical.html"  	[MsgId: MMSG-26573]
Action.c(4): Error -35196: HTTP Status-Code=429 (Retry With) for "https://support.mozilla.org/kb/captive-portal"  	[MsgId: MERR-35196]
End auto log messages stack.	[MsgId: MMSG-10544]

Start auto log messages stack - Iteration 268.	[MsgId: MMSG-10545]
Starting action Action.	[MsgId: MMSG-15919]
Action.c(4): web_url("canonical.html") started  	[MsgId: MMSG-26355]
Action.c(4): Detected non-resource "https://support.mozilla.org/kb/captive-portal" in "http://detectportal.firefox.com/canonical.html"  	[MsgId: MMSG-26573]
Action.c(4): Error -35196: HTTP Status-Code=429 (Retry With) for "https://support.mozilla.org/kb/captive-portal"  	[MsgId: MERR-35196]
End auto log messages stack.	[MsgId: MMSG-10544]

Start auto log messages stack - Iteration 269.	[MsgId: MMSG-10545]
Starting action Action.	[MsgId: MMSG-15919]
Action.c(4): web_url("canonical.html") started  	[MsgId: MMSG-26355]
Action.c(4): Detected non-resource "https://support.mozilla.org/kb/captive-portal" in "http://detectportal.firefox.com/canonical.html"  	[MsgId: MMSG-26573]
Action.c(4): Error -35196: HTTP Status-Code=429 (Retry With) for "https://support.mozilla.org/kb/captive-portal"  	[MsgId: MERR-35196]
End auto log messages stack.	[MsgId: MMSG-10544]

Start auto log messages stack - Iteration 270.	[MsgId: MMSG-10545]
Starting action Action.	[MsgId: MMSG-15919]
Action.c(4): web_url("canonical.html") started  	[MsgId: MMSG-26355]
Action.c(4): Detected non-resource "https://support.mozilla.org/kb/captive-portal" in "http://detectportal.firefox.com/canonical.html"  	[MsgId: MMSG-26573]
Action.c(4): Error -35196: HTTP Status-Code=429 (Retry With) for "https://support.mozilla.org/kb/captive-portal"  	[MsgId: MERR-35196]
End auto log messages stack.	[MsgId: MMSG-10544]

Start auto log messages stack - Iteration 271.	[MsgId: MMSG-10545]
Starting action Action.	[MsgId: MMSG-15919]
Action.c(4): web_url("canonical.html") started  	[MsgId: MMSG-26355]
Action.c(4): Detected non-resource "https://support.mozilla.org/kb/captive-portal" in "http://detectportal.firefox.com/canonical.html"  	[MsgId: MMSG-26573]
Action.c(4): Error -35196: HTTP Status-Code=429 (Retry With) for "https://support.mozilla.org/kb/captive-portal"  	[MsgId: MERR-35196]
End auto log messages stack.	[MsgId: MMSG-10544]

Start auto log messages stack - Iteration 272.	[MsgId: MMSG-10545]
Starting action Action.	[MsgId: MMSG-15919]
Action.c(4): web_url("canonical.html") started  	[MsgId: MMSG-26355]
Action.c(4): Detected non-resource "https://support.mozilla.org/kb/captive-portal" in "http://detectportal.firefox.com/canonical.html"  	[MsgId: MMSG-26573]
Action.c(4): Error -35196: HTTP Status-Code=429 (Retry With) for "https://support.mozilla.org/kb/captive-portal"  	[MsgId: MERR-35196]
End auto log messages stack.	[MsgId: MMSG-10544]

Start auto log messages stack - Iteration 273.	[MsgId: MMSG-10545]
Starting action Action.	[MsgId: MMSG-15919]
Action.c(4): web_url("canonical.html") started  	[MsgId: MMSG-26355]
Action.c(4): Detected non-resource "https://support.mozilla.org/kb/captive-portal" in "http://detectportal.firefox.com/canonical.html"  	[MsgId: MMSG-26573]
Action.c(4): Error -35196: HTTP Status-Code=429 (Retry With) for "https://support.mozilla.org/kb/captive-portal"  	[MsgId: MERR-35196]
End auto log messages stack.	[MsgId: MMSG-10544]

Start auto log messages stack - Iteration 274.	[MsgId: MMSG-10545]
Starting action Action.	[MsgId: MMSG-15919]
Action.c(4): web_url("canonical.html") started  	[MsgId: MMSG-26355]
Action.c(4): Detected non-resource "https://support.mozilla.org/kb/captive-portal" in "http://detectportal.firefox.com/canonical.html"  	[MsgId: MMSG-26573]
Action.c(4): Error -35196: HTTP Status-Code=429 (Retry With) for "https://support.mozilla.org/kb/captive-portal"  	[MsgId: MERR-35196]
End auto log messages stack.	[MsgId: MMSG-10544]

Start auto log messages stack - Iteration 275.	[MsgId: MMSG-10545]
Starting action Action.	[MsgId: MMSG-15919]
Action.c(4): web_url("canonical.html") started  	[MsgId: MMSG-26355]
Action.c(4): Detected non-resource "https://support.mozilla.org/kb/captive-portal" in "http://detectportal.firefox.com/canonical.html"  	[MsgId: MMSG-26573]
Action.c(4): Error -35196: HTTP Status-Code=429 (Retry With) for "https://support.mozilla.org/kb/captive-portal"  	[MsgId: MERR-35196]
End auto log messages stack.	[MsgId: MMSG-10544]

Start auto log messages stack - Iteration 276.	[MsgId: MMSG-10545]
Starting action Action.	[MsgId: MMSG-15919]
Action.c(4): web_url("canonical.html") started  	[MsgId: MMSG-26355]
Action.c(4): Detected non-resource "https://support.mozilla.org/kb/captive-portal" in "http://detectportal.firefox.com/canonical.html"  	[MsgId: MMSG-26573]
Action.c(4): Error -35196: HTTP Status-Code=429 (Retry With) for "https://support.mozilla.org/kb/captive-portal"  	[MsgId: MERR-35196]
End auto log messages stack.	[MsgId: MMSG-10544]

Start auto log messages stack - Iteration 277.	[MsgId: MMSG-10545]
Starting action Action.	[MsgId: MMSG-15919]
Action.c(4): web_url("canonical.html") started  	[MsgId: MMSG-26355]
Action.c(4): Detected non-resource "https://support.mozilla.org/kb/captive-portal" in "http://detectportal.firefox.com/canonical.html"  	[MsgId: MMSG-26573]
Action.c(4): Error -35196: HTTP Status-Code=429 (Retry With) for "https://support.mozilla.org/kb/captive-portal"  	[MsgId: MERR-35196]
End auto log messages stack.	[MsgId: MMSG-10544]

Start auto log messages stack - Iteration 278.	[MsgId: MMSG-10545]
Starting action Action.	[MsgId: MMSG-15919]
Action.c(4): web_url("canonical.html") started  	[MsgId: MMSG-26355]
Action.c(4): Detected non-resource "https://support.mozilla.org/kb/captive-portal" in "http://detectportal.firefox.com/canonical.html"  	[MsgId: MMSG-26573]
Action.c(4): Error -35196: HTTP Status-Code=429 (Retry With) for "https://support.mozilla.org/kb/captive-portal"  	[MsgId: MERR-35196]
End auto log messages stack.	[MsgId: MMSG-10544]

Start auto log messages stack - Iteration 279.	[MsgId: MMSG-10545]
Starting action Action.	[MsgId: MMSG-15919]
Action.c(4): web_url("canonical.html") started  	[MsgId: MMSG-26355]
Action.c(4): Detected non-resource "https://support.mozilla.org/kb/captive-portal" in "http://detectportal.firefox.com/canonical.html"  	[MsgId: MMSG-26573]
Action.c(4): Error -35196: HTTP Status-Code=429 (Retry With) for "https://support.mozilla.org/kb/captive-portal"  	[MsgId: MERR-35196]
End auto log messages stack.	[MsgId: MMSG-10544]

Start auto log messages stack - Iteration 280.	[MsgId: MMSG-10545]
Starting action Action.	[MsgId: MMSG-15919]
Action.c(4): web_url("canonical.html") started  	[MsgId: MMSG-26355]
Action.c(4): Detected non-resource "https://support.mozilla.org/kb/captive-portal" in "http://detectportal.firefox.com/canonical.html"  	[MsgId: MMSG-26573]
Action.c(4): Error -35196: HTTP Status-Code=429 (Retry With) for "https://support.mozilla.org/kb/captive-portal"  	[MsgId: MERR-35196]
End auto log messages stack.	[MsgId: MMSG-10544]

Start auto log messages stack - Iteration 281.	[MsgId: MMSG-10545]
Starting action Action.	[MsgId: MMSG-15919]
Action.c(4): web_url("canonical.html") started  	[MsgId: MMSG-26355]
Action.c(4): Detected non-resource "https://support.mozilla.org/kb/captive-portal" in "http://detectportal.firefox.com/canonical.html"  	[MsgId: MMSG-26573]
Action.c(4): Error -35196: HTTP Status-Code=429 (Retry With) for "https://support.mozilla.org/kb/captive-portal"  	[MsgId: MERR-35196]
End auto log messages stack.	[MsgId: MMSG-10544]

Start auto log messages stack - Iteration 282.	[MsgId: MMSG-10545]
Starting action Action.	[MsgId: MMSG-15919]
Action.c(4): web_url("canonical.html") started  	[MsgId: MMSG-26355]
Action.c(4): Detected non-resource "https://support.mozilla.org/kb/captive-portal" in "http://detectportal.firefox.com/canonical.html"  	[MsgId: MMSG-26573]
Action.c(4): Error -35196: HTTP Status-Code=429 (Retry With) for "https://support.mozilla.org/kb/captive-portal"  	[MsgId: MERR-35196]
End auto log messages stack.	[MsgId: MMSG-10544]

Start auto log messages stack - Iteration 283.	[MsgId: MMSG-10545]
Starting action Action.	[MsgId: MMSG-15919]
Action.c(4): web_url("canonical.html") started  	[MsgId: MMSG-26355]
Action.c(4): Detected non-resource "https://support.mozilla.org/kb/captive-portal" in "http://detectportal.firefox.com/canonical.html"  	[MsgId: MMSG-26573]
Action.c(4): Error -35196: HTTP Status-Code=429 (Retry With) for "https://support.mozilla.org/kb/captive-portal"  	[MsgId: MERR-35196]
End auto log messages stack.	[MsgId: MMSG-10544]

Start auto log messages stack - Iteration 284.	[MsgId: MMSG-10545]
Starting action Action.	[MsgId: MMSG-15919]
Action.c(4): web_url("canonical.html") started  	[MsgId: MMSG-26355]
Action.c(4): Detected non-resource "https://support.mozilla.org/kb/captive-portal" in "http://detectportal.firefox.com/canonical.html"  	[MsgId: MMSG-26573]
Action.c(4): Error -35196: HTTP Status-Code=429 (Retry With) for "https://support.mozilla.org/kb/captive-portal"  	[MsgId: MERR-35196]
End auto log messages stack.	[MsgId: MMSG-10544]

Start auto log messages stack - Iteration 285.	[MsgId: MMSG-10545]
Starting action Action.	[MsgId: MMSG-15919]
Action.c(4): web_url("canonical.html") started  	[MsgId: MMSG-26355]
Action.c(4): Detected non-resource "https://support.mozilla.org/kb/captive-portal" in "http://detectportal.firefox.com/canonical.html"  	[MsgId: MMSG-26573]
Action.c(4): Error -35196: HTTP Status-Code=429 (Retry With) for "https://support.mozilla.org/kb/captive-portal"  	[MsgId: MERR-35196]
End auto log messages stack.	[MsgId: MMSG-10544]

Start auto log messages stack - Iteration 286.	[MsgId: MMSG-10545]
Starting action Action.	[MsgId: MMSG-15919]
Action.c(4): web_url("canonical.html") started  	[MsgId: MMSG-26355]
Action.c(4): Detected non-resource "https://support.mozilla.org/kb/captive-portal" in "http://detectportal.firefox.com/canonical.html"  	[MsgId: MMSG-26573]
Action.c(4): Error -35196: HTTP Status-Code=429 (Retry With) for "https://support.mozilla.org/kb/captive-portal"  	[MsgId: MERR-35196]
End auto log messages stack.	[MsgId: MMSG-10544]

Start auto log messages stack - Iteration 287.	[MsgId: MMSG-10545]
Starting action Action.	[MsgId: MMSG-15919]
Action.c(4): web_url("canonical.html") started  	[MsgId: MMSG-26355]
Action.c(4): Detected non-resource "https://support.mozilla.org/kb/captive-portal" in "http://detectportal.firefox.com/canonical.html"  	[MsgId: MMSG-26573]
Action.c(4): Error -35196: HTTP Status-Code=429 (Retry With) for "https://support.mozilla.org/kb/captive-portal"  	[MsgId: MERR-35196]
End auto log messages stack.	[MsgId: MMSG-10544]

Start auto log messages stack - Iteration 288.	[MsgId: MMSG-10545]
Starting action Action.	[MsgId: MMSG-15919]
Action.c(4): web_url("canonical.html") started  	[MsgId: MMSG-26355]
Action.c(4): Detected non-resource "https://support.mozilla.org/kb/captive-portal" in "http://detectportal.firefox.com/canonical.html"  	[MsgId: MMSG-26573]
Action.c(4): Error -35196: HTTP Status-Code=429 (Retry With) for "https://support.mozilla.org/kb/captive-portal"  	[MsgId: MERR-35196]
End auto log messages stack.	[MsgId: MMSG-10544]

Start auto log messages stack - Iteration 289.	[MsgId: MMSG-10545]
Starting action Action.	[MsgId: MMSG-15919]
Action.c(4): web_url("canonical.html") started  	[MsgId: MMSG-26355]
Action.c(4): Detected non-resource "https://support.mozilla.org/kb/captive-portal" in "http://detectportal.firefox.com/canonical.html"  	[MsgId: MMSG-26573]
Action.c(4): Error -35196: HTTP Status-Code=429 (Retry With) for "https://support.mozilla.org/kb/captive-portal"  	[MsgId: MERR-35196]
End auto log messages stack.	[MsgId: MMSG-10544]

Start auto log messages stack - Iteration 290.	[MsgId: MMSG-10545]
Starting action Action.	[MsgId: MMSG-15919]
Action.c(4): web_url("canonical.html") started  	[MsgId: MMSG-26355]
Action.c(4): Detected non-resource "https://support.mozilla.org/kb/captive-portal" in "http://detectportal.firefox.com/canonical.html"  	[MsgId: MMSG-26573]
Action.c(4): Error -35196: HTTP Status-Code=429 (Retry With) for "https://support.mozilla.org/kb/captive-portal"  	[MsgId: MERR-35196]
End auto log messages stack.	[MsgId: MMSG-10544]

Start auto log messages stack - Iteration 291.	[MsgId: MMSG-10545]
Starting action Action.	[MsgId: MMSG-15919]
Action.c(4): web_url("canonical.html") started  	[MsgId: MMSG-26355]
Action.c(4): Detected non-resource "https://support.mozilla.org/kb/captive-portal" in "http://detectportal.firefox.com/canonical.html"  	[MsgId: MMSG-26573]
Action.c(4): Error -35196: HTTP Status-Code=429 (Retry With) for "https://support.mozilla.org/kb/captive-portal"  	[MsgId: MERR-35196]
End auto log messages stack.	[MsgId: MMSG-10544]

Start auto log messages stack - Iteration 292.	[MsgId: MMSG-10545]
Starting action Action.	[MsgId: MMSG-15919]
Action.c(4): web_url("canonical.html") started  	[MsgId: MMSG-26355]
Action.c(4): Detected non-resource "https://support.mozilla.org/kb/captive-portal" in "http://detectportal.firefox.com/canonical.html"  	[MsgId: MMSG-26573]
Action.c(4): Error -35196: HTTP Status-Code=429 (Retry With) for "https://support.mozilla.org/kb/captive-portal"  	[MsgId: MERR-35196]
End auto log messages stack.	[MsgId: MMSG-10544]

Start auto log messages stack - Iteration 293.	[MsgId: MMSG-10545]
Starting action Action.	[MsgId: MMSG-15919]
Action.c(4): web_url("canonical.html") started  	[MsgId: MMSG-26355]
Action.c(4): Detected non-resource "https://support.mozilla.org/kb/captive-portal" in "http://detectportal.firefox.com/canonical.html"  	[MsgId: MMSG-26573]
Action.c(4): Error -35196: HTTP Status-Code=429 (Retry With) for "https://support.mozilla.org/kb/captive-portal"  	[MsgId: MERR-35196]
End auto log messages stack.	[MsgId: MMSG-10544]

Start auto log messages stack - Iteration 294.	[MsgId: MMSG-10545]
Starting action Action.	[MsgId: MMSG-15919]
Action.c(4): web_url("canonical.html") started  	[MsgId: MMSG-26355]
Action.c(4): Detected non-resource "https://support.mozilla.org/kb/captive-portal" in "http://detectportal.firefox.com/canonical.html"  	[MsgId: MMSG-26573]
Action.c(4): Error -35196: HTTP Status-Code=429 (Retry With) for "https://support.mozilla.org/kb/captive-portal"  	[MsgId: MERR-35196]
End auto log messages stack.	[MsgId: MMSG-10544]

Start auto log messages stack - Iteration 295.	[MsgId: MMSG-10545]
Starting action Action.	[MsgId: MMSG-15919]
Action.c(4): web_url("canonical.html") started  	[MsgId: MMSG-26355]
Action.c(4): Detected non-resource "https://support.mozilla.org/kb/captive-portal" in "http://detectportal.firefox.com/canonical.html"  	[MsgId: MMSG-26573]
Action.c(4): Error -35196: HTTP Status-Code=429 (Retry With) for "https://support.mozilla.org/kb/captive-portal"  	[MsgId: MERR-35196]
End auto log messages stack.	[MsgId: MMSG-10544]

Start auto log messages stack - Iteration 296.	[MsgId: MMSG-10545]
Starting action Action.	[MsgId: MMSG-15919]
Action.c(4): web_url("canonical.html") started  	[MsgId: MMSG-26355]
Action.c(4): Detected non-resource "https://support.mozilla.org/kb/captive-portal" in "http://detectportal.firefox.com/canonical.html"  	[MsgId: MMSG-26573]
Action.c(4): Error -35196: HTTP Status-Code=429 (Retry With) for "https://support.mozilla.org/kb/captive-portal"  	[MsgId: MERR-35196]
End auto log messages stack.	[MsgId: MMSG-10544]

Start auto log messages stack - Iteration 297.	[MsgId: MMSG-10545]
Starting action Action.	[MsgId: MMSG-15919]
Action.c(4): web_url("canonical.html") started  	[MsgId: MMSG-26355]
Action.c(4): Detected non-resource "https://support.mozilla.org/kb/captive-portal" in "http://detectportal.firefox.com/canonical.html"  	[MsgId: MMSG-26573]
Action.c(4): Error -35196: HTTP Status-Code=429 (Retry With) for "https://support.mozilla.org/kb/captive-portal"  	[MsgId: MERR-35196]
End auto log messages stack.	[MsgId: MMSG-10544]

Start auto log messages stack - Iteration 298.	[MsgId: MMSG-10545]
Starting action Action.	[MsgId: MMSG-15919]
Action.c(4): web_url("canonical.html") started  	[MsgId: MMSG-26355]
Action.c(4): Detected non-resource "https://support.mozilla.org/kb/captive-portal" in "http://detectportal.firefox.com/canonical.html"  	[MsgId: MMSG-26573]
Action.c(4): Error -35196: HTTP Status-Code=429 (Retry With) for "https://support.mozilla.org/kb/captive-portal"  	[MsgId: MERR-35196]
End auto log messages stack.	[MsgId: MMSG-10544]

Start auto log messages stack - Iteration 299.	[MsgId: MMSG-10545]
Starting action Action.	[MsgId: MMSG-15919]
Action.c(4): web_url("canonical.html") started  	[MsgId: MMSG-26355]
Action.c(4): Detected non-resource "https://support.mozilla.org/kb/captive-portal" in "http://detectportal.firefox.com/canonical.html"  	[MsgId: MMSG-26573]
Action.c(4): Error -35196: HTTP Status-Code=429 (Retry With) for "https://support.mozilla.org/kb/captive-portal"  	[MsgId: MERR-35196]
End auto log messages stack.	[MsgId: MMSG-10544]

Start auto log messages stack - Iteration 300.	[MsgId: MMSG-10545]
Starting action Action.	[MsgId: MMSG-15919]
Action.c(4): web_url("canonical.html") started  	[MsgId: MMSG-26355]
Action.c(4): Detected non-resource "https://support.mozilla.org/kb/captive-portal" in "http://detectportal.firefox.com/canonical.html"  	[MsgId: MMSG-26573]
Action.c(4): Error -35196: HTTP Status-Code=429 (Retry With) for "https://support.mozilla.org/kb/captive-portal"  	[MsgId: MERR-35196]
End auto log messages stack.	[MsgId: MMSG-10544]

Start auto log messages stack - Iteration 301.	[MsgId: MMSG-10545]
Starting action Action.	[MsgId: MMSG-15919]
Action.c(4): web_url("canonical.html") started  	[MsgId: MMSG-26355]
Action.c(4): Detected non-resource "https://support.mozilla.org/kb/captive-portal" in "http://detectportal.firefox.com/canonical.html"  	[MsgId: MMSG-26573]
Action.c(4): Error -35196: HTTP Status-Code=429 (Retry With) for "https://support.mozilla.org/kb/captive-portal"  	[MsgId: MERR-35196]
End auto log messages stack.	[MsgId: MMSG-10544]

Start auto log messages stack - Iteration 302.	[MsgId: MMSG-10545]
Starting action Action.	[MsgId: MMSG-15919]
Action.c(4): web_url("canonical.html") started  	[MsgId: MMSG-26355]
Action.c(4): Detected non-resource "https://support.mozilla.org/kb/captive-portal" in "http://detectportal.firefox.com/canonical.html"  	[MsgId: MMSG-26573]
Action.c(4): Error -35196: HTTP Status-Code=429 (Retry With) for "https://support.mozilla.org/kb/captive-portal"  	[MsgId: MERR-35196]
End auto log messages stack.	[MsgId: MMSG-10544]

Start auto log messages stack - Iteration 303.	[MsgId: MMSG-10545]
Starting action Action.	[MsgId: MMSG-15919]
Action.c(4): web_url("canonical.html") started  	[MsgId: MMSG-26355]
Action.c(4): Detected non-resource "https://support.mozilla.org/kb/captive-portal" in "http://detectportal.firefox.com/canonical.html"  	[MsgId: MMSG-26573]
Action.c(4): Error -35196: HTTP Status-Code=429 (Retry With) for "https://support.mozilla.org/kb/captive-portal"  	[MsgId: MERR-35196]
End auto log messages stack.	[MsgId: MMSG-10544]

Start auto log messages stack - Iteration 304.	[MsgId: MMSG-10545]
Starting action Action.	[MsgId: MMSG-15919]
Action.c(4): web_url("canonical.html") started  	[MsgId: MMSG-26355]
Action.c(4): Detected non-resource "https://support.mozilla.org/kb/captive-portal" in "http://detectportal.firefox.com/canonical.html"  	[MsgId: MMSG-26573]
Action.c(4): Error -35196: HTTP Status-Code=429 (Retry With) for "https://support.mozilla.org/kb/captive-portal"  	[MsgId: MERR-35196]
End auto log messages stack.	[MsgId: MMSG-10544]

Start auto log messages stack - Iteration 305.	[MsgId: MMSG-10545]
Starting action Action.	[MsgId: MMSG-15919]
Action.c(4): web_url("canonical.html") started  	[MsgId: MMSG-26355]
Action.c(4): Detected non-resource "https://support.mozilla.org/kb/captive-portal" in "http://detectportal.firefox.com/canonical.html"  	[MsgId: MMSG-26573]
Action.c(4): Error -35196: HTTP Status-Code=429 (Retry With) for "https://support.mozilla.org/kb/captive-portal"  	[MsgId: MERR-35196]
End auto log messages stack.	[MsgId: MMSG-10544]

Start auto log messages stack - Iteration 306.	[MsgId: MMSG-10545]
Starting action Action.	[MsgId: MMSG-15919]
Action.c(4): web_url("canonical.html") started  	[MsgId: MMSG-26355]
Action.c(4): Detected non-resource "https://support.mozilla.org/kb/captive-portal" in "http://detectportal.firefox.com/canonical.html"  	[MsgId: MMSG-26573]
Action.c(4): Error -35196: HTTP Status-Code=429 (Retry With) for "https://support.mozilla.org/kb/captive-portal"  	[MsgId: MERR-35196]
End auto log messages stack.	[MsgId: MMSG-10544]

Start auto log messages stack - Iteration 307.	[MsgId: MMSG-10545]
Starting action Action.	[MsgId: MMSG-15919]
Action.c(4): web_url("canonical.html") started  	[MsgId: MMSG-26355]
Action.c(4): Detected non-resource "https://support.mozilla.org/kb/captive-portal" in "http://detectportal.firefox.com/canonical.html"  	[MsgId: MMSG-26573]
Action.c(4): Error -35196: HTTP Status-Code=429 (Retry With) for "https://support.mozilla.org/kb/captive-portal"  	[MsgId: MERR-35196]
End auto log messages stack.	[MsgId: MMSG-10544]

Start auto log messages stack - Iteration 308.	[MsgId: MMSG-10545]
Starting action Action.	[MsgId: MMSG-15919]
Action.c(4): web_url("canonical.html") started  	[MsgId: MMSG-26355]
Action.c(4): Detected non-resource "https://support.mozilla.org/kb/captive-portal" in "http://detectportal.firefox.com/canonical.html"  	[MsgId: MMSG-26573]
Action.c(4): Error -35196: HTTP Status-Code=429 (Retry With) for "https://support.mozilla.org/kb/captive-portal"  	[MsgId: MERR-35196]
End auto log messages stack.	[MsgId: MMSG-10544]

Start auto log messages stack - Iteration 309.	[MsgId: MMSG-10545]
Starting action Action.	[MsgId: MMSG-15919]
Action.c(4): web_url("canonical.html") started  	[MsgId: MMSG-26355]
Action.c(4): Detected non-resource "https://support.mozilla.org/kb/captive-portal" in "http://detectportal.firefox.com/canonical.html"  	[MsgId: MMSG-26573]
Action.c(4): Error -35196: HTTP Status-Code=429 (Retry With) for "https://support.mozilla.org/kb/captive-portal"  	[MsgId: MERR-35196]
End auto log messages stack.	[MsgId: MMSG-10544]

Start auto log messages stack - Iteration 310.	[MsgId: MMSG-10545]
Starting action Action.	[MsgId: MMSG-15919]
Action.c(4): web_url("canonical.html") started  	[MsgId: MMSG-26355]
Action.c(4): Detected non-resource "https://support.mozilla.org/kb/captive-portal" in "http://detectportal.firefox.com/canonical.html"  	[MsgId: MMSG-26573]
Action.c(4): Error -35196: HTTP Status-Code=429 (Retry With) for "https://support.mozilla.org/kb/captive-portal"  	[MsgId: MERR-35196]
End auto log messages stack.	[MsgId: MMSG-10544]

Start auto log messages stack - Iteration 311.	[MsgId: MMSG-10545]
Starting action Action.	[MsgId: MMSG-15919]
Action.c(4): web_url("canonical.html") started  	[MsgId: MMSG-26355]
Action.c(4): Detected non-resource "https://support.mozilla.org/kb/captive-portal" in "http://detectportal.firefox.com/canonical.html"  	[MsgId: MMSG-26573]
Action.c(4): Error -35196: HTTP Status-Code=429 (Retry With) for "https://support.mozilla.org/kb/captive-portal"  	[MsgId: MERR-35196]
End auto log messages stack.	[MsgId: MMSG-10544]

Start auto log messages stack - Iteration 312.	[MsgId: MMSG-10545]
Starting action Action.	[MsgId: MMSG-15919]
Action.c(4): web_url("canonical.html") started  	[MsgId: MMSG-26355]
Action.c(4): Detected non-resource "https://support.mozilla.org/kb/captive-portal" in "http://detectportal.firefox.com/canonical.html"  	[MsgId: MMSG-26573]
Action.c(4): Error -35196: HTTP Status-Code=429 (Retry With) for "https://support.mozilla.org/kb/captive-portal"  	[MsgId: MERR-35196]
End auto log messages stack.	[MsgId: MMSG-10544]

Start auto log messages stack - Iteration 313.	[MsgId: MMSG-10545]
Starting action Action.	[MsgId: MMSG-15919]
Action.c(4): web_url("canonical.html") started  	[MsgId: MMSG-26355]
Action.c(4): Detected non-resource "https://support.mozilla.org/kb/captive-portal" in "http://detectportal.firefox.com/canonical.html"  	[MsgId: MMSG-26573]
Action.c(4): Error -35196: HTTP Status-Code=429 (Retry With) for "https://support.mozilla.org/kb/captive-portal"  	[MsgId: MERR-35196]
End auto log messages stack.	[MsgId: MMSG-10544]

Start auto log messages stack - Iteration 314.	[MsgId: MMSG-10545]
Starting action Action.	[MsgId: MMSG-15919]
Action.c(4): web_url("canonical.html") started  	[MsgId: MMSG-26355]
Action.c(4): Detected non-resource "https://support.mozilla.org/kb/captive-portal" in "http://detectportal.firefox.com/canonical.html"  	[MsgId: MMSG-26573]
Action.c(4): Error -35196: HTTP Status-Code=429 (Retry With) for "https://support.mozilla.org/kb/captive-portal"  	[MsgId: MERR-35196]
End auto log messages stack.	[MsgId: MMSG-10544]

Start auto log messages stack - Iteration 315.	[MsgId: MMSG-10545]
Starting action Action.	[MsgId: MMSG-15919]
Action.c(4): web_url("canonical.html") started  	[MsgId: MMSG-26355]
Action.c(4): Detected non-resource "https://support.mozilla.org/kb/captive-portal" in "http://detectportal.firefox.com/canonical.html"  	[MsgId: MMSG-26573]
Action.c(4): Error -35196: HTTP Status-Code=429 (Retry With) for "https://support.mozilla.org/kb/captive-portal"  	[MsgId: MERR-35196]
End auto log messages stack.	[MsgId: MMSG-10544]

Start auto log messages stack - Iteration 316.	[MsgId: MMSG-10545]
Starting action Action.	[MsgId: MMSG-15919]
Action.c(4): web_url("canonical.html") started  	[MsgId: MMSG-26355]
Action.c(4): Detected non-resource "https://support.mozilla.org/kb/captive-portal" in "http://detectportal.firefox.com/canonical.html"  	[MsgId: MMSG-26573]
Action.c(4): Error -35196: HTTP Status-Code=429 (Retry With) for "https://support.mozilla.org/kb/captive-portal"  	[MsgId: MERR-35196]
End auto log messages stack.	[MsgId: MMSG-10544]

Start auto log messages stack - Iteration 317.	[MsgId: MMSG-10545]
Starting action Action.	[MsgId: MMSG-15919]
Action.c(4): web_url("canonical.html") started  	[MsgId: MMSG-26355]
Action.c(4): Detected non-resource "https://support.mozilla.org/kb/captive-portal" in "http://detectportal.firefox.com/canonical.html"  	[MsgId: MMSG-26573]
Action.c(4): Error -35196: HTTP Status-Code=429 (Retry With) for "https://support.mozilla.org/kb/captive-portal"  	[MsgId: MERR-35196]
End auto log messages stack.	[MsgId: MMSG-10544]

Start auto log messages stack - Iteration 318.	[MsgId: MMSG-10545]
Starting action Action.	[MsgId: MMSG-15919]
Action.c(4): web_url("canonical.html") started  	[MsgId: MMSG-26355]
Action.c(4): Detected non-resource "https://support.mozilla.org/kb/captive-portal" in "http://detectportal.firefox.com/canonical.html"  	[MsgId: MMSG-26573]
Action.c(4): Error -35196: HTTP Status-Code=429 (Retry With) for "https://support.mozilla.org/kb/captive-portal"  	[MsgId: MERR-35196]
End auto log messages stack.	[MsgId: MMSG-10544]

Start auto log messages stack - Iteration 319.	[MsgId: MMSG-10545]
Starting action Action.	[MsgId: MMSG-15919]
Action.c(4): web_url("canonical.html") started  	[MsgId: MMSG-26355]
Action.c(4): Detected non-resource "https://support.mozilla.org/kb/captive-portal" in "http://detectportal.firefox.com/canonical.html"  	[MsgId: MMSG-26573]
Action.c(4): Error -35196: HTTP Status-Code=429 (Retry With) for "https://support.mozilla.org/kb/captive-portal"  	[MsgId: MERR-35196]
End auto log messages stack.	[MsgId: MMSG-10544]

Start auto log messages stack - Iteration 320.	[MsgId: MMSG-10545]
Starting action Action.	[MsgId: MMSG-15919]
Action.c(4): web_url("canonical.html") started  	[MsgId: MMSG-26355]
Action.c(4): Detected non-resource "https://support.mozilla.org/kb/captive-portal" in "http://detectportal.firefox.com/canonical.html"  	[MsgId: MMSG-26573]
Action.c(4): Error -35196: HTTP Status-Code=429 (Retry With) for "https://support.mozilla.org/kb/captive-portal"  	[MsgId: MERR-35196]
End auto log messages stack.	[MsgId: MMSG-10544]

Start auto log messages stack - Iteration 321.	[MsgId: MMSG-10545]
Starting action Action.	[MsgId: MMSG-15919]
Action.c(4): web_url("canonical.html") started  	[MsgId: MMSG-26355]
Action.c(4): Detected non-resource "https://support.mozilla.org/kb/captive-portal" in "http://detectportal.firefox.com/canonical.html"  	[MsgId: MMSG-26573]
Action.c(4): Error -35196: HTTP Status-Code=429 (Retry With) for "https://support.mozilla.org/kb/captive-portal"  	[MsgId: MERR-35196]
End auto log messages stack.	[MsgId: MMSG-10544]

Start auto log messages stack - Iteration 322.	[MsgId: MMSG-10545]
Starting action Action.	[MsgId: MMSG-15919]
Action.c(4): web_url("canonical.html") started  	[MsgId: MMSG-26355]
Action.c(4): Detected non-resource "https://support.mozilla.org/kb/captive-portal" in "http://detectportal.firefox.com/canonical.html"  	[MsgId: MMSG-26573]
Action.c(4): Error -35196: HTTP Status-Code=429 (Retry With) for "https://support.mozilla.org/kb/captive-portal"  	[MsgId: MERR-35196]
End auto log messages stack.	[MsgId: MMSG-10544]

Start auto log messages stack - Iteration 323.	[MsgId: MMSG-10545]
Starting action Action.	[MsgId: MMSG-15919]
Action.c(4): web_url("canonical.html") started  	[MsgId: MMSG-26355]
Action.c(4): Detected non-resource "https://support.mozilla.org/kb/captive-portal" in "http://detectportal.firefox.com/canonical.html"  	[MsgId: MMSG-26573]
Action.c(4): Error -35196: HTTP Status-Code=429 (Retry With) for "https://support.mozilla.org/kb/captive-portal"  	[MsgId: MERR-35196]
End auto log messages stack.	[MsgId: MMSG-10544]

Start auto log messages stack - Iteration 324.	[MsgId: MMSG-10545]
Starting action Action.	[MsgId: MMSG-15919]
Action.c(4): web_url("canonical.html") started  	[MsgId: MMSG-26355]
Action.c(4): Detected non-resource "https://support.mozilla.org/kb/captive-portal" in "http://detectportal.firefox.com/canonical.html"  	[MsgId: MMSG-26573]
Action.c(4): Error -35196: HTTP Status-Code=429 (Retry With) for "https://support.mozilla.org/kb/captive-portal"  	[MsgId: MERR-35196]
End auto log messages stack.	[MsgId: MMSG-10544]

Start auto log messages stack - Iteration 325.	[MsgId: MMSG-10545]
Starting action Action.	[MsgId: MMSG-15919]
Action.c(4): web_url("canonical.html") started  	[MsgId: MMSG-26355]
Action.c(4): Detected non-resource "https://support.mozilla.org/kb/captive-portal" in "http://detectportal.firefox.com/canonical.html"  	[MsgId: MMSG-26573]
Action.c(4): Error -35196: HTTP Status-Code=429 (Retry With) for "https://support.mozilla.org/kb/captive-portal"  	[MsgId: MERR-35196]
End auto log messages stack.	[MsgId: MMSG-10544]

Start auto log messages stack - Iteration 326.	[MsgId: MMSG-10545]
Starting action Action.	[MsgId: MMSG-15919]
Action.c(4): web_url("canonical.html") started  	[MsgId: MMSG-26355]
Action.c(4): Detected non-resource "https://support.mozilla.org/kb/captive-portal" in "http://detectportal.firefox.com/canonical.html"  	[MsgId: MMSG-26573]
Action.c(4): Error -35196: HTTP Status-Code=429 (Retry With) for "https://support.mozilla.org/kb/captive-portal"  	[MsgId: MERR-35196]
End auto log messages stack.	[MsgId: MMSG-10544]

Start auto log messages stack - Iteration 327.	[MsgId: MMSG-10545]
Starting action Action.	[MsgId: MMSG-15919]
Action.c(4): web_url("canonical.html") started  	[MsgId: MMSG-26355]
Action.c(4): Detected non-resource "https://support.mozilla.org/kb/captive-portal" in "http://detectportal.firefox.com/canonical.html"  	[MsgId: MMSG-26573]
Action.c(4): Error -35196: HTTP Status-Code=429 (Retry With) for "https://support.mozilla.org/kb/captive-portal"  	[MsgId: MERR-35196]
End auto log messages stack.	[MsgId: MMSG-10544]

Start auto log messages stack - Iteration 328.	[MsgId: MMSG-10545]
Starting action Action.	[MsgId: MMSG-15919]
Action.c(4): web_url("canonical.html") started  	[MsgId: MMSG-26355]
Action.c(4): Detected non-resource "https://support.mozilla.org/kb/captive-portal" in "http://detectportal.firefox.com/canonical.html"  	[MsgId: MMSG-26573]
Action.c(4): Error -35196: HTTP Status-Code=429 (Retry With) for "https://support.mozilla.org/kb/captive-portal"  	[MsgId: MERR-35196]
End auto log messages stack.	[MsgId: MMSG-10544]

Start auto log messages stack - Iteration 329.	[MsgId: MMSG-10545]
Starting action Action.	[MsgId: MMSG-15919]
Action.c(4): web_url("canonical.html") started  	[MsgId: MMSG-26355]
Action.c(4): Detected non-resource "https://support.mozilla.org/kb/captive-portal" in "http://detectportal.firefox.com/canonical.html"  	[MsgId: MMSG-26573]
Action.c(4): Error -35196: HTTP Status-Code=429 (Retry With) for "https://support.mozilla.org/kb/captive-portal"  	[MsgId: MERR-35196]
End auto log messages stack.	[MsgId: MMSG-10544]

Start auto log messages stack - Iteration 330.	[MsgId: MMSG-10545]
Starting action Action.	[MsgId: MMSG-15919]
Action.c(4): web_url("canonical.html") started  	[MsgId: MMSG-26355]
Action.c(4): Detected non-resource "https://support.mozilla.org/kb/captive-portal" in "http://detectportal.firefox.com/canonical.html"  	[MsgId: MMSG-26573]
Action.c(4): Error -35196: HTTP Status-Code=429 (Retry With) for "https://support.mozilla.org/kb/captive-portal"  	[MsgId: MERR-35196]
End auto log messages stack.	[MsgId: MMSG-10544]

Start auto log messages stack - Iteration 331.	[MsgId: MMSG-10545]
Starting action Action.	[MsgId: MMSG-15919]
Action.c(4): web_url("canonical.html") started  	[MsgId: MMSG-26355]
Action.c(4): Detected non-resource "https://support.mozilla.org/kb/captive-portal" in "http://detectportal.firefox.com/canonical.html"  	[MsgId: MMSG-26573]
Action.c(4): Error -35196: HTTP Status-Code=429 (Retry With) for "https://support.mozilla.org/kb/captive-portal"  	[MsgId: MERR-35196]
End auto log messages stack.	[MsgId: MMSG-10544]

Start auto log messages stack - Iteration 332.	[MsgId: MMSG-10545]
Starting action Action.	[MsgId: MMSG-15919]
Action.c(4): web_url("canonical.html") started  	[MsgId: MMSG-26355]
Action.c(4): Detected non-resource "https://support.mozilla.org/kb/captive-portal" in "http://detectportal.firefox.com/canonical.html"  	[MsgId: MMSG-26573]
Action.c(4): Error -35196: HTTP Status-Code=429 (Retry With) for "https://support.mozilla.org/kb/captive-portal"  	[MsgId: MERR-35196]
End auto log messages stack.	[MsgId: MMSG-10544]

Start auto log messages stack - Iteration 333.	[MsgId: MMSG-10545]
Starting action Action.	[MsgId: MMSG-15919]
Action.c(4): web_url("canonical.html") started  	[MsgId: MMSG-26355]
Action.c(4): Detected non-resource "https://support.mozilla.org/kb/captive-portal" in "http://detectportal.firefox.com/canonical.html"  	[MsgId: MMSG-26573]
Action.c(4): Error -35196: HTTP Status-Code=429 (Retry With) for "https://support.mozilla.org/kb/captive-portal"  	[MsgId: MERR-35196]
End auto log messages stack.	[MsgId: MMSG-10544]

Start auto log messages stack - Iteration 334.	[MsgId: MMSG-10545]
Starting action Action.	[MsgId: MMSG-15919]
Action.c(4): web_url("canonical.html") started  	[MsgId: MMSG-26355]
Action.c(4): Detected non-resource "https://support.mozilla.org/kb/captive-portal" in "http://detectportal.firefox.com/canonical.html"  	[MsgId: MMSG-26573]
Action.c(4): Error -35196: HTTP Status-Code=429 (Retry With) for "https://support.mozilla.org/kb/captive-portal"  	[MsgId: MERR-35196]
End auto log messages stack.	[MsgId: MMSG-10544]

Start auto log messages stack - Iteration 335.	[MsgId: MMSG-10545]
Starting action Action.	[MsgId: MMSG-15919]
Action.c(4): web_url("canonical.html") started  	[MsgId: MMSG-26355]
Action.c(4): Detected non-resource "https://support.mozilla.org/kb/captive-portal" in "http://detectportal.firefox.com/canonical.html"  	[MsgId: MMSG-26573]
Action.c(4): Error -35196: HTTP Status-Code=429 (Retry With) for "https://support.mozilla.org/kb/captive-portal"  	[MsgId: MERR-35196]
End auto log messages stack.	[MsgId: MMSG-10544]

Start auto log messages stack - Iteration 336.	[MsgId: MMSG-10545]
Starting action Action.	[MsgId: MMSG-15919]
Action.c(4): web_url("canonical.html") started  	[MsgId: MMSG-26355]
Action.c(4): Detected non-resource "https://support.mozilla.org/kb/captive-portal" in "http://detectportal.firefox.com/canonical.html"  	[MsgId: MMSG-26573]
Action.c(4): Error -35196: HTTP Status-Code=429 (Retry With) for "https://support.mozilla.org/kb/captive-portal"  	[MsgId: MERR-35196]
End auto log messages stack.	[MsgId: MMSG-10544]

Start auto log messages stack - Iteration 337.	[MsgId: MMSG-10545]
Starting action Action.	[MsgId: MMSG-15919]
Action.c(4): web_url("canonical.html") started  	[MsgId: MMSG-26355]
Action.c(4): Detected non-resource "https://support.mozilla.org/kb/captive-portal" in "http://detectportal.firefox.com/canonical.html"  	[MsgId: MMSG-26573]
Action.c(4): Error -35196: HTTP Status-Code=429 (Retry With) for "https://support.mozilla.org/kb/captive-portal"  	[MsgId: MERR-35196]
End auto log messages stack.	[MsgId: MMSG-10544]

Start auto log messages stack - Iteration 338.	[MsgId: MMSG-10545]
Starting action Action.	[MsgId: MMSG-15919]
Action.c(4): web_url("canonical.html") started  	[MsgId: MMSG-26355]
Action.c(4): Detected non-resource "https://support.mozilla.org/kb/captive-portal" in "http://detectportal.firefox.com/canonical.html"  	[MsgId: MMSG-26573]
Action.c(4): Error -35196: HTTP Status-Code=429 (Retry With) for "https://support.mozilla.org/kb/captive-portal"  	[MsgId: MERR-35196]
End auto log messages stack.	[MsgId: MMSG-10544]

Start auto log messages stack - Iteration 339.	[MsgId: MMSG-10545]
Starting action Action.	[MsgId: MMSG-15919]
Action.c(4): web_url("canonical.html") started  	[MsgId: MMSG-26355]
Action.c(4): Detected non-resource "https://support.mozilla.org/kb/captive-portal" in "http://detectportal.firefox.com/canonical.html"  	[MsgId: MMSG-26573]
Action.c(4): Error -35196: HTTP Status-Code=429 (Retry With) for "https://support.mozilla.org/kb/captive-portal"  	[MsgId: MERR-35196]
End auto log messages stack.	[MsgId: MMSG-10544]

Start auto log messages stack - Iteration 340.	[MsgId: MMSG-10545]
Starting action Action.	[MsgId: MMSG-15919]
Action.c(4): web_url("canonical.html") started  	[MsgId: MMSG-26355]
Action.c(4): Detected non-resource "https://support.mozilla.org/kb/captive-portal" in "http://detectportal.firefox.com/canonical.html"  	[MsgId: MMSG-26573]
Action.c(4): Error -35196: HTTP Status-Code=429 (Retry With) for "https://support.mozilla.org/kb/captive-portal"  	[MsgId: MERR-35196]
End auto log messages stack.	[MsgId: MMSG-10544]

Start auto log messages stack - Iteration 341.	[MsgId: MMSG-10545]
Starting action Action.	[MsgId: MMSG-15919]
Action.c(4): web_url("canonical.html") started  	[MsgId: MMSG-26355]
Action.c(4): Detected non-resource "https://support.mozilla.org/kb/captive-portal" in "http://detectportal.firefox.com/canonical.html"  	[MsgId: MMSG-26573]
Action.c(4): Error -35196: HTTP Status-Code=429 (Retry With) for "https://support.mozilla.org/kb/captive-portal"  	[MsgId: MERR-35196]
End auto log messages stack.	[MsgId: MMSG-10544]

Start auto log messages stack - Iteration 342.	[MsgId: MMSG-10545]
Starting action Action.	[MsgId: MMSG-15919]
Action.c(4): web_url("canonical.html") started  	[MsgId: MMSG-26355]
Action.c(4): Detected non-resource "https://support.mozilla.org/kb/captive-portal" in "http://detectportal.firefox.com/canonical.html"  	[MsgId: MMSG-26573]
Action.c(4): Error -35196: HTTP Status-Code=429 (Retry With) for "https://support.mozilla.org/kb/captive-portal"  	[MsgId: MERR-35196]
End auto log messages stack.	[MsgId: MMSG-10544]

Start auto log messages stack - Iteration 343.	[MsgId: MMSG-10545]
Starting action Action.	[MsgId: MMSG-15919]
Action.c(4): web_url("canonical.html") started  	[MsgId: MMSG-26355]
Action.c(4): Detected non-resource "https://support.mozilla.org/kb/captive-portal" in "http://detectportal.firefox.com/canonical.html"  	[MsgId: MMSG-26573]
Action.c(4): Error -35196: HTTP Status-Code=429 (Retry With) for "https://support.mozilla.org/kb/captive-portal"  	[MsgId: MERR-35196]
End auto log messages stack.	[MsgId: MMSG-10544]

Start auto log messages stack - Iteration 344.	[MsgId: MMSG-10545]
Starting action Action.	[MsgId: MMSG-15919]
Action.c(4): web_url("canonical.html") started  	[MsgId: MMSG-26355]
Action.c(4): Detected non-resource "https://support.mozilla.org/kb/captive-portal" in "http://detectportal.firefox.com/canonical.html"  	[MsgId: MMSG-26573]
Action.c(4): Error -35196: HTTP Status-Code=429 (Retry With) for "https://support.mozilla.org/kb/captive-portal"  	[MsgId: MERR-35196]
End auto log messages stack.	[MsgId: MMSG-10544]

Start auto log messages stack - Iteration 345.	[MsgId: MMSG-10545]
Starting action Action.	[MsgId: MMSG-15919]
Action.c(4): web_url("canonical.html") started  	[MsgId: MMSG-26355]
Action.c(4): Detected non-resource "https://support.mozilla.org/kb/captive-portal" in "http://detectportal.firefox.com/canonical.html"  	[MsgId: MMSG-26573]
Action.c(4): Error -35196: HTTP Status-Code=429 (Retry With) for "https://support.mozilla.org/kb/captive-portal"  	[MsgId: MERR-35196]
End auto log messages stack.	[MsgId: MMSG-10544]

Start auto log messages stack - Iteration 346.	[MsgId: MMSG-10545]
Starting action Action.	[MsgId: MMSG-15919]
Action.c(4): web_url("canonical.html") started  	[MsgId: MMSG-26355]
Action.c(4): Detected non-resource "https://support.mozilla.org/kb/captive-portal" in "http://detectportal.firefox.com/canonical.html"  	[MsgId: MMSG-26573]
Action.c(4): Error -35196: HTTP Status-Code=429 (Retry With) for "https://support.mozilla.org/kb/captive-portal"  	[MsgId: MERR-35196]
End auto log messages stack.	[MsgId: MMSG-10544]

Start auto log messages stack - Iteration 347.	[MsgId: MMSG-10545]
Starting action Action.	[MsgId: MMSG-15919]
Action.c(4): web_url("canonical.html") started  	[MsgId: MMSG-26355]
Action.c(4): Detected non-resource "https://support.mozilla.org/kb/captive-portal" in "http://detectportal.firefox.com/canonical.html"  	[MsgId: MMSG-26573]
Action.c(4): Error -35196: HTTP Status-Code=429 (Retry With) for "https://support.mozilla.org/kb/captive-portal"  	[MsgId: MERR-35196]
End auto log messages stack.	[MsgId: MMSG-10544]

Start auto log messages stack - Iteration 348.	[MsgId: MMSG-10545]
Starting action Action.	[MsgId: MMSG-15919]
Action.c(4): web_url("canonical.html") started  	[MsgId: MMSG-26355]
Action.c(4): Detected non-resource "https://support.mozilla.org/kb/captive-portal" in "http://detectportal.firefox.com/canonical.html"  	[MsgId: MMSG-26573]
Action.c(4): Error -35196: HTTP Status-Code=429 (Retry With) for "https://support.mozilla.org/kb/captive-portal"  	[MsgId: MERR-35196]
End auto log messages stack.	[MsgId: MMSG-10544]

Start auto log messages stack - Iteration 349.	[MsgId: MMSG-10545]
Starting action Action.	[MsgId: MMSG-15919]
Action.c(4): web_url("canonical.html") started  	[MsgId: MMSG-26355]
Action.c(4): Detected non-resource "https://support.mozilla.org/kb/captive-portal" in "http://detectportal.firefox.com/canonical.html"  	[MsgId: MMSG-26573]
Action.c(4): Error -35196: HTTP Status-Code=429 (Retry With) for "https://support.mozilla.org/kb/captive-portal"  	[MsgId: MERR-35196]
End auto log messages stack.	[MsgId: MMSG-10544]

Start auto log messages stack - Iteration 350.	[MsgId: MMSG-10545]
Starting action Action.	[MsgId: MMSG-15919]
Action.c(4): web_url("canonical.html") started  	[MsgId: MMSG-26355]
Action.c(4): Detected non-resource "https://support.mozilla.org/kb/captive-portal" in "http://detectportal.firefox.com/canonical.html"  	[MsgId: MMSG-26573]
Action.c(4): Error -35196: HTTP Status-Code=429 (Retry With) for "https://support.mozilla.org/kb/captive-portal"  	[MsgId: MERR-35196]
End auto log messages stack.	[MsgId: MMSG-10544]

Start auto log messages stack - Iteration 351.	[MsgId: MMSG-10545]
Starting action Action.	[MsgId: MMSG-15919]
Action.c(4): web_url("canonical.html") started  	[MsgId: MMSG-26355]
Action.c(4): Detected non-resource "https://support.mozilla.org/kb/captive-portal" in "http://detectportal.firefox.com/canonical.html"  	[MsgId: MMSG-26573]
Action.c(4): Error -35196: HTTP Status-Code=429 (Retry With) for "https://support.mozilla.org/kb/captive-portal"  	[MsgId: MERR-35196]
End auto log messages stack.	[MsgId: MMSG-10544]

Start auto log messages stack - Iteration 352.	[MsgId: MMSG-10545]
Starting action Action.	[MsgId: MMSG-15919]
Action.c(4): web_url("canonical.html") started  	[MsgId: MMSG-26355]
Action.c(4): Detected non-resource "https://support.mozilla.org/kb/captive-portal" in "http://detectportal.firefox.com/canonical.html"  	[MsgId: MMSG-26573]
Action.c(4): Error -35196: HTTP Status-Code=429 (Retry With) for "https://support.mozilla.org/kb/captive-portal"  	[MsgId: MERR-35196]
End auto log messages stack.	[MsgId: MMSG-10544]

Start auto log messages stack - Iteration 353.	[MsgId: MMSG-10545]
Starting action Action.	[MsgId: MMSG-15919]
Action.c(4): web_url("canonical.html") started  	[MsgId: MMSG-26355]
Action.c(4): Detected non-resource "https://support.mozilla.org/kb/captive-portal" in "http://detectportal.firefox.com/canonical.html"  	[MsgId: MMSG-26573]
Action.c(4): Error -35196: HTTP Status-Code=429 (Retry With) for "https://support.mozilla.org/kb/captive-portal"  	[MsgId: MERR-35196]
End auto log messages stack.	[MsgId: MMSG-10544]

Start auto log messages stack - Iteration 354.	[MsgId: MMSG-10545]
Starting action Action.	[MsgId: MMSG-15919]
Action.c(4): web_url("canonical.html") started  	[MsgId: MMSG-26355]
Action.c(4): Detected non-resource "https://support.mozilla.org/kb/captive-portal" in "http://detectportal.firefox.com/canonical.html"  	[MsgId: MMSG-26573]
Action.c(4): Error -35196: HTTP Status-Code=429 (Retry With) for "https://support.mozilla.org/kb/captive-portal"  	[MsgId: MERR-35196]
End auto log messages stack.	[MsgId: MMSG-10544]

Start auto log messages stack - Iteration 355.	[MsgId: MMSG-10545]
Starting action Action.	[MsgId: MMSG-15919]
Action.c(4): web_url("canonical.html") started  	[MsgId: MMSG-26355]
Action.c(4): Detected non-resource "https://support.mozilla.org/kb/captive-portal" in "http://detectportal.firefox.com/canonical.html"  	[MsgId: MMSG-26573]
Action.c(4): Error -35196: HTTP Status-Code=429 (Retry With) for "https://support.mozilla.org/kb/captive-portal"  	[MsgId: MERR-35196]
End auto log messages stack.	[MsgId: MMSG-10544]

Start auto log messages stack - Iteration 356.	[MsgId: MMSG-10545]
Starting action Action.	[MsgId: MMSG-15919]
Action.c(4): web_url("canonical.html") started  	[MsgId: MMSG-26355]
Action.c(4): Detected non-resource "https://support.mozilla.org/kb/captive-portal" in "http://detectportal.firefox.com/canonical.html"  	[MsgId: MMSG-26573]
Action.c(4): Error -35196: HTTP Status-Code=429 (Retry With) for "https://support.mozilla.org/kb/captive-portal"  	[MsgId: MERR-35196]
End auto log messages stack.	[MsgId: MMSG-10544]

Start auto log messages stack - Iteration 357.	[MsgId: MMSG-10545]
Starting action Action.	[MsgId: MMSG-15919]
Action.c(4): web_url("canonical.html") started  	[MsgId: MMSG-26355]
Action.c(4): Detected non-resource "https://support.mozilla.org/kb/captive-portal" in "http://detectportal.firefox.com/canonical.html"  	[MsgId: MMSG-26573]
Action.c(4): Error -35196: HTTP Status-Code=429 (Retry With) for "https://support.mozilla.org/kb/captive-portal"  	[MsgId: MERR-35196]
End auto log messages stack.	[MsgId: MMSG-10544]

Start auto log messages stack - Iteration 358.	[MsgId: MMSG-10545]
Starting action Action.	[MsgId: MMSG-15919]
Action.c(4): web_url("canonical.html") started  	[MsgId: MMSG-26355]
Action.c(4): Detected non-resource "https://support.mozilla.org/kb/captive-portal" in "http://detectportal.firefox.com/canonical.html"  	[MsgId: MMSG-26573]
Action.c(4): Error -35196: HTTP Status-Code=429 (Retry With) for "https://support.mozilla.org/kb/captive-portal"  	[MsgId: MERR-35196]
End auto log messages stack.	[MsgId: MMSG-10544]

Start auto log messages stack - Iteration 359.	[MsgId: MMSG-10545]
Starting action Action.	[MsgId: MMSG-15919]
Action.c(4): web_url("canonical.html") started  	[MsgId: MMSG-26355]
Action.c(4): Detected non-resource "https://support.mozilla.org/kb/captive-portal" in "http://detectportal.firefox.com/canonical.html"  	[MsgId: MMSG-26573]
Action.c(4): Error -35196: HTTP Status-Code=429 (Retry With) for "https://support.mozilla.org/kb/captive-portal"  	[MsgId: MERR-35196]
End auto log messages stack.	[MsgId: MMSG-10544]

Start auto log messages stack - Iteration 360.	[MsgId: MMSG-10545]
Starting action Action.	[MsgId: MMSG-15919]
Action.c(4): web_url("canonical.html") started  	[MsgId: MMSG-26355]
Action.c(4): Detected non-resource "https://support.mozilla.org/kb/captive-portal" in "http://detectportal.firefox.com/canonical.html"  	[MsgId: MMSG-26573]
Action.c(4): Error -35196: HTTP Status-Code=429 (Retry With) for "https://support.mozilla.org/kb/captive-portal"  	[MsgId: MERR-35196]
End auto log messages stack.	[MsgId: MMSG-10544]

Start auto log messages stack - Iteration 361.	[MsgId: MMSG-10545]
Starting action Action.	[MsgId: MMSG-15919]
Action.c(4): web_url("canonical.html") started  	[MsgId: MMSG-26355]
Action.c(4): Detected non-resource "https://support.mozilla.org/kb/captive-portal" in "http://detectportal.firefox.com/canonical.html"  	[MsgId: MMSG-26573]
Action.c(4): Error -35196: HTTP Status-Code=429 (Retry With) for "https://support.mozilla.org/kb/captive-portal"  	[MsgId: MERR-35196]
End auto log messages stack.	[MsgId: MMSG-10544]

Start auto log messages stack - Iteration 362.	[MsgId: MMSG-10545]
Starting action Action.	[MsgId: MMSG-15919]
Action.c(4): web_url("canonical.html") started  	[MsgId: MMSG-26355]
Action.c(4): Detected non-resource "https://support.mozilla.org/kb/captive-portal" in "http://detectportal.firefox.com/canonical.html"  	[MsgId: MMSG-26573]
Action.c(4): Error -35196: HTTP Status-Code=429 (Retry With) for "https://support.mozilla.org/kb/captive-portal"  	[MsgId: MERR-35196]
End auto log messages stack.	[MsgId: MMSG-10544]

Start auto log messages stack - Iteration 363.	[MsgId: MMSG-10545]
Starting action Action.	[MsgId: MMSG-15919]
Action.c(4): web_url("canonical.html") started  	[MsgId: MMSG-26355]
Action.c(4): Detected non-resource "https://support.mozilla.org/kb/captive-portal" in "http://detectportal.firefox.com/canonical.html"  	[MsgId: MMSG-26573]
Action.c(4): Error -35196: HTTP Status-Code=429 (Retry With) for "https://support.mozilla.org/kb/captive-portal"  	[MsgId: MERR-35196]
End auto log messages stack.	[MsgId: MMSG-10544]

Start auto log messages stack - Iteration 364.	[MsgId: MMSG-10545]
Starting action Action.	[MsgId: MMSG-15919]
Action.c(4): web_url("canonical.html") started  	[MsgId: MMSG-26355]
Action.c(4): Detected non-resource "https://support.mozilla.org/kb/captive-portal" in "http://detectportal.firefox.com/canonical.html"  	[MsgId: MMSG-26573]
Action.c(4): Error -35196: HTTP Status-Code=429 (Retry With) for "https://support.mozilla.org/kb/captive-portal"  	[MsgId: MERR-35196]
End auto log messages stack.	[MsgId: MMSG-10544]

Start auto log messages stack - Iteration 365.	[MsgId: MMSG-10545]
Starting action Action.	[MsgId: MMSG-15919]
Action.c(4): web_url("canonical.html") started  	[MsgId: MMSG-26355]
Action.c(4): Detected non-resource "https://support.mozilla.org/kb/captive-portal" in "http://detectportal.firefox.com/canonical.html"  	[MsgId: MMSG-26573]
Action.c(4): Error -35196: HTTP Status-Code=429 (Retry With) for "https://support.mozilla.org/kb/captive-portal"  	[MsgId: MERR-35196]
End auto log messages stack.	[MsgId: MMSG-10544]

Start auto log messages stack - Iteration 366.	[MsgId: MMSG-10545]
Starting action Action.	[MsgId: MMSG-15919]
Action.c(4): web_url("canonical.html") started  	[MsgId: MMSG-26355]
Action.c(4): Detected non-resource "https://support.mozilla.org/kb/captive-portal" in "http://detectportal.firefox.com/canonical.html"  	[MsgId: MMSG-26573]
Action.c(4): Error -35196: HTTP Status-Code=429 (Retry With) for "https://support.mozilla.org/kb/captive-portal"  	[MsgId: MERR-35196]
End auto log messages stack.	[MsgId: MMSG-10544]

Start auto log messages stack - Iteration 367.	[MsgId: MMSG-10545]
Starting action Action.	[MsgId: MMSG-15919]
Action.c(4): web_url("canonical.html") started  	[MsgId: MMSG-26355]
Action.c(4): Detected non-resource "https://support.mozilla.org/kb/captive-portal" in "http://detectportal.firefox.com/canonical.html"  	[MsgId: MMSG-26573]
Action.c(4): Error -35196: HTTP Status-Code=429 (Retry With) for "https://support.mozilla.org/kb/captive-portal"  	[MsgId: MERR-35196]
End auto log messages stack.	[MsgId: MMSG-10544]

Start auto log messages stack - Iteration 368.	[MsgId: MMSG-10545]
Starting action Action.	[MsgId: MMSG-15919]
Action.c(4): web_url("canonical.html") started  	[MsgId: MMSG-26355]
Action.c(4): Detected non-resource "https://support.mozilla.org/kb/captive-portal" in "http://detectportal.firefox.com/canonical.html"  	[MsgId: MMSG-26573]
Action.c(4): Error -35196: HTTP Status-Code=429 (Retry With) for "https://support.mozilla.org/kb/captive-portal"  	[MsgId: MERR-35196]
End auto log messages stack.	[MsgId: MMSG-10544]

Start auto log messages stack - Iteration 369.	[MsgId: MMSG-10545]
Starting action Action.	[MsgId: MMSG-15919]
Action.c(4): web_url("canonical.html") started  	[MsgId: MMSG-26355]
Action.c(4): Detected non-resource "https://support.mozilla.org/kb/captive-portal" in "http://detectportal.firefox.com/canonical.html"  	[MsgId: MMSG-26573]
Action.c(4): Error -35196: HTTP Status-Code=429 (Retry With) for "https://support.mozilla.org/kb/captive-portal"  	[MsgId: MERR-35196]
End auto log messages stack.	[MsgId: MMSG-10544]

Start auto log messages stack - Iteration 370.	[MsgId: MMSG-10545]
Starting action Action.	[MsgId: MMSG-15919]
Action.c(4): web_url("canonical.html") started  	[MsgId: MMSG-26355]
Action.c(4): Detected non-resource "https://support.mozilla.org/kb/captive-portal" in "http://detectportal.firefox.com/canonical.html"  	[MsgId: MMSG-26573]
Action.c(4): Error -35196: HTTP Status-Code=429 (Retry With) for "https://support.mozilla.org/kb/captive-portal"  	[MsgId: MERR-35196]
End auto log messages stack.	[MsgId: MMSG-10544]

Start auto log messages stack - Iteration 371.	[MsgId: MMSG-10545]
Starting action Action.	[MsgId: MMSG-15919]
Action.c(4): web_url("canonical.html") started  	[MsgId: MMSG-26355]
Action.c(4): Detected non-resource "https://support.mozilla.org/kb/captive-portal" in "http://detectportal.firefox.com/canonical.html"  	[MsgId: MMSG-26573]
Action.c(4): Error -35196: HTTP Status-Code=429 (Retry With) for "https://support.mozilla.org/kb/captive-portal"  	[MsgId: MERR-35196]
End auto log messages stack.	[MsgId: MMSG-10544]

Start auto log messages stack - Iteration 372.	[MsgId: MMSG-10545]
Starting action Action.	[MsgId: MMSG-15919]
Action.c(4): web_url("canonical.html") started  	[MsgId: MMSG-26355]
Action.c(4): Detected non-resource "https://support.mozilla.org/kb/captive-portal" in "http://detectportal.firefox.com/canonical.html"  	[MsgId: MMSG-26573]
Action.c(4): Error -35196: HTTP Status-Code=429 (Retry With) for "https://support.mozilla.org/kb/captive-portal"  	[MsgId: MERR-35196]
End auto log messages stack.	[MsgId: MMSG-10544]

Start auto log messages stack - Iteration 373.	[MsgId: MMSG-10545]
Starting action Action.	[MsgId: MMSG-15919]
Action.c(4): web_url("canonical.html") started  	[MsgId: MMSG-26355]
Action.c(4): Detected non-resource "https://support.mozilla.org/kb/captive-portal" in "http://detectportal.firefox.com/canonical.html"  	[MsgId: MMSG-26573]
Action.c(4): Error -35196: HTTP Status-Code=429 (Retry With) for "https://support.mozilla.org/kb/captive-portal"  	[MsgId: MERR-35196]
End auto log messages stack.	[MsgId: MMSG-10544]

Start auto log messages stack - Iteration 374.	[MsgId: MMSG-10545]
Starting action Action.	[MsgId: MMSG-15919]
Action.c(4): web_url("canonical.html") started  	[MsgId: MMSG-26355]
Action.c(4): Detected non-resource "https://support.mozilla.org/kb/captive-portal" in "http://detectportal.firefox.com/canonical.html"  	[MsgId: MMSG-26573]
Action.c(4): Error -35196: HTTP Status-Code=429 (Retry With) for "https://support.mozilla.org/kb/captive-portal"  	[MsgId: MERR-35196]
End auto log messages stack.	[MsgId: MMSG-10544]

Start auto log messages stack - Iteration 375.	[MsgId: MMSG-10545]
Starting action Action.	[MsgId: MMSG-15919]
Action.c(4): web_url("canonical.html") started  	[MsgId: MMSG-26355]
Action.c(4): Detected non-resource "https://support.mozilla.org/kb/captive-portal" in "http://detectportal.firefox.com/canonical.html"  	[MsgId: MMSG-26573]
Action.c(4): Error -35196: HTTP Status-Code=429 (Retry With) for "https://support.mozilla.org/kb/captive-portal"  	[MsgId: MERR-35196]
End auto log messages stack.	[MsgId: MMSG-10544]

Start auto log messages stack - Iteration 376.	[MsgId: MMSG-10545]
Starting action Action.	[MsgId: MMSG-15919]
Action.c(4): web_url("canonical.html") started  	[MsgId: MMSG-26355]
Action.c(4): Detected non-resource "https://support.mozilla.org/kb/captive-portal" in "http://detectportal.firefox.com/canonical.html"  	[MsgId: MMSG-26573]
Action.c(4): Error -35196: HTTP Status-Code=429 (Retry With) for "https://support.mozilla.org/kb/captive-portal"  	[MsgId: MERR-35196]
End auto log messages stack.	[MsgId: MMSG-10544]

Start auto log messages stack - Iteration 377.	[MsgId: MMSG-10545]
Starting action Action.	[MsgId: MMSG-15919]
Action.c(4): web_url("canonical.html") started  	[MsgId: MMSG-26355]
Action.c(4): Detected non-resource "https://support.mozilla.org/kb/captive-portal" in "http://detectportal.firefox.com/canonical.html"  	[MsgId: MMSG-26573]
Action.c(4): Error -35196: HTTP Status-Code=429 (Retry With) for "https://support.mozilla.org/kb/captive-portal"  	[MsgId: MERR-35196]
End auto log messages stack.	[MsgId: MMSG-10544]

Start auto log messages stack - Iteration 378.	[MsgId: MMSG-10545]
Starting action Action.	[MsgId: MMSG-15919]
Action.c(4): web_url("canonical.html") started  	[MsgId: MMSG-26355]
Action.c(4): Detected non-resource "https://support.mozilla.org/kb/captive-portal" in "http://detectportal.firefox.com/canonical.html"  	[MsgId: MMSG-26573]
Action.c(4): Error -35196: HTTP Status-Code=429 (Retry With) for "https://support.mozilla.org/kb/captive-portal"  	[MsgId: MERR-35196]
End auto log messages stack.	[MsgId: MMSG-10544]

Start auto log messages stack - Iteration 379.	[MsgId: MMSG-10545]
Starting action Action.	[MsgId: MMSG-15919]
Action.c(4): web_url("canonical.html") started  	[MsgId: MMSG-26355]
Action.c(4): Detected non-resource "https://support.mozilla.org/kb/captive-portal" in "http://detectportal.firefox.com/canonical.html"  	[MsgId: MMSG-26573]
Action.c(4): Error -35196: HTTP Status-Code=429 (Retry With) for "https://support.mozilla.org/kb/captive-portal"  	[MsgId: MERR-35196]
End auto log messages stack.	[MsgId: MMSG-10544]

Start auto log messages stack - Iteration 380.	[MsgId: MMSG-10545]
Starting action Action.	[MsgId: MMSG-15919]
Action.c(4): web_url("canonical.html") started  	[MsgId: MMSG-26355]
Action.c(4): Detected non-resource "https://support.mozilla.org/kb/captive-portal" in "http://detectportal.firefox.com/canonical.html"  	[MsgId: MMSG-26573]
Action.c(4): Error -35196: HTTP Status-Code=429 (Retry With) for "https://support.mozilla.org/kb/captive-portal"  	[MsgId: MERR-35196]
End auto log messages stack.	[MsgId: MMSG-10544]

Start auto log messages stack - Iteration 381.	[MsgId: MMSG-10545]
Starting action Action.	[MsgId: MMSG-15919]
Action.c(4): web_url("canonical.html") started  	[MsgId: MMSG-26355]
Action.c(4): Detected non-resource "https://support.mozilla.org/kb/captive-portal" in "http://detectportal.firefox.com/canonical.html"  	[MsgId: MMSG-26573]
Action.c(4): Error -35196: HTTP Status-Code=429 (Retry With) for "https://support.mozilla.org/kb/captive-portal"  	[MsgId: MERR-35196]
End auto log messages stack.	[MsgId: MMSG-10544]

Start auto log messages stack - Iteration 382.	[MsgId: MMSG-10545]
Starting action Action.	[MsgId: MMSG-15919]
Action.c(4): web_url("canonical.html") started  	[MsgId: MMSG-26355]
Action.c(4): Detected non-resource "https://support.mozilla.org/kb/captive-portal" in "http://detectportal.firefox.com/canonical.html"  	[MsgId: MMSG-26573]
Action.c(4): Error -35196: HTTP Status-Code=429 (Retry With) for "https://support.mozilla.org/kb/captive-portal"  	[MsgId: MERR-35196]
End auto log messages stack.	[MsgId: MMSG-10544]

Start auto log messages stack - Iteration 383.	[MsgId: MMSG-10545]
Starting action Action.	[MsgId: MMSG-15919]
Action.c(4): web_url("canonical.html") started  	[MsgId: MMSG-26355]
Action.c(4): Detected non-resource "https://support.mozilla.org/kb/captive-portal" in "http://detectportal.firefox.com/canonical.html"  	[MsgId: MMSG-26573]
Action.c(4): Error -35196: HTTP Status-Code=429 (Retry With) for "https://support.mozilla.org/kb/captive-portal"  	[MsgId: MERR-35196]
End auto log messages stack.	[MsgId: MMSG-10544]

Start auto log messages stack - Iteration 384.	[MsgId: MMSG-10545]
Starting action Action.	[MsgId: MMSG-15919]
Action.c(4): web_url("canonical.html") started  	[MsgId: MMSG-26355]
Action.c(4): Detected non-resource "https://support.mozilla.org/kb/captive-portal" in "http://detectportal.firefox.com/canonical.html"  	[MsgId: MMSG-26573]
Action.c(4): Error -35196: HTTP Status-Code=429 (Retry With) for "https://support.mozilla.org/kb/captive-portal"  	[MsgId: MERR-35196]
End auto log messages stack.	[MsgId: MMSG-10544]

Start auto log messages stack - Iteration 385.	[MsgId: MMSG-10545]
Starting action Action.	[MsgId: MMSG-15919]
Action.c(4): web_url("canonical.html") started  	[MsgId: MMSG-26355]
Action.c(4): Detected non-resource "https://support.mozilla.org/kb/captive-portal" in "http://detectportal.firefox.com/canonical.html"  	[MsgId: MMSG-26573]
Action.c(4): Error -35196: HTTP Status-Code=429 (Retry With) for "https://support.mozilla.org/kb/captive-portal"  	[MsgId: MERR-35196]
End auto log messages stack.	[MsgId: MMSG-10544]

Start auto log messages stack - Iteration 386.	[MsgId: MMSG-10545]
Starting action Action.	[MsgId: MMSG-15919]
Action.c(4): web_url("canonical.html") started  	[MsgId: MMSG-26355]
Action.c(4): Detected non-resource "https://support.mozilla.org/kb/captive-portal" in "http://detectportal.firefox.com/canonical.html"  	[MsgId: MMSG-26573]
Action.c(4): Error -35196: HTTP Status-Code=429 (Retry With) for "https://support.mozilla.org/kb/captive-portal"  	[MsgId: MERR-35196]
End auto log messages stack.	[MsgId: MMSG-10544]

Start auto log messages stack - Iteration 387.	[MsgId: MMSG-10545]
Starting action Action.	[MsgId: MMSG-15919]
Action.c(4): web_url("canonical.html") started  	[MsgId: MMSG-26355]
Action.c(4): Detected non-resource "https://support.mozilla.org/kb/captive-portal" in "http://detectportal.firefox.com/canonical.html"  	[MsgId: MMSG-26573]
Action.c(4): Error -35196: HTTP Status-Code=429 (Retry With) for "https://support.mozilla.org/kb/captive-portal"  	[MsgId: MERR-35196]
End auto log messages stack.	[MsgId: MMSG-10544]

Start auto log messages stack - Iteration 388.	[MsgId: MMSG-10545]
Starting action Action.	[MsgId: MMSG-15919]
Action.c(4): web_url("canonical.html") started  	[MsgId: MMSG-26355]
Action.c(4): Detected non-resource "https://support.mozilla.org/kb/captive-portal" in "http://detectportal.firefox.com/canonical.html"  	[MsgId: MMSG-26573]
Action.c(4): Error -35196: HTTP Status-Code=429 (Retry With) for "https://support.mozilla.org/kb/captive-portal"  	[MsgId: MERR-35196]
End auto log messages stack.	[MsgId: MMSG-10544]

Start auto log messages stack - Iteration 389.	[MsgId: MMSG-10545]
Starting action Action.	[MsgId: MMSG-15919]
Action.c(4): web_url("canonical.html") started  	[MsgId: MMSG-26355]
Action.c(4): Detected non-resource "https://support.mozilla.org/kb/captive-portal" in "http://detectportal.firefox.com/canonical.html"  	[MsgId: MMSG-26573]
Action.c(4): Error -35196: HTTP Status-Code=429 (Retry With) for "https://support.mozilla.org/kb/captive-portal"  	[MsgId: MERR-35196]
End auto log messages stack.	[MsgId: MMSG-10544]

Start auto log messages stack - Iteration 390.	[MsgId: MMSG-10545]
Starting action Action.	[MsgId: MMSG-15919]
Action.c(4): web_url("canonical.html") started  	[MsgId: MMSG-26355]
Action.c(4): Detected non-resource "https://support.mozilla.org/kb/captive-portal" in "http://detectportal.firefox.com/canonical.html"  	[MsgId: MMSG-26573]
Action.c(4): Error -35196: HTTP Status-Code=429 (Retry With) for "https://support.mozilla.org/kb/captive-portal"  	[MsgId: MERR-35196]
End auto log messages stack.	[MsgId: MMSG-10544]

Start auto log messages stack - Iteration 391.	[MsgId: MMSG-10545]
Starting action Action.	[MsgId: MMSG-15919]
Action.c(4): web_url("canonical.html") started  	[MsgId: MMSG-26355]
Action.c(4): Detected non-resource "https://support.mozilla.org/kb/captive-portal" in "http://detectportal.firefox.com/canonical.html"  	[MsgId: MMSG-26573]
Action.c(4): Error -35196: HTTP Status-Code=429 (Retry With) for "https://support.mozilla.org/kb/captive-portal"  	[MsgId: MERR-35196]
End auto log messages stack.	[MsgId: MMSG-10544]

Start auto log messages stack - Iteration 392.	[MsgId: MMSG-10545]
Starting action Action.	[MsgId: MMSG-15919]
Action.c(4): web_url("canonical.html") started  	[MsgId: MMSG-26355]
Action.c(4): Detected non-resource "https://support.mozilla.org/kb/captive-portal" in "http://detectportal.firefox.com/canonical.html"  	[MsgId: MMSG-26573]
Action.c(4): Error -35196: HTTP Status-Code=429 (Retry With) for "https://support.mozilla.org/kb/captive-portal"  	[MsgId: MERR-35196]
End auto log messages stack.	[MsgId: MMSG-10544]

Start auto log messages stack - Iteration 393.	[MsgId: MMSG-10545]
Starting action Action.	[MsgId: MMSG-15919]
Action.c(4): web_url("canonical.html") started  	[MsgId: MMSG-26355]
Action.c(4): Detected non-resource "https://support.mozilla.org/kb/captive-portal" in "http://detectportal.firefox.com/canonical.html"  	[MsgId: MMSG-26573]
Action.c(4): Error -35196: HTTP Status-Code=429 (Retry With) for "https://support.mozilla.org/kb/captive-portal"  	[MsgId: MERR-35196]
End auto log messages stack.	[MsgId: MMSG-10544]

Start auto log messages stack - Iteration 394.	[MsgId: MMSG-10545]
Starting action Action.	[MsgId: MMSG-15919]
Action.c(4): web_url("canonical.html") started  	[MsgId: MMSG-26355]
Action.c(4): Detected non-resource "https://support.mozilla.org/kb/captive-portal" in "http://detectportal.firefox.com/canonical.html"  	[MsgId: MMSG-26573]
Action.c(4): Error -35196: HTTP Status-Code=429 (Retry With) for "https://support.mozilla.org/kb/captive-portal"  	[MsgId: MERR-35196]
End auto log messages stack.	[MsgId: MMSG-10544]

Start auto log messages stack - Iteration 395.	[MsgId: MMSG-10545]
Starting action Action.	[MsgId: MMSG-15919]
Action.c(4): web_url("canonical.html") started  	[MsgId: MMSG-26355]
Action.c(4): Detected non-resource "https://support.mozilla.org/kb/captive-portal" in "http://detectportal.firefox.com/canonical.html"  	[MsgId: MMSG-26573]
Action.c(4): Error -35196: HTTP Status-Code=429 (Retry With) for "https://support.mozilla.org/kb/captive-portal"  	[MsgId: MERR-35196]
End auto log messages stack.	[MsgId: MMSG-10544]

Start auto log messages stack - Iteration 396.	[MsgId: MMSG-10545]
Starting action Action.	[MsgId: MMSG-15919]
Action.c(4): web_url("canonical.html") started  	[MsgId: MMSG-26355]
Action.c(4): Detected non-resource "https://support.mozilla.org/kb/captive-portal" in "http://detectportal.firefox.com/canonical.html"  	[MsgId: MMSG-26573]
Action.c(4): Error -35196: HTTP Status-Code=429 (Retry With) for "https://support.mozilla.org/kb/captive-portal"  	[MsgId: MERR-35196]
End auto log messages stack.	[MsgId: MMSG-10544]

Start auto log messages stack - Iteration 397.	[MsgId: MMSG-10545]
Starting action Action.	[MsgId: MMSG-15919]
Action.c(4): web_url("canonical.html") started  	[MsgId: MMSG-26355]
Action.c(4): Detected non-resource "https://support.mozilla.org/kb/captive-portal" in "http://detectportal.firefox.com/canonical.html"  	[MsgId: MMSG-26573]
Action.c(4): Error -35196: HTTP Status-Code=429 (Retry With) for "https://support.mozilla.org/kb/captive-portal"  	[MsgId: MERR-35196]
End auto log messages stack.	[MsgId: MMSG-10544]

Start auto log messages stack - Iteration 398.	[MsgId: MMSG-10545]
Starting action Action.	[MsgId: MMSG-15919]
Action.c(4): web_url("canonical.html") started  	[MsgId: MMSG-26355]
Action.c(4): Detected non-resource "https://support.mozilla.org/kb/captive-portal" in "http://detectportal.firefox.com/canonical.html"  	[MsgId: MMSG-26573]
Action.c(4): Error -35196: HTTP Status-Code=429 (Retry With) for "https://support.mozilla.org/kb/captive-portal"  	[MsgId: MERR-35196]
End auto log messages stack.	[MsgId: MMSG-10544]

Start auto log messages stack - Iteration 399.	[MsgId: MMSG-10545]
Starting action Action.	[MsgId: MMSG-15919]
Action.c(4): web_url("canonical.html") started  	[MsgId: MMSG-26355]
Action.c(4): Detected non-resource "https://support.mozilla.org/kb/captive-portal" in "http://detectportal.firefox.com/canonical.html"  	[MsgId: MMSG-26573]
Action.c(4): Error -35196: HTTP Status-Code=429 (Retry With) for "https://support.mozilla.org/kb/captive-portal"  	[MsgId: MERR-35196]
End auto log messages stack.	[MsgId: MMSG-10544]

Start auto log messages stack - Iteration 400.	[MsgId: MMSG-10545]
Starting action Action.	[MsgId: MMSG-15919]
Action.c(4): web_url("canonical.html") started  	[MsgId: MMSG-26355]
Action.c(4): Detected non-resource "https://support.mozilla.org/kb/captive-portal" in "http://detectportal.firefox.com/canonical.html"  	[MsgId: MMSG-26573]
Action.c(4): Error -35196: HTTP Status-Code=429 (Retry With) for "https://support.mozilla.org/kb/captive-portal"  	[MsgId: MERR-35196]
End auto log messages stack.	[MsgId: MMSG-10544]

Start auto log messages stack - Iteration 401.	[MsgId: MMSG-10545]
Starting action Action.	[MsgId: MMSG-15919]
Action.c(4): web_url("canonical.html") started  	[MsgId: MMSG-26355]
Action.c(4): Detected non-resource "https://support.mozilla.org/kb/captive-portal" in "http://detectportal.firefox.com/canonical.html"  	[MsgId: MMSG-26573]
Action.c(4): Error -35196: HTTP Status-Code=429 (Retry With) for "https://support.mozilla.org/kb/captive-portal"  	[MsgId: MERR-35196]
End auto log messages stack.	[MsgId: MMSG-10544]

Start auto log messages stack - Iteration 402.	[MsgId: MMSG-10545]
Starting action Action.	[MsgId: MMSG-15919]
Action.c(4): web_url("canonical.html") started  	[MsgId: MMSG-26355]
Action.c(4): Detected non-resource "https://support.mozilla.org/kb/captive-portal" in "http://detectportal.firefox.com/canonical.html"  	[MsgId: MMSG-26573]
Action.c(4): Error -35196: HTTP Status-Code=429 (Retry With) for "https://support.mozilla.org/kb/captive-portal"  	[MsgId: MERR-35196]
End auto log messages stack.	[MsgId: MMSG-10544]

Start auto log messages stack - Iteration 403.	[MsgId: MMSG-10545]
Starting action Action.	[MsgId: MMSG-15919]
Action.c(4): web_url("canonical.html") started  	[MsgId: MMSG-26355]
Action.c(4): Detected non-resource "https://support.mozilla.org/kb/captive-portal" in "http://detectportal.firefox.com/canonical.html"  	[MsgId: MMSG-26573]
Action.c(4): Error -35196: HTTP Status-Code=429 (Retry With) for "https://support.mozilla.org/kb/captive-portal"  	[MsgId: MERR-35196]
End auto log messages stack.	[MsgId: MMSG-10544]

Start auto log messages stack - Iteration 404.	[MsgId: MMSG-10545]
Starting action Action.	[MsgId: MMSG-15919]
Action.c(4): web_url("canonical.html") started  	[MsgId: MMSG-26355]
Action.c(4): Detected non-resource "https://support.mozilla.org/kb/captive-portal" in "http://detectportal.firefox.com/canonical.html"  	[MsgId: MMSG-26573]
Action.c(4): Error -35196: HTTP Status-Code=429 (Retry With) for "https://support.mozilla.org/kb/captive-portal"  	[MsgId: MERR-35196]
End auto log messages stack.	[MsgId: MMSG-10544]

Start auto log messages stack - Iteration 405.	[MsgId: MMSG-10545]
Starting action Action.	[MsgId: MMSG-15919]
Action.c(4): web_url("canonical.html") started  	[MsgId: MMSG-26355]
Action.c(4): Detected non-resource "https://support.mozilla.org/kb/captive-portal" in "http://detectportal.firefox.com/canonical.html"  	[MsgId: MMSG-26573]
Action.c(4): Error -35196: HTTP Status-Code=429 (Retry With) for "https://support.mozilla.org/kb/captive-portal"  	[MsgId: MERR-35196]
End auto log messages stack.	[MsgId: MMSG-10544]

Start auto log messages stack - Iteration 406.	[MsgId: MMSG-10545]
Starting action Action.	[MsgId: MMSG-15919]
Action.c(4): web_url("canonical.html") started  	[MsgId: MMSG-26355]
Action.c(4): Detected non-resource "https://support.mozilla.org/kb/captive-portal" in "http://detectportal.firefox.com/canonical.html"  	[MsgId: MMSG-26573]
Action.c(4): Error -35196: HTTP Status-Code=429 (Retry With) for "https://support.mozilla.org/kb/captive-portal"  	[MsgId: MERR-35196]
End auto log messages stack.	[MsgId: MMSG-10544]

Start auto log messages stack - Iteration 407.	[MsgId: MMSG-10545]
Starting action Action.	[MsgId: MMSG-15919]
Action.c(4): web_url("canonical.html") started  	[MsgId: MMSG-26355]
Action.c(4): Detected non-resource "https://support.mozilla.org/kb/captive-portal" in "http://detectportal.firefox.com/canonical.html"  	[MsgId: MMSG-26573]
Action.c(4): Error -35196: HTTP Status-Code=429 (Retry With) for "https://support.mozilla.org/kb/captive-portal"  	[MsgId: MERR-35196]
End auto log messages stack.	[MsgId: MMSG-10544]

Start auto log messages stack - Iteration 408.	[MsgId: MMSG-10545]
Starting action Action.	[MsgId: MMSG-15919]
Action.c(4): web_url("canonical.html") started  	[MsgId: MMSG-26355]
Action.c(4): Detected non-resource "https://support.mozilla.org/kb/captive-portal" in "http://detectportal.firefox.com/canonical.html"  	[MsgId: MMSG-26573]
Action.c(4): Error -35196: HTTP Status-Code=429 (Retry With) for "https://support.mozilla.org/kb/captive-portal"  	[MsgId: MERR-35196]
End auto log messages stack.	[MsgId: MMSG-10544]

Start auto log messages stack - Iteration 409.	[MsgId: MMSG-10545]
Starting action Action.	[MsgId: MMSG-15919]
Action.c(4): web_url("canonical.html") started  	[MsgId: MMSG-26355]
Action.c(4): Detected non-resource "https://support.mozilla.org/kb/captive-portal" in "http://detectportal.firefox.com/canonical.html"  	[MsgId: MMSG-26573]
Action.c(4): Error -35196: HTTP Status-Code=429 (Retry With) for "https://support.mozilla.org/kb/captive-portal"  	[MsgId: MERR-35196]
End auto log messages stack.	[MsgId: MMSG-10544]

Start auto log messages stack - Iteration 410.	[MsgId: MMSG-10545]
Starting action Action.	[MsgId: MMSG-15919]
Action.c(4): web_url("canonical.html") started  	[MsgId: MMSG-26355]
Action.c(4): Detected non-resource "https://support.mozilla.org/kb/captive-portal" in "http://detectportal.firefox.com/canonical.html"  	[MsgId: MMSG-26573]
Action.c(4): Error -35196: HTTP Status-Code=429 (Retry With) for "https://support.mozilla.org/kb/captive-portal"  	[MsgId: MERR-35196]
End auto log messages stack.	[MsgId: MMSG-10544]

Start auto log messages stack - Iteration 411.	[MsgId: MMSG-10545]
Starting action Action.	[MsgId: MMSG-15919]
Action.c(4): web_url("canonical.html") started  	[MsgId: MMSG-26355]
Action.c(4): Detected non-resource "https://support.mozilla.org/kb/captive-portal" in "http://detectportal.firefox.com/canonical.html"  	[MsgId: MMSG-26573]
Action.c(4): Error -35196: HTTP Status-Code=429 (Retry With) for "https://support.mozilla.org/kb/captive-portal"  	[MsgId: MERR-35196]
End auto log messages stack.	[MsgId: MMSG-10544]

Start auto log messages stack - Iteration 412.	[MsgId: MMSG-10545]
Starting action Action.	[MsgId: MMSG-15919]
Action.c(4): web_url("canonical.html") started  	[MsgId: MMSG-26355]
Action.c(4): Detected non-resource "https://support.mozilla.org/kb/captive-portal" in "http://detectportal.firefox.com/canonical.html"  	[MsgId: MMSG-26573]
Action.c(4): Error -35196: HTTP Status-Code=429 (Retry With) for "https://support.mozilla.org/kb/captive-portal"  	[MsgId: MERR-35196]
End auto log messages stack.	[MsgId: MMSG-10544]

Start auto log messages stack - Iteration 413.	[MsgId: MMSG-10545]
Starting action Action.	[MsgId: MMSG-15919]
Action.c(4): web_url("canonical.html") started  	[MsgId: MMSG-26355]
Action.c(4): Detected non-resource "https://support.mozilla.org/kb/captive-portal" in "http://detectportal.firefox.com/canonical.html"  	[MsgId: MMSG-26573]
Action.c(4): Error -35196: HTTP Status-Code=429 (Retry With) for "https://support.mozilla.org/kb/captive-portal"  	[MsgId: MERR-35196]
End auto log messages stack.	[MsgId: MMSG-10544]

Start auto log messages stack - Iteration 414.	[MsgId: MMSG-10545]
Starting action Action.	[MsgId: MMSG-15919]
Action.c(4): web_url("canonical.html") started  	[MsgId: MMSG-26355]
Action.c(4): Detected non-resource "https://support.mozilla.org/kb/captive-portal" in "http://detectportal.firefox.com/canonical.html"  	[MsgId: MMSG-26573]
Action.c(4): Error -35196: HTTP Status-Code=429 (Retry With) for "https://support.mozilla.org/kb/captive-portal"  	[MsgId: MERR-35196]
End auto log messages stack.	[MsgId: MMSG-10544]

Start auto log messages stack - Iteration 415.	[MsgId: MMSG-10545]
Starting action Action.	[MsgId: MMSG-15919]
Action.c(4): web_url("canonical.html") started  	[MsgId: MMSG-26355]
Action.c(4): Detected non-resource "https://support.mozilla.org/kb/captive-portal" in "http://detectportal.firefox.com/canonical.html"  	[MsgId: MMSG-26573]
Action.c(4): Error -35196: HTTP Status-Code=429 (Retry With) for "https://support.mozilla.org/kb/captive-portal"  	[MsgId: MERR-35196]
End auto log messages stack.	[MsgId: MMSG-10544]

Start auto log messages stack - Iteration 416.	[MsgId: MMSG-10545]
Starting action Action.	[MsgId: MMSG-15919]
Action.c(4): web_url("canonical.html") started  	[MsgId: MMSG-26355]
Action.c(4): Detected non-resource "https://support.mozilla.org/kb/captive-portal" in "http://detectportal.firefox.com/canonical.html"  	[MsgId: MMSG-26573]
Action.c(4): Error -35196: HTTP Status-Code=429 (Retry With) for "https://support.mozilla.org/kb/captive-portal"  	[MsgId: MERR-35196]
End auto log messages stack.	[MsgId: MMSG-10544]

Start auto log messages stack - Iteration 417.	[MsgId: MMSG-10545]
Starting action Action.	[MsgId: MMSG-15919]
Action.c(4): web_url("canonical.html") started  	[MsgId: MMSG-26355]
Action.c(4): Detected non-resource "https://support.mozilla.org/kb/captive-portal" in "http://detectportal.firefox.com/canonical.html"  	[MsgId: MMSG-26573]
Action.c(4): Error -35196: HTTP Status-Code=429 (Retry With) for "https://support.mozilla.org/kb/captive-portal"  	[MsgId: MERR-35196]
End auto log messages stack.	[MsgId: MMSG-10544]

Start auto log messages stack - Iteration 418.	[MsgId: MMSG-10545]
Starting action Action.	[MsgId: MMSG-15919]
Action.c(4): web_url("canonical.html") started  	[MsgId: MMSG-26355]
Action.c(4): Detected non-resource "https://support.mozilla.org/kb/captive-portal" in "http://detectportal.firefox.com/canonical.html"  	[MsgId: MMSG-26573]
Action.c(4): Error -35196: HTTP Status-Code=429 (Retry With) for "https://support.mozilla.org/kb/captive-portal"  	[MsgId: MERR-35196]
End auto log messages stack.	[MsgId: MMSG-10544]

Start auto log messages stack - Iteration 419.	[MsgId: MMSG-10545]
Starting action Action.	[MsgId: MMSG-15919]
Action.c(4): web_url("canonical.html") started  	[MsgId: MMSG-26355]
Action.c(4): Detected non-resource "https://support.mozilla.org/kb/captive-portal" in "http://detectportal.firefox.com/canonical.html"  	[MsgId: MMSG-26573]
Action.c(4): Error -35196: HTTP Status-Code=429 (Retry With) for "https://support.mozilla.org/kb/captive-portal"  	[MsgId: MERR-35196]
End auto log messages stack.	[MsgId: MMSG-10544]

Start auto log messages stack - Iteration 420.	[MsgId: MMSG-10545]
Starting action Action.	[MsgId: MMSG-15919]
Action.c(4): web_url("canonical.html") started  	[MsgId: MMSG-26355]
Action.c(4): Detected non-resource "https://support.mozilla.org/kb/captive-portal" in "http://detectportal.firefox.com/canonical.html"  	[MsgId: MMSG-26573]
Action.c(4): Error -35196: HTTP Status-Code=429 (Retry With) for "https://support.mozilla.org/kb/captive-portal"  	[MsgId: MERR-35196]
End auto log messages stack.	[MsgId: MMSG-10544]

Start auto log messages stack - Iteration 421.	[MsgId: MMSG-10545]
Starting action Action.	[MsgId: MMSG-15919]
Action.c(4): web_url("canonical.html") started  	[MsgId: MMSG-26355]
Action.c(4): Detected non-resource "https://support.mozilla.org/kb/captive-portal" in "http://detectportal.firefox.com/canonical.html"  	[MsgId: MMSG-26573]
Action.c(4): Error -35196: HTTP Status-Code=429 (Retry With) for "https://support.mozilla.org/kb/captive-portal"  	[MsgId: MERR-35196]
End auto log messages stack.	[MsgId: MMSG-10544]

Start auto log messages stack - Iteration 422.	[MsgId: MMSG-10545]
Starting action Action.	[MsgId: MMSG-15919]
Action.c(4): web_url("canonical.html") started  	[MsgId: MMSG-26355]
Action.c(4): Detected non-resource "https://support.mozilla.org/kb/captive-portal" in "http://detectportal.firefox.com/canonical.html"  	[MsgId: MMSG-26573]
Action.c(4): Error -35196: HTTP Status-Code=429 (Retry With) for "https://support.mozilla.org/kb/captive-portal"  	[MsgId: MERR-35196]
End auto log messages stack.	[MsgId: MMSG-10544]

Start auto log messages stack - Iteration 423.	[MsgId: MMSG-10545]
Starting action Action.	[MsgId: MMSG-15919]
Action.c(4): web_url("canonical.html") started  	[MsgId: MMSG-26355]
Action.c(4): Detected non-resource "https://support.mozilla.org/kb/captive-portal" in "http://detectportal.firefox.com/canonical.html"  	[MsgId: MMSG-26573]
Action.c(4): Error -35196: HTTP Status-Code=429 (Retry With) for "https://support.mozilla.org/kb/captive-portal"  	[MsgId: MERR-35196]
End auto log messages stack.	[MsgId: MMSG-10544]

Start auto log messages stack - Iteration 424.	[MsgId: MMSG-10545]
Starting action Action.	[MsgId: MMSG-15919]
Action.c(4): web_url("canonical.html") started  	[MsgId: MMSG-26355]
Action.c(4): Detected non-resource "https://support.mozilla.org/kb/captive-portal" in "http://detectportal.firefox.com/canonical.html"  	[MsgId: MMSG-26573]
Action.c(4): Error -35196: HTTP Status-Code=429 (Retry With) for "https://support.mozilla.org/kb/captive-portal"  	[MsgId: MERR-35196]
End auto log messages stack.	[MsgId: MMSG-10544]

Start auto log messages stack - Iteration 425.	[MsgId: MMSG-10545]
Starting action Action.	[MsgId: MMSG-15919]
Action.c(4): web_url("canonical.html") started  	[MsgId: MMSG-26355]
Action.c(4): Detected non-resource "https://support.mozilla.org/kb/captive-portal" in "http://detectportal.firefox.com/canonical.html"  	[MsgId: MMSG-26573]
Action.c(4): Error -35196: HTTP Status-Code=429 (Retry With) for "https://support.mozilla.org/kb/captive-portal"  	[MsgId: MERR-35196]
End auto log messages stack.	[MsgId: MMSG-10544]

Start auto log messages stack - Iteration 426.	[MsgId: MMSG-10545]
Starting action Action.	[MsgId: MMSG-15919]
Action.c(4): web_url("canonical.html") started  	[MsgId: MMSG-26355]
Action.c(4): Detected non-resource "https://support.mozilla.org/kb/captive-portal" in "http://detectportal.firefox.com/canonical.html"  	[MsgId: MMSG-26573]
Action.c(4): Error -35196: HTTP Status-Code=429 (Retry With) for "https://support.mozilla.org/kb/captive-portal"  	[MsgId: MERR-35196]
End auto log messages stack.	[MsgId: MMSG-10544]

Start auto log messages stack - Iteration 427.	[MsgId: MMSG-10545]
Starting action Action.	[MsgId: MMSG-15919]
Action.c(4): web_url("canonical.html") started  	[MsgId: MMSG-26355]
Action.c(4): Detected non-resource "https://support.mozilla.org/kb/captive-portal" in "http://detectportal.firefox.com/canonical.html"  	[MsgId: MMSG-26573]
Action.c(4): Error -35196: HTTP Status-Code=429 (Retry With) for "https://support.mozilla.org/kb/captive-portal"  	[MsgId: MERR-35196]
End auto log messages stack.	[MsgId: MMSG-10544]

Start auto log messages stack - Iteration 428.	[MsgId: MMSG-10545]
Starting action Action.	[MsgId: MMSG-15919]
Action.c(4): web_url("canonical.html") started  	[MsgId: MMSG-26355]
Action.c(4): Detected non-resource "https://support.mozilla.org/kb/captive-portal" in "http://detectportal.firefox.com/canonical.html"  	[MsgId: MMSG-26573]
Action.c(4): Error -35196: HTTP Status-Code=429 (Retry With) for "https://support.mozilla.org/kb/captive-portal"  	[MsgId: MERR-35196]
End auto log messages stack.	[MsgId: MMSG-10544]

Start auto log messages stack - Iteration 429.	[MsgId: MMSG-10545]
Starting action Action.	[MsgId: MMSG-15919]
Action.c(4): web_url("canonical.html") started  	[MsgId: MMSG-26355]
Action.c(4): Detected non-resource "https://support.mozilla.org/kb/captive-portal" in "http://detectportal.firefox.com/canonical.html"  	[MsgId: MMSG-26573]
Action.c(4): Error -35196: HTTP Status-Code=429 (Retry With) for "https://support.mozilla.org/kb/captive-portal"  	[MsgId: MERR-35196]
End auto log messages stack.	[MsgId: MMSG-10544]

Start auto log messages stack - Iteration 430.	[MsgId: MMSG-10545]
Starting action Action.	[MsgId: MMSG-15919]
Action.c(4): web_url("canonical.html") started  	[MsgId: MMSG-26355]
Action.c(4): Detected non-resource "https://support.mozilla.org/kb/captive-portal" in "http://detectportal.firefox.com/canonical.html"  	[MsgId: MMSG-26573]
Action.c(4): Error -35196: HTTP Status-Code=429 (Retry With) for "https://support.mozilla.org/kb/captive-portal"  	[MsgId: MERR-35196]
End auto log messages stack.	[MsgId: MMSG-10544]

Start auto log messages stack - Iteration 431.	[MsgId: MMSG-10545]
Starting action Action.	[MsgId: MMSG-15919]
Action.c(4): web_url("canonical.html") started  	[MsgId: MMSG-26355]
Action.c(4): Detected non-resource "https://support.mozilla.org/kb/captive-portal" in "http://detectportal.firefox.com/canonical.html"  	[MsgId: MMSG-26573]
Action.c(4): Error -35196: HTTP Status-Code=429 (Retry With) for "https://support.mozilla.org/kb/captive-portal"  	[MsgId: MERR-35196]
End auto log messages stack.	[MsgId: MMSG-10544]

Start auto log messages stack - Iteration 432.	[MsgId: MMSG-10545]
Starting action Action.	[MsgId: MMSG-15919]
Action.c(4): web_url("canonical.html") started  	[MsgId: MMSG-26355]
Action.c(4): Detected non-resource "https://support.mozilla.org/kb/captive-portal" in "http://detectportal.firefox.com/canonical.html"  	[MsgId: MMSG-26573]
Action.c(4): Error -35196: HTTP Status-Code=429 (Retry With) for "https://support.mozilla.org/kb/captive-portal"  	[MsgId: MERR-35196]
End auto log messages stack.	[MsgId: MMSG-10544]

Start auto log messages stack - Iteration 433.	[MsgId: MMSG-10545]
Starting action Action.	[MsgId: MMSG-15919]
Action.c(4): web_url("canonical.html") started  	[MsgId: MMSG-26355]
Action.c(4): Detected non-resource "https://support.mozilla.org/kb/captive-portal" in "http://detectportal.firefox.com/canonical.html"  	[MsgId: MMSG-26573]
Action.c(4): Error -35196: HTTP Status-Code=429 (Retry With) for "https://support.mozilla.org/kb/captive-portal"  	[MsgId: MERR-35196]
End auto log messages stack.	[MsgId: MMSG-10544]

Start auto log messages stack - Iteration 434.	[MsgId: MMSG-10545]
Starting action Action.	[MsgId: MMSG-15919]
Action.c(4): web_url("canonical.html") started  	[MsgId: MMSG-26355]
Action.c(4): Detected non-resource "https://support.mozilla.org/kb/captive-portal" in "http://detectportal.firefox.com/canonical.html"  	[MsgId: MMSG-26573]
Action.c(4): Error -35196: HTTP Status-Code=429 (Retry With) for "https://support.mozilla.org/kb/captive-portal"  	[MsgId: MERR-35196]
End auto log messages stack.	[MsgId: MMSG-10544]

Start auto log messages stack - Iteration 435.	[MsgId: MMSG-10545]
Starting action Action.	[MsgId: MMSG-15919]
Action.c(4): web_url("canonical.html") started  	[MsgId: MMSG-26355]
Action.c(4): Detected non-resource "https://support.mozilla.org/kb/captive-portal" in "http://detectportal.firefox.com/canonical.html"  	[MsgId: MMSG-26573]
Action.c(4): Error -35196: HTTP Status-Code=429 (Retry With) for "https://support.mozilla.org/kb/captive-portal"  	[MsgId: MERR-35196]
End auto log messages stack.	[MsgId: MMSG-10544]

Start auto log messages stack - Iteration 436.	[MsgId: MMSG-10545]
Starting action Action.	[MsgId: MMSG-15919]
Action.c(4): web_url("canonical.html") started  	[MsgId: MMSG-26355]
Action.c(4): Detected non-resource "https://support.mozilla.org/kb/captive-portal" in "http://detectportal.firefox.com/canonical.html"  	[MsgId: MMSG-26573]
Action.c(4): Error -35196: HTTP Status-Code=429 (Retry With) for "https://support.mozilla.org/kb/captive-portal"  	[MsgId: MERR-35196]
End auto log messages stack.	[MsgId: MMSG-10544]

Start auto log messages stack - Iteration 437.	[MsgId: MMSG-10545]
Starting action Action.	[MsgId: MMSG-15919]
Action.c(4): web_url("canonical.html") started  	[MsgId: MMSG-26355]
Action.c(4): Detected non-resource "https://support.mozilla.org/kb/captive-portal" in "http://detectportal.firefox.com/canonical.html"  	[MsgId: MMSG-26573]
Action.c(4): Error -35196: HTTP Status-Code=429 (Retry With) for "https://support.mozilla.org/kb/captive-portal"  	[MsgId: MERR-35196]
End auto log messages stack.	[MsgId: MMSG-10544]

Start auto log messages stack - Iteration 438.	[MsgId: MMSG-10545]
Starting action Action.	[MsgId: MMSG-15919]
Action.c(4): web_url("canonical.html") started  	[MsgId: MMSG-26355]
Action.c(4): Detected non-resource "https://support.mozilla.org/kb/captive-portal" in "http://detectportal.firefox.com/canonical.html"  	[MsgId: MMSG-26573]
Action.c(4): Error -35196: HTTP Status-Code=429 (Retry With) for "https://support.mozilla.org/kb/captive-portal"  	[MsgId: MERR-35196]
End auto log messages stack.	[MsgId: MMSG-10544]

Start auto log messages stack - Iteration 439.	[MsgId: MMSG-10545]
Starting action Action.	[MsgId: MMSG-15919]
Action.c(4): web_url("canonical.html") started  	[MsgId: MMSG-26355]
Action.c(4): Detected non-resource "https://support.mozilla.org/kb/captive-portal" in "http://detectportal.firefox.com/canonical.html"  	[MsgId: MMSG-26573]
Action.c(4): Error -35196: HTTP Status-Code=429 (Retry With) for "https://support.mozilla.org/kb/captive-portal"  	[MsgId: MERR-35196]
End auto log messages stack.	[MsgId: MMSG-10544]

Start auto log messages stack - Iteration 440.	[MsgId: MMSG-10545]
Starting action Action.	[MsgId: MMSG-15919]
Action.c(4): web_url("canonical.html") started  	[MsgId: MMSG-26355]
Action.c(4): Detected non-resource "https://support.mozilla.org/kb/captive-portal" in "http://detectportal.firefox.com/canonical.html"  	[MsgId: MMSG-26573]
Action.c(4): Error -35196: HTTP Status-Code=429 (Retry With) for "https://support.mozilla.org/kb/captive-portal"  	[MsgId: MERR-35196]
End auto log messages stack.	[MsgId: MMSG-10544]

Start auto log messages stack - Iteration 441.	[MsgId: MMSG-10545]
Starting action Action.	[MsgId: MMSG-15919]
Action.c(4): web_url("canonical.html") started  	[MsgId: MMSG-26355]
Action.c(4): Detected non-resource "https://support.mozilla.org/kb/captive-portal" in "http://detectportal.firefox.com/canonical.html"  	[MsgId: MMSG-26573]
Action.c(4): Error -35196: HTTP Status-Code=429 (Retry With) for "https://support.mozilla.org/kb/captive-portal"  	[MsgId: MERR-35196]
End auto log messages stack.	[MsgId: MMSG-10544]

Start auto log messages stack - Iteration 442.	[MsgId: MMSG-10545]
Starting action Action.	[MsgId: MMSG-15919]
Action.c(4): web_url("canonical.html") started  	[MsgId: MMSG-26355]
Action.c(4): Detected non-resource "https://support.mozilla.org/kb/captive-portal" in "http://detectportal.firefox.com/canonical.html"  	[MsgId: MMSG-26573]
Action.c(4): Error -35196: HTTP Status-Code=429 (Retry With) for "https://support.mozilla.org/kb/captive-portal"  	[MsgId: MERR-35196]
End auto log messages stack.	[MsgId: MMSG-10544]

Start auto log messages stack - Iteration 443.	[MsgId: MMSG-10545]
Starting action Action.	[MsgId: MMSG-15919]
Action.c(4): web_url("canonical.html") started  	[MsgId: MMSG-26355]
Action.c(4): Detected non-resource "https://support.mozilla.org/kb/captive-portal" in "http://detectportal.firefox.com/canonical.html"  	[MsgId: MMSG-26573]
Action.c(4): Error -35196: HTTP Status-Code=429 (Retry With) for "https://support.mozilla.org/kb/captive-portal"  	[MsgId: MERR-35196]
End auto log messages stack.	[MsgId: MMSG-10544]

Start auto log messages stack - Iteration 444.	[MsgId: MMSG-10545]
Starting action Action.	[MsgId: MMSG-15919]
Action.c(4): web_url("canonical.html") started  	[MsgId: MMSG-26355]
Action.c(4): Detected non-resource "https://support.mozilla.org/kb/captive-portal" in "http://detectportal.firefox.com/canonical.html"  	[MsgId: MMSG-26573]
Action.c(4): Error -35196: HTTP Status-Code=429 (Retry With) for "https://support.mozilla.org/kb/captive-portal"  	[MsgId: MERR-35196]
End auto log messages stack.	[MsgId: MMSG-10544]

Start auto log messages stack - Iteration 445.	[MsgId: MMSG-10545]
Starting action Action.	[MsgId: MMSG-15919]
Action.c(4): web_url("canonical.html") started  	[MsgId: MMSG-26355]
Action.c(4): Detected non-resource "https://support.mozilla.org/kb/captive-portal" in "http://detectportal.firefox.com/canonical.html"  	[MsgId: MMSG-26573]
Action.c(4): Error -35196: HTTP Status-Code=429 (Retry With) for "https://support.mozilla.org/kb/captive-portal"  	[MsgId: MERR-35196]
End auto log messages stack.	[MsgId: MMSG-10544]

Start auto log messages stack - Iteration 446.	[MsgId: MMSG-10545]
Starting action Action.	[MsgId: MMSG-15919]
Action.c(4): web_url("canonical.html") started  	[MsgId: MMSG-26355]
Action.c(4): Detected non-resource "https://support.mozilla.org/kb/captive-portal" in "http://detectportal.firefox.com/canonical.html"  	[MsgId: MMSG-26573]
Action.c(4): Error -35196: HTTP Status-Code=429 (Retry With) for "https://support.mozilla.org/kb/captive-portal"  	[MsgId: MERR-35196]
End auto log messages stack.	[MsgId: MMSG-10544]

Start auto log messages stack - Iteration 447.	[MsgId: MMSG-10545]
Starting action Action.	[MsgId: MMSG-15919]
Action.c(4): web_url("canonical.html") started  	[MsgId: MMSG-26355]
Action.c(4): Detected non-resource "https://support.mozilla.org/kb/captive-portal" in "http://detectportal.firefox.com/canonical.html"  	[MsgId: MMSG-26573]
Action.c(4): Error -35196: HTTP Status-Code=429 (Retry With) for "https://support.mozilla.org/kb/captive-portal"  	[MsgId: MERR-35196]
End auto log messages stack.	[MsgId: MMSG-10544]

Start auto log messages stack - Iteration 448.	[MsgId: MMSG-10545]
Starting action Action.	[MsgId: MMSG-15919]
Action.c(4): web_url("canonical.html") started  	[MsgId: MMSG-26355]
Action.c(4): Detected non-resource "https://support.mozilla.org/kb/captive-portal" in "http://detectportal.firefox.com/canonical.html"  	[MsgId: MMSG-26573]
Action.c(4): Error -35196: HTTP Status-Code=429 (Retry With) for "https://support.mozilla.org/kb/captive-portal"  	[MsgId: MERR-35196]
End auto log messages stack.	[MsgId: MMSG-10544]

Start auto log messages stack - Iteration 449.	[MsgId: MMSG-10545]
Starting action Action.	[MsgId: MMSG-15919]
Action.c(4): web_url("canonical.html") started  	[MsgId: MMSG-26355]
Action.c(4): Detected non-resource "https://support.mozilla.org/kb/captive-portal" in "http://detectportal.firefox.com/canonical.html"  	[MsgId: MMSG-26573]
Action.c(4): Error -35196: HTTP Status-Code=429 (Retry With) for "https://support.mozilla.org/kb/captive-portal"  	[MsgId: MERR-35196]
End auto log messages stack.	[MsgId: MMSG-10544]

Start auto log messages stack - Iteration 450.	[MsgId: MMSG-10545]
Starting action Action.	[MsgId: MMSG-15919]
Action.c(4): web_url("canonical.html") started  	[MsgId: MMSG-26355]
Action.c(4): Detected non-resource "https://support.mozilla.org/kb/captive-portal" in "http://detectportal.firefox.com/canonical.html"  	[MsgId: MMSG-26573]
Action.c(4): Error -35196: HTTP Status-Code=429 (Retry With) for "https://support.mozilla.org/kb/captive-portal"  	[MsgId: MERR-35196]
End auto log messages stack.	[MsgId: MMSG-10544]

Start auto log messages stack - Iteration 451.	[MsgId: MMSG-10545]
Starting action Action.	[MsgId: MMSG-15919]
Action.c(4): web_url("canonical.html") started  	[MsgId: MMSG-26355]
Action.c(4): Detected non-resource "https://support.mozilla.org/kb/captive-portal" in "http://detectportal.firefox.com/canonical.html"  	[MsgId: MMSG-26573]
Action.c(4): Error -35196: HTTP Status-Code=429 (Retry With) for "https://support.mozilla.org/kb/captive-portal"  	[MsgId: MERR-35196]
End auto log messages stack.	[MsgId: MMSG-10544]

Start auto log messages stack - Iteration 452.	[MsgId: MMSG-10545]
Starting action Action.	[MsgId: MMSG-15919]
Action.c(4): web_url("canonical.html") started  	[MsgId: MMSG-26355]
Action.c(4): Detected non-resource "https://support.mozilla.org/kb/captive-portal" in "http://detectportal.firefox.com/canonical.html"  	[MsgId: MMSG-26573]
Action.c(4): Error -35196: HTTP Status-Code=429 (Retry With) for "https://support.mozilla.org/kb/captive-portal"  	[MsgId: MERR-35196]
End auto log messages stack.	[MsgId: MMSG-10544]

Start auto log messages stack - Iteration 453.	[MsgId: MMSG-10545]
Starting action Action.	[MsgId: MMSG-15919]
Action.c(4): web_url("canonical.html") started  	[MsgId: MMSG-26355]
Action.c(4): Detected non-resource "https://support.mozilla.org/kb/captive-portal" in "http://detectportal.firefox.com/canonical.html"  	[MsgId: MMSG-26573]
Action.c(4): Error -35196: HTTP Status-Code=429 (Retry With) for "https://support.mozilla.org/kb/captive-portal"  	[MsgId: MERR-35196]
End auto log messages stack.	[MsgId: MMSG-10544]

Start auto log messages stack - Iteration 454.	[MsgId: MMSG-10545]
Starting action Action.	[MsgId: MMSG-15919]
Action.c(4): web_url("canonical.html") started  	[MsgId: MMSG-26355]
Action.c(4): Detected non-resource "https://support.mozilla.org/kb/captive-portal" in "http://detectportal.firefox.com/canonical.html"  	[MsgId: MMSG-26573]
Action.c(4): Error -35196: HTTP Status-Code=429 (Retry With) for "https://support.mozilla.org/kb/captive-portal"  	[MsgId: MERR-35196]
End auto log messages stack.	[MsgId: MMSG-10544]

Start auto log messages stack - Iteration 455.	[MsgId: MMSG-10545]
Starting action Action.	[MsgId: MMSG-15919]
Action.c(4): web_url("canonical.html") started  	[MsgId: MMSG-26355]
Action.c(4): Detected non-resource "https://support.mozilla.org/kb/captive-portal" in "http://detectportal.firefox.com/canonical.html"  	[MsgId: MMSG-26573]
Action.c(4): Error -35196: HTTP Status-Code=429 (Retry With) for "https://support.mozilla.org/kb/captive-portal"  	[MsgId: MERR-35196]
End auto log messages stack.	[MsgId: MMSG-10544]

Start auto log messages stack - Iteration 456.	[MsgId: MMSG-10545]
Starting action Action.	[MsgId: MMSG-15919]
Action.c(4): web_url("canonical.html") started  	[MsgId: MMSG-26355]
Action.c(4): Detected non-resource "https://support.mozilla.org/kb/captive-portal" in "http://detectportal.firefox.com/canonical.html"  	[MsgId: MMSG-26573]
Action.c(4): Error -35196: HTTP Status-Code=429 (Retry With) for "https://support.mozilla.org/kb/captive-portal"  	[MsgId: MERR-35196]
End auto log messages stack.	[MsgId: MMSG-10544]

Start auto log messages stack - Iteration 457.	[MsgId: MMSG-10545]
Starting action Action.	[MsgId: MMSG-15919]
Action.c(4): web_url("canonical.html") started  	[MsgId: MMSG-26355]
Action.c(4): Detected non-resource "https://support.mozilla.org/kb/captive-portal" in "http://detectportal.firefox.com/canonical.html"  	[MsgId: MMSG-26573]
Action.c(4): Error -35196: HTTP Status-Code=429 (Retry With) for "https://support.mozilla.org/kb/captive-portal"  	[MsgId: MERR-35196]
End auto log messages stack.	[MsgId: MMSG-10544]

Start auto log messages stack - Iteration 458.	[MsgId: MMSG-10545]
Starting action Action.	[MsgId: MMSG-15919]
Action.c(4): web_url("canonical.html") started  	[MsgId: MMSG-26355]
Action.c(4): Detected non-resource "https://support.mozilla.org/kb/captive-portal" in "http://detectportal.firefox.com/canonical.html"  	[MsgId: MMSG-26573]
Action.c(4): Error -35196: HTTP Status-Code=429 (Retry With) for "https://support.mozilla.org/kb/captive-portal"  	[MsgId: MERR-35196]
End auto log messages stack.	[MsgId: MMSG-10544]

Start auto log messages stack - Iteration 459.	[MsgId: MMSG-10545]
Starting action Action.	[MsgId: MMSG-15919]
Action.c(4): web_url("canonical.html") started  	[MsgId: MMSG-26355]
Action.c(4): Detected non-resource "https://support.mozilla.org/kb/captive-portal" in "http://detectportal.firefox.com/canonical.html"  	[MsgId: MMSG-26573]
Action.c(4): Error -35196: HTTP Status-Code=429 (Retry With) for "https://support.mozilla.org/kb/captive-portal"  	[MsgId: MERR-35196]
End auto log messages stack.	[MsgId: MMSG-10544]

Start auto log messages stack - Iteration 460.	[MsgId: MMSG-10545]
Starting action Action.	[MsgId: MMSG-15919]
Action.c(4): web_url("canonical.html") started  	[MsgId: MMSG-26355]
Action.c(4): Detected non-resource "https://support.mozilla.org/kb/captive-portal" in "http://detectportal.firefox.com/canonical.html"  	[MsgId: MMSG-26573]
Action.c(4): Error -35196: HTTP Status-Code=429 (Retry With) for "https://support.mozilla.org/kb/captive-portal"  	[MsgId: MERR-35196]
End auto log messages stack.	[MsgId: MMSG-10544]

Start auto log messages stack - Iteration 461.	[MsgId: MMSG-10545]
Starting action Action.	[MsgId: MMSG-15919]
Action.c(4): web_url("canonical.html") started  	[MsgId: MMSG-26355]
Action.c(4): Detected non-resource "https://support.mozilla.org/kb/captive-portal" in "http://detectportal.firefox.com/canonical.html"  	[MsgId: MMSG-26573]
Action.c(4): Error -35196: HTTP Status-Code=429 (Retry With) for "https://support.mozilla.org/kb/captive-portal"  	[MsgId: MERR-35196]
End auto log messages stack.	[MsgId: MMSG-10544]

Start auto log messages stack - Iteration 462.	[MsgId: MMSG-10545]
Starting action Action.	[MsgId: MMSG-15919]
Action.c(4): web_url("canonical.html") started  	[MsgId: MMSG-26355]
Action.c(4): Detected non-resource "https://support.mozilla.org/kb/captive-portal" in "http://detectportal.firefox.com/canonical.html"  	[MsgId: MMSG-26573]
Action.c(4): Error -35196: HTTP Status-Code=429 (Retry With) for "https://support.mozilla.org/kb/captive-portal"  	[MsgId: MERR-35196]
End auto log messages stack.	[MsgId: MMSG-10544]

Start auto log messages stack - Iteration 463.	[MsgId: MMSG-10545]
Starting action Action.	[MsgId: MMSG-15919]
Action.c(4): web_url("canonical.html") started  	[MsgId: MMSG-26355]
Action.c(4): Detected non-resource "https://support.mozilla.org/kb/captive-portal" in "http://detectportal.firefox.com/canonical.html"  	[MsgId: MMSG-26573]
Action.c(4): Error -35196: HTTP Status-Code=429 (Retry With) for "https://support.mozilla.org/kb/captive-portal"  	[MsgId: MERR-35196]
End auto log messages stack.	[MsgId: MMSG-10544]

Start auto log messages stack - Iteration 464.	[MsgId: MMSG-10545]
Starting action Action.	[MsgId: MMSG-15919]
Action.c(4): web_url("canonical.html") started  	[MsgId: MMSG-26355]
Action.c(4): Detected non-resource "https://support.mozilla.org/kb/captive-portal" in "http://detectportal.firefox.com/canonical.html"  	[MsgId: MMSG-26573]
Action.c(4): Error -35196: HTTP Status-Code=429 (Retry With) for "https://support.mozilla.org/kb/captive-portal"  	[MsgId: MERR-35196]
End auto log messages stack.	[MsgId: MMSG-10544]

Start auto log messages stack - Iteration 465.	[MsgId: MMSG-10545]
Starting action Action.	[MsgId: MMSG-15919]
Action.c(4): web_url("canonical.html") started  	[MsgId: MMSG-26355]
Action.c(4): Detected non-resource "https://support.mozilla.org/kb/captive-portal" in "http://detectportal.firefox.com/canonical.html"  	[MsgId: MMSG-26573]
Action.c(4): Error -35196: HTTP Status-Code=429 (Retry With) for "https://support.mozilla.org/kb/captive-portal"  	[MsgId: MERR-35196]
End auto log messages stack.	[MsgId: MMSG-10544]

Start auto log messages stack - Iteration 466.	[MsgId: MMSG-10545]
Starting action Action.	[MsgId: MMSG-15919]
Action.c(4): web_url("canonical.html") started  	[MsgId: MMSG-26355]
Action.c(4): Detected non-resource "https://support.mozilla.org/kb/captive-portal" in "http://detectportal.firefox.com/canonical.html"  	[MsgId: MMSG-26573]
Action.c(4): Error -35196: HTTP Status-Code=429 (Retry With) for "https://support.mozilla.org/kb/captive-portal"  	[MsgId: MERR-35196]
End auto log messages stack.	[MsgId: MMSG-10544]

Start auto log messages stack - Iteration 467.	[MsgId: MMSG-10545]
Starting action Action.	[MsgId: MMSG-15919]
Action.c(4): web_url("canonical.html") started  	[MsgId: MMSG-26355]
Action.c(4): Detected non-resource "https://support.mozilla.org/kb/captive-portal" in "http://detectportal.firefox.com/canonical.html"  	[MsgId: MMSG-26573]
Action.c(4): Error -35196: HTTP Status-Code=429 (Retry With) for "https://support.mozilla.org/kb/captive-portal"  	[MsgId: MERR-35196]
End auto log messages stack.	[MsgId: MMSG-10544]

Start auto log messages stack - Iteration 468.	[MsgId: MMSG-10545]
Starting action Action.	[MsgId: MMSG-15919]
Action.c(4): web_url("canonical.html") started  	[MsgId: MMSG-26355]
Action.c(4): Detected non-resource "https://support.mozilla.org/kb/captive-portal" in "http://detectportal.firefox.com/canonical.html"  	[MsgId: MMSG-26573]
Action.c(4): Error -35196: HTTP Status-Code=429 (Retry With) for "https://support.mozilla.org/kb/captive-portal"  	[MsgId: MERR-35196]
End auto log messages stack.	[MsgId: MMSG-10544]

Start auto log messages stack - Iteration 469.	[MsgId: MMSG-10545]
Starting action Action.	[MsgId: MMSG-15919]
Action.c(4): web_url("canonical.html") started  	[MsgId: MMSG-26355]
Action.c(4): Detected non-resource "https://support.mozilla.org/kb/captive-portal" in "http://detectportal.firefox.com/canonical.html"  	[MsgId: MMSG-26573]
Action.c(4): Error -35196: HTTP Status-Code=429 (Retry With) for "https://support.mozilla.org/kb/captive-portal"  	[MsgId: MERR-35196]
End auto log messages stack.	[MsgId: MMSG-10544]

Start auto log messages stack - Iteration 470.	[MsgId: MMSG-10545]
Starting action Action.	[MsgId: MMSG-15919]
Action.c(4): web_url("canonical.html") started  	[MsgId: MMSG-26355]
Action.c(4): Detected non-resource "https://support.mozilla.org/kb/captive-portal" in "http://detectportal.firefox.com/canonical.html"  	[MsgId: MMSG-26573]
Action.c(4): Error -35196: HTTP Status-Code=429 (Retry With) for "https://support.mozilla.org/kb/captive-portal"  	[MsgId: MERR-35196]
End auto log messages stack.	[MsgId: MMSG-10544]

Start auto log messages stack - Iteration 471.	[MsgId: MMSG-10545]
Starting action Action.	[MsgId: MMSG-15919]
Action.c(4): web_url("canonical.html") started  	[MsgId: MMSG-26355]
Action.c(4): Detected non-resource "https://support.mozilla.org/kb/captive-portal" in "http://detectportal.firefox.com/canonical.html"  	[MsgId: MMSG-26573]
Action.c(4): Error -35196: HTTP Status-Code=429 (Retry With) for "https://support.mozilla.org/kb/captive-portal"  	[MsgId: MERR-35196]
End auto log messages stack.	[MsgId: MMSG-10544]

Start auto log messages stack - Iteration 472.	[MsgId: MMSG-10545]
Starting action Action.	[MsgId: MMSG-15919]
Action.c(4): web_url("canonical.html") started  	[MsgId: MMSG-26355]
Action.c(4): Detected non-resource "https://support.mozilla.org/kb/captive-portal" in "http://detectportal.firefox.com/canonical.html"  	[MsgId: MMSG-26573]
Action.c(4): Error -35196: HTTP Status-Code=429 (Retry With) for "https://support.mozilla.org/kb/captive-portal"  	[MsgId: MERR-35196]
End auto log messages stack.	[MsgId: MMSG-10544]

Start auto log messages stack - Iteration 473.	[MsgId: MMSG-10545]
Starting action Action.	[MsgId: MMSG-15919]
Action.c(4): web_url("canonical.html") started  	[MsgId: MMSG-26355]
Action.c(4): Detected non-resource "https://support.mozilla.org/kb/captive-portal" in "http://detectportal.firefox.com/canonical.html"  	[MsgId: MMSG-26573]
Action.c(4): Error -35196: HTTP Status-Code=429 (Retry With) for "https://support.mozilla.org/kb/captive-portal"  	[MsgId: MERR-35196]
End auto log messages stack.	[MsgId: MMSG-10544]

Start auto log messages stack - Iteration 474.	[MsgId: MMSG-10545]
Starting action Action.	[MsgId: MMSG-15919]
Action.c(4): web_url("canonical.html") started  	[MsgId: MMSG-26355]
Action.c(4): Detected non-resource "https://support.mozilla.org/kb/captive-portal" in "http://detectportal.firefox.com/canonical.html"  	[MsgId: MMSG-26573]
Action.c(4): Error -35196: HTTP Status-Code=429 (Retry With) for "https://support.mozilla.org/kb/captive-portal"  	[MsgId: MERR-35196]
End auto log messages stack.	[MsgId: MMSG-10544]

Start auto log messages stack - Iteration 475.	[MsgId: MMSG-10545]
Starting action Action.	[MsgId: MMSG-15919]
Action.c(4): web_url("canonical.html") started  	[MsgId: MMSG-26355]
Action.c(4): Detected non-resource "https://support.mozilla.org/kb/captive-portal" in "http://detectportal.firefox.com/canonical.html"  	[MsgId: MMSG-26573]
Action.c(4): Error -35196: HTTP Status-Code=429 (Retry With) for "https://support.mozilla.org/kb/captive-portal"  	[MsgId: MERR-35196]
End auto log messages stack.	[MsgId: MMSG-10544]

Start auto log messages stack - Iteration 476.	[MsgId: MMSG-10545]
Starting action Action.	[MsgId: MMSG-15919]
Action.c(4): web_url("canonical.html") started  	[MsgId: MMSG-26355]
Action.c(4): Detected non-resource "https://support.mozilla.org/kb/captive-portal" in "http://detectportal.firefox.com/canonical.html"  	[MsgId: MMSG-26573]
Action.c(4): Error -35196: HTTP Status-Code=429 (Retry With) for "https://support.mozilla.org/kb/captive-portal"  	[MsgId: MERR-35196]
End auto log messages stack.	[MsgId: MMSG-10544]

Start auto log messages stack - Iteration 477.	[MsgId: MMSG-10545]
Starting action Action.	[MsgId: MMSG-15919]
Action.c(4): web_url("canonical.html") started  	[MsgId: MMSG-26355]
Action.c(4): Detected non-resource "https://support.mozilla.org/kb/captive-portal" in "http://detectportal.firefox.com/canonical.html"  	[MsgId: MMSG-26573]
Action.c(4): Error -35196: HTTP Status-Code=429 (Retry With) for "https://support.mozilla.org/kb/captive-portal"  	[MsgId: MERR-35196]
End auto log messages stack.	[MsgId: MMSG-10544]

Start auto log messages stack - Iteration 478.	[MsgId: MMSG-10545]
Starting action Action.	[MsgId: MMSG-15919]
Action.c(4): web_url("canonical.html") started  	[MsgId: MMSG-26355]
Action.c(4): Detected non-resource "https://support.mozilla.org/kb/captive-portal" in "http://detectportal.firefox.com/canonical.html"  	[MsgId: MMSG-26573]
Action.c(4): Error -35196: HTTP Status-Code=429 (Retry With) for "https://support.mozilla.org/kb/captive-portal"  	[MsgId: MERR-35196]
End auto log messages stack.	[MsgId: MMSG-10544]

Start auto log messages stack - Iteration 479.	[MsgId: MMSG-10545]
Starting action Action.	[MsgId: MMSG-15919]
Action.c(4): web_url("canonical.html") started  	[MsgId: MMSG-26355]
Action.c(4): Detected non-resource "https://support.mozilla.org/kb/captive-portal" in "http://detectportal.firefox.com/canonical.html"  	[MsgId: MMSG-26573]
Action.c(4): Error -35196: HTTP Status-Code=429 (Retry With) for "https://support.mozilla.org/kb/captive-portal"  	[MsgId: MERR-35196]
End auto log messages stack.	[MsgId: MMSG-10544]

Start auto log messages stack - Iteration 480.	[MsgId: MMSG-10545]
Starting action Action.	[MsgId: MMSG-15919]
Action.c(4): web_url("canonical.html") started  	[MsgId: MMSG-26355]
Action.c(4): Detected non-resource "https://support.mozilla.org/kb/captive-portal" in "http://detectportal.firefox.com/canonical.html"  	[MsgId: MMSG-26573]
Action.c(4): Error -35196: HTTP Status-Code=429 (Retry With) for "https://support.mozilla.org/kb/captive-portal"  	[MsgId: MERR-35196]
End auto log messages stack.	[MsgId: MMSG-10544]

Start auto log messages stack - Iteration 481.	[MsgId: MMSG-10545]
Starting action Action.	[MsgId: MMSG-15919]
Action.c(4): web_url("canonical.html") started  	[MsgId: MMSG-26355]
Action.c(4): Detected non-resource "https://support.mozilla.org/kb/captive-portal" in "http://detectportal.firefox.com/canonical.html"  	[MsgId: MMSG-26573]
Action.c(4): Error -35196: HTTP Status-Code=429 (Retry With) for "https://support.mozilla.org/kb/captive-portal"  	[MsgId: MERR-35196]
End auto log messages stack.	[MsgId: MMSG-10544]

Start auto log messages stack - Iteration 482.	[MsgId: MMSG-10545]
Starting action Action.	[MsgId: MMSG-15919]
Action.c(4): web_url("canonical.html") started  	[MsgId: MMSG-26355]
Action.c(4): Detected non-resource "https://support.mozilla.org/kb/captive-portal" in "http://detectportal.firefox.com/canonical.html"  	[MsgId: MMSG-26573]
Action.c(4): Error -35196: HTTP Status-Code=429 (Retry With) for "https://support.mozilla.org/kb/captive-portal"  	[MsgId: MERR-35196]
End auto log messages stack.	[MsgId: MMSG-10544]

Start auto log messages stack - Iteration 483.	[MsgId: MMSG-10545]
Starting action Action.	[MsgId: MMSG-15919]
Action.c(4): web_url("canonical.html") started  	[MsgId: MMSG-26355]
Action.c(4): Detected non-resource "https://support.mozilla.org/kb/captive-portal" in "http://detectportal.firefox.com/canonical.html"  	[MsgId: MMSG-26573]
Action.c(4): Error -35196: HTTP Status-Code=429 (Retry With) for "https://support.mozilla.org/kb/captive-portal"  	[MsgId: MERR-35196]
End auto log messages stack.	[MsgId: MMSG-10544]

Start auto log messages stack - Iteration 484.	[MsgId: MMSG-10545]
Starting action Action.	[MsgId: MMSG-15919]
Action.c(4): web_url("canonical.html") started  	[MsgId: MMSG-26355]
Action.c(4): Detected non-resource "https://support.mozilla.org/kb/captive-portal" in "http://detectportal.firefox.com/canonical.html"  	[MsgId: MMSG-26573]
Action.c(4): Error -35196: HTTP Status-Code=429 (Retry With) for "https://support.mozilla.org/kb/captive-portal"  	[MsgId: MERR-35196]
End auto log messages stack.	[MsgId: MMSG-10544]

Start auto log messages stack - Iteration 485.	[MsgId: MMSG-10545]
Starting action Action.	[MsgId: MMSG-15919]
Action.c(4): web_url("canonical.html") started  	[MsgId: MMSG-26355]
Action.c(4): Detected non-resource "https://support.mozilla.org/kb/captive-portal" in "http://detectportal.firefox.com/canonical.html"  	[MsgId: MMSG-26573]
Action.c(4): Error -35196: HTTP Status-Code=429 (Retry With) for "https://support.mozilla.org/kb/captive-portal"  	[MsgId: MERR-35196]
End auto log messages stack.	[MsgId: MMSG-10544]

Start auto log messages stack - Iteration 486.	[MsgId: MMSG-10545]
Starting action Action.	[MsgId: MMSG-15919]
Action.c(4): web_url("canonical.html") started  	[MsgId: MMSG-26355]
Action.c(4): Detected non-resource "https://support.mozilla.org/kb/captive-portal" in "http://detectportal.firefox.com/canonical.html"  	[MsgId: MMSG-26573]
Action.c(4): Error -35196: HTTP Status-Code=429 (Retry With) for "https://support.mozilla.org/kb/captive-portal"  	[MsgId: MERR-35196]
End auto log messages stack.	[MsgId: MMSG-10544]

Start auto log messages stack - Iteration 487.	[MsgId: MMSG-10545]
Starting action Action.	[MsgId: MMSG-15919]
Action.c(4): web_url("canonical.html") started  	[MsgId: MMSG-26355]
Action.c(4): Detected non-resource "https://support.mozilla.org/kb/captive-portal" in "http://detectportal.firefox.com/canonical.html"  	[MsgId: MMSG-26573]
Action.c(4): Error -35196: HTTP Status-Code=429 (Retry With) for "https://support.mozilla.org/kb/captive-portal"  	[MsgId: MERR-35196]
End auto log messages stack.	[MsgId: MMSG-10544]

Start auto log messages stack - Iteration 488.	[MsgId: MMSG-10545]
Starting action Action.	[MsgId: MMSG-15919]
Action.c(4): web_url("canonical.html") started  	[MsgId: MMSG-26355]
Action.c(4): Detected non-resource "https://support.mozilla.org/kb/captive-portal" in "http://detectportal.firefox.com/canonical.html"  	[MsgId: MMSG-26573]
Action.c(4): Error -35196: HTTP Status-Code=429 (Retry With) for "https://support.mozilla.org/kb/captive-portal"  	[MsgId: MERR-35196]
End auto log messages stack.	[MsgId: MMSG-10544]

Start auto log messages stack - Iteration 489.	[MsgId: MMSG-10545]
Starting action Action.	[MsgId: MMSG-15919]
Action.c(4): web_url("canonical.html") started  	[MsgId: MMSG-26355]
Action.c(4): Detected non-resource "https://support.mozilla.org/kb/captive-portal" in "http://detectportal.firefox.com/canonical.html"  	[MsgId: MMSG-26573]
Action.c(4): Error -35196: HTTP Status-Code=429 (Retry With) for "https://support.mozilla.org/kb/captive-portal"  	[MsgId: MERR-35196]
End auto log messages stack.	[MsgId: MMSG-10544]

Start auto log messages stack - Iteration 490.	[MsgId: MMSG-10545]
Starting action Action.	[MsgId: MMSG-15919]
Action.c(4): web_url("canonical.html") started  	[MsgId: MMSG-26355]
Action.c(4): Detected non-resource "https://support.mozilla.org/kb/captive-portal" in "http://detectportal.firefox.com/canonical.html"  	[MsgId: MMSG-26573]
Action.c(4): Error -35196: HTTP Status-Code=429 (Retry With) for "https://support.mozilla.org/kb/captive-portal"  	[MsgId: MERR-35196]
End auto log messages stack.	[MsgId: MMSG-10544]

Start auto log messages stack - Iteration 491.	[MsgId: MMSG-10545]
Starting action Action.	[MsgId: MMSG-15919]
Action.c(4): web_url("canonical.html") started  	[MsgId: MMSG-26355]
Action.c(4): Detected non-resource "https://support.mozilla.org/kb/captive-portal" in "http://detectportal.firefox.com/canonical.html"  	[MsgId: MMSG-26573]
Action.c(4): Error -35196: HTTP Status-Code=429 (Retry With) for "https://support.mozilla.org/kb/captive-portal"  	[MsgId: MERR-35196]
End auto log messages stack.	[MsgId: MMSG-10544]

Start auto log messages stack - Iteration 492.	[MsgId: MMSG-10545]
Starting action Action.	[MsgId: MMSG-15919]
Action.c(4): web_url("canonical.html") started  	[MsgId: MMSG-26355]
Action.c(4): Detected non-resource "https://support.mozilla.org/kb/captive-portal" in "http://detectportal.firefox.com/canonical.html"  	[MsgId: MMSG-26573]
Action.c(4): Error -35196: HTTP Status-Code=429 (Retry With) for "https://support.mozilla.org/kb/captive-portal"  	[MsgId: MERR-35196]
End auto log messages stack.	[MsgId: MMSG-10544]

Start auto log messages stack - Iteration 493.	[MsgId: MMSG-10545]
Starting action Action.	[MsgId: MMSG-15919]
Action.c(4): web_url("canonical.html") started  	[MsgId: MMSG-26355]
Action.c(4): Detected non-resource "https://support.mozilla.org/kb/captive-portal" in "http://detectportal.firefox.com/canonical.html"  	[MsgId: MMSG-26573]
Action.c(4): Error -35196: HTTP Status-Code=429 (Retry With) for "https://support.mozilla.org/kb/captive-portal"  	[MsgId: MERR-35196]
End auto log messages stack.	[MsgId: MMSG-10544]

Start auto log messages stack - Iteration 494.	[MsgId: MMSG-10545]
Starting action Action.	[MsgId: MMSG-15919]
Action.c(4): web_url("canonical.html") started  	[MsgId: MMSG-26355]
Action.c(4): Detected non-resource "https://support.mozilla.org/kb/captive-portal" in "http://detectportal.firefox.com/canonical.html"  	[MsgId: MMSG-26573]
Action.c(4): Error -35196: HTTP Status-Code=429 (Retry With) for "https://support.mozilla.org/kb/captive-portal"  	[MsgId: MERR-35196]
End auto log messages stack.	[MsgId: MMSG-10544]

Start auto log messages stack - Iteration 495.	[MsgId: MMSG-10545]
Starting action Action.	[MsgId: MMSG-15919]
Action.c(4): web_url("canonical.html") started  	[MsgId: MMSG-26355]
Action.c(4): Detected non-resource "https://support.mozilla.org/kb/captive-portal" in "http://detectportal.firefox.com/canonical.html"  	[MsgId: MMSG-26573]
Action.c(4): Error -35196: HTTP Status-Code=429 (Retry With) for "https://support.mozilla.org/kb/captive-portal"  	[MsgId: MERR-35196]
End auto log messages stack.	[MsgId: MMSG-10544]

Start auto log messages stack - Iteration 496.	[MsgId: MMSG-10545]
Starting action Action.	[MsgId: MMSG-15919]
Action.c(4): web_url("canonical.html") started  	[MsgId: MMSG-26355]
Action.c(4): Detected non-resource "https://support.mozilla.org/kb/captive-portal" in "http://detectportal.firefox.com/canonical.html"  	[MsgId: MMSG-26573]
Action.c(4): Error -35196: HTTP Status-Code=429 (Retry With) for "https://support.mozilla.org/kb/captive-portal"  	[MsgId: MERR-35196]
End auto log messages stack.	[MsgId: MMSG-10544]

Start auto log messages stack - Iteration 497.	[MsgId: MMSG-10545]
Starting action Action.	[MsgId: MMSG-15919]
Action.c(4): web_url("canonical.html") started  	[MsgId: MMSG-26355]
Action.c(4): Detected non-resource "https://support.mozilla.org/kb/captive-portal" in "http://detectportal.firefox.com/canonical.html"  	[MsgId: MMSG-26573]
Action.c(4): Error -35196: HTTP Status-Code=429 (Retry With) for "https://support.mozilla.org/kb/captive-portal"  	[MsgId: MERR-35196]
End auto log messages stack.	[MsgId: MMSG-10544]

Start auto log messages stack - Iteration 498.	[MsgId: MMSG-10545]
Starting action Action.	[MsgId: MMSG-15919]
Action.c(4): web_url("canonical.html") started  	[MsgId: MMSG-26355]
Action.c(4): Detected non-resource "https://support.mozilla.org/kb/captive-portal" in "http://detectportal.firefox.com/canonical.html"  	[MsgId: MMSG-26573]
Action.c(4): Error -35196: HTTP Status-Code=429 (Retry With) for "https://support.mozilla.org/kb/captive-portal"  	[MsgId: MERR-35196]
End auto log messages stack.	[MsgId: MMSG-10544]

Start auto log messages stack - Iteration 499.	[MsgId: MMSG-10545]
Starting action Action.	[MsgId: MMSG-15919]
Action.c(4): web_url("canonical.html") started  	[MsgId: MMSG-26355]
Action.c(4): Detected non-resource "https://support.mozilla.org/kb/captive-portal" in "http://detectportal.firefox.com/canonical.html"  	[MsgId: MMSG-26573]
Action.c(4): Error -35196: HTTP Status-Code=429 (Retry With) for "https://support.mozilla.org/kb/captive-portal"  	[MsgId: MERR-35196]
End auto log messages stack.	[MsgId: MMSG-10544]

Start auto log messages stack - Iteration 500.	[MsgId: MMSG-10545]
Starting action Action.	[MsgId: MMSG-15919]
Action.c(4): web_url("canonical.html") started  	[MsgId: MMSG-26355]
Action.c(4): Detected non-resource "https://support.mozilla.org/kb/captive-portal" in "http://detectportal.firefox.com/canonical.html"  	[MsgId: MMSG-26573]
Action.c(4): Error -35196: HTTP Status-Code=429 (Retry With) for "https://support.mozilla.org/kb/captive-portal"  	[MsgId: MERR-35196]
End auto log messages stack.	[MsgId: MMSG-10544]

Start auto log messages stack - Iteration 501.	[MsgId: MMSG-10545]
Starting action Action.	[MsgId: MMSG-15919]
Action.c(4): web_url("canonical.html") started  	[MsgId: MMSG-26355]
Action.c(4): Detected non-resource "https://support.mozilla.org/kb/captive-portal" in "http://detectportal.firefox.com/canonical.html"  	[MsgId: MMSG-26573]
Action.c(4): Error -35196: HTTP Status-Code=429 (Retry With) for "https://support.mozilla.org/kb/captive-portal"  	[MsgId: MERR-35196]
End auto log messages stack.	[MsgId: MMSG-10544]

Start auto log messages stack - Iteration 502.	[MsgId: MMSG-10545]
Starting action Action.	[MsgId: MMSG-15919]
Action.c(4): web_url("canonical.html") started  	[MsgId: MMSG-26355]
Action.c(4): Detected non-resource "https://support.mozilla.org/kb/captive-portal" in "http://detectportal.firefox.com/canonical.html"  	[MsgId: MMSG-26573]
Action.c(4): Error -35196: HTTP Status-Code=429 (Retry With) for "https://support.mozilla.org/kb/captive-portal"  	[MsgId: MERR-35196]
End auto log messages stack.	[MsgId: MMSG-10544]

Start auto log messages stack - Iteration 503.	[MsgId: MMSG-10545]
Starting action Action.	[MsgId: MMSG-15919]
Action.c(4): web_url("canonical.html") started  	[MsgId: MMSG-26355]
Action.c(4): Detected non-resource "https://support.mozilla.org/kb/captive-portal" in "http://detectportal.firefox.com/canonical.html"  	[MsgId: MMSG-26573]
Action.c(4): Error -35196: HTTP Status-Code=429 (Retry With) for "https://support.mozilla.org/kb/captive-portal"  	[MsgId: MERR-35196]
End auto log messages stack.	[MsgId: MMSG-10544]

Start auto log messages stack - Iteration 504.	[MsgId: MMSG-10545]
Starting action Action.	[MsgId: MMSG-15919]
Action.c(4): web_url("canonical.html") started  	[MsgId: MMSG-26355]
Action.c(4): Detected non-resource "https://support.mozilla.org/kb/captive-portal" in "http://detectportal.firefox.com/canonical.html"  	[MsgId: MMSG-26573]
Action.c(4): Error -35196: HTTP Status-Code=429 (Retry With) for "https://support.mozilla.org/kb/captive-portal"  	[MsgId: MERR-35196]
End auto log messages stack.	[MsgId: MMSG-10544]

Start auto log messages stack - Iteration 505.	[MsgId: MMSG-10545]
Starting action Action.	[MsgId: MMSG-15919]
Action.c(4): web_url("canonical.html") started  	[MsgId: MMSG-26355]
Action.c(4): Detected non-resource "https://support.mozilla.org/kb/captive-portal" in "http://detectportal.firefox.com/canonical.html"  	[MsgId: MMSG-26573]
Action.c(4): Error -35196: HTTP Status-Code=429 (Retry With) for "https://support.mozilla.org/kb/captive-portal"  	[MsgId: MERR-35196]
End auto log messages stack.	[MsgId: MMSG-10544]

Start auto log messages stack - Iteration 506.	[MsgId: MMSG-10545]
Starting action Action.	[MsgId: MMSG-15919]
Action.c(4): web_url("canonical.html") started  	[MsgId: MMSG-26355]
Action.c(4): Detected non-resource "https://support.mozilla.org/kb/captive-portal" in "http://detectportal.firefox.com/canonical.html"  	[MsgId: MMSG-26573]
Action.c(4): Error -35196: HTTP Status-Code=429 (Retry With) for "https://support.mozilla.org/kb/captive-portal"  	[MsgId: MERR-35196]
End auto log messages stack.	[MsgId: MMSG-10544]

Start auto log messages stack - Iteration 507.	[MsgId: MMSG-10545]
Starting action Action.	[MsgId: MMSG-15919]
Action.c(4): web_url("canonical.html") started  	[MsgId: MMSG-26355]
Action.c(4): Detected non-resource "https://support.mozilla.org/kb/captive-portal" in "http://detectportal.firefox.com/canonical.html"  	[MsgId: MMSG-26573]
Action.c(4): Error -35196: HTTP Status-Code=429 (Retry With) for "https://support.mozilla.org/kb/captive-portal"  	[MsgId: MERR-35196]
End auto log messages stack.	[MsgId: MMSG-10544]

Start auto log messages stack - Iteration 508.	[MsgId: MMSG-10545]
Starting action Action.	[MsgId: MMSG-15919]
Action.c(4): web_url("canonical.html") started  	[MsgId: MMSG-26355]
Action.c(4): Detected non-resource "https://support.mozilla.org/kb/captive-portal" in "http://detectportal.firefox.com/canonical.html"  	[MsgId: MMSG-26573]
Action.c(4): Error -35196: HTTP Status-Code=429 (Retry With) for "https://support.mozilla.org/kb/captive-portal"  	[MsgId: MERR-35196]
End auto log messages stack.	[MsgId: MMSG-10544]

Start auto log messages stack - Iteration 509.	[MsgId: MMSG-10545]
Starting action Action.	[MsgId: MMSG-15919]
Action.c(4): web_url("canonical.html") started  	[MsgId: MMSG-26355]
Action.c(4): Detected non-resource "https://support.mozilla.org/kb/captive-portal" in "http://detectportal.firefox.com/canonical.html"  	[MsgId: MMSG-26573]
Action.c(4): Error -35196: HTTP Status-Code=429 (Retry With) for "https://support.mozilla.org/kb/captive-portal"  	[MsgId: MERR-35196]
End auto log messages stack.	[MsgId: MMSG-10544]

Start auto log messages stack - Iteration 510.	[MsgId: MMSG-10545]
Starting action Action.	[MsgId: MMSG-15919]
Action.c(4): web_url("canonical.html") started  	[MsgId: MMSG-26355]
Action.c(4): Detected non-resource "https://support.mozilla.org/kb/captive-portal" in "http://detectportal.firefox.com/canonical.html"  	[MsgId: MMSG-26573]
Action.c(4): Error -35196: HTTP Status-Code=429 (Retry With) for "https://support.mozilla.org/kb/captive-portal"  	[MsgId: MERR-35196]
End auto log messages stack.	[MsgId: MMSG-10544]

Start auto log messages stack - Iteration 511.	[MsgId: MMSG-10545]
Starting action Action.	[MsgId: MMSG-15919]
Action.c(4): web_url("canonical.html") started  	[MsgId: MMSG-26355]
Action.c(4): Detected non-resource "https://support.mozilla.org/kb/captive-portal" in "http://detectportal.firefox.com/canonical.html"  	[MsgId: MMSG-26573]
Action.c(4): Error -35196: HTTP Status-Code=429 (Retry With) for "https://support.mozilla.org/kb/captive-portal"  	[MsgId: MERR-35196]
End auto log messages stack.	[MsgId: MMSG-10544]

Start auto log messages stack - Iteration 512.	[MsgId: MMSG-10545]
Starting action Action.	[MsgId: MMSG-15919]
Action.c(4): web_url("canonical.html") started  	[MsgId: MMSG-26355]
Action.c(4): Detected non-resource "https://support.mozilla.org/kb/captive-portal" in "http://detectportal.firefox.com/canonical.html"  	[MsgId: MMSG-26573]
Action.c(4): Error -35196: HTTP Status-Code=429 (Retry With) for "https://support.mozilla.org/kb/captive-portal"  	[MsgId: MERR-35196]
End auto log messages stack.	[MsgId: MMSG-10544]

Start auto log messages stack - Iteration 513.	[MsgId: MMSG-10545]
Starting action Action.	[MsgId: MMSG-15919]
Action.c(4): web_url("canonical.html") started  	[MsgId: MMSG-26355]
Action.c(4): Detected non-resource "https://support.mozilla.org/kb/captive-portal" in "http://detectportal.firefox.com/canonical.html"  	[MsgId: MMSG-26573]
Action.c(4): Error -35196: HTTP Status-Code=429 (Retry With) for "https://support.mozilla.org/kb/captive-portal"  	[MsgId: MERR-35196]
End auto log messages stack.	[MsgId: MMSG-10544]

Start auto log messages stack - Iteration 514.	[MsgId: MMSG-10545]
Starting action Action.	[MsgId: MMSG-15919]
Action.c(4): web_url("canonical.html") started  	[MsgId: MMSG-26355]
Action.c(4): Detected non-resource "https://support.mozilla.org/kb/captive-portal" in "http://detectportal.firefox.com/canonical.html"  	[MsgId: MMSG-26573]
Action.c(4): Error -35196: HTTP Status-Code=429 (Retry With) for "https://support.mozilla.org/kb/captive-portal"  	[MsgId: MERR-35196]
End auto log messages stack.	[MsgId: MMSG-10544]

Start auto log messages stack - Iteration 515.	[MsgId: MMSG-10545]
Starting action Action.	[MsgId: MMSG-15919]
Action.c(4): web_url("canonical.html") started  	[MsgId: MMSG-26355]
Action.c(4): Detected non-resource "https://support.mozilla.org/kb/captive-portal" in "http://detectportal.firefox.com/canonical.html"  	[MsgId: MMSG-26573]
Action.c(4): Error -35196: HTTP Status-Code=429 (Retry With) for "https://support.mozilla.org/kb/captive-portal"  	[MsgId: MERR-35196]
End auto log messages stack.	[MsgId: MMSG-10544]

Start auto log messages stack - Iteration 516.	[MsgId: MMSG-10545]
Starting action Action.	[MsgId: MMSG-15919]
Action.c(4): web_url("canonical.html") started  	[MsgId: MMSG-26355]
Action.c(4): Detected non-resource "https://support.mozilla.org/kb/captive-portal" in "http://detectportal.firefox.com/canonical.html"  	[MsgId: MMSG-26573]
Action.c(4): Error -35196: HTTP Status-Code=429 (Retry With) for "https://support.mozilla.org/kb/captive-portal"  	[MsgId: MERR-35196]
End auto log messages stack.	[MsgId: MMSG-10544]

Start auto log messages stack - Iteration 517.	[MsgId: MMSG-10545]
Starting action Action.	[MsgId: MMSG-15919]
Action.c(4): web_url("canonical.html") started  	[MsgId: MMSG-26355]
Action.c(4): Detected non-resource "https://support.mozilla.org/kb/captive-portal" in "http://detectportal.firefox.com/canonical.html"  	[MsgId: MMSG-26573]
Action.c(4): Error -35196: HTTP Status-Code=429 (Retry With) for "https://support.mozilla.org/kb/captive-portal"  	[MsgId: MERR-35196]
End auto log messages stack.	[MsgId: MMSG-10544]

Start auto log messages stack - Iteration 518.	[MsgId: MMSG-10545]
Starting action Action.	[MsgId: MMSG-15919]
Action.c(4): web_url("canonical.html") started  	[MsgId: MMSG-26355]
Action.c(4): Detected non-resource "https://support.mozilla.org/kb/captive-portal" in "http://detectportal.firefox.com/canonical.html"  	[MsgId: MMSG-26573]
Action.c(4): Error -35196: HTTP Status-Code=429 (Retry With) for "https://support.mozilla.org/kb/captive-portal"  	[MsgId: MERR-35196]
End auto log messages stack.	[MsgId: MMSG-10544]

Start auto log messages stack - Iteration 519.	[MsgId: MMSG-10545]
Starting action Action.	[MsgId: MMSG-15919]
Action.c(4): web_url("canonical.html") started  	[MsgId: MMSG-26355]
Action.c(4): Detected non-resource "https://support.mozilla.org/kb/captive-portal" in "http://detectportal.firefox.com/canonical.html"  	[MsgId: MMSG-26573]
Action.c(4): Error -35196: HTTP Status-Code=429 (Retry With) for "https://support.mozilla.org/kb/captive-portal"  	[MsgId: MERR-35196]
End auto log messages stack.	[MsgId: MMSG-10544]

Start auto log messages stack - Iteration 520.	[MsgId: MMSG-10545]
Starting action Action.	[MsgId: MMSG-15919]
Action.c(4): web_url("canonical.html") started  	[MsgId: MMSG-26355]
Action.c(4): Detected non-resource "https://support.mozilla.org/kb/captive-portal" in "http://detectportal.firefox.com/canonical.html"  	[MsgId: MMSG-26573]
Action.c(4): Error -35196: HTTP Status-Code=429 (Retry With) for "https://support.mozilla.org/kb/captive-portal"  	[MsgId: MERR-35196]
End auto log messages stack.	[MsgId: MMSG-10544]

Start auto log messages stack - Iteration 521.	[MsgId: MMSG-10545]
Starting action Action.	[MsgId: MMSG-15919]
Action.c(4): web_url("canonical.html") started  	[MsgId: MMSG-26355]
Action.c(4): Detected non-resource "https://support.mozilla.org/kb/captive-portal" in "http://detectportal.firefox.com/canonical.html"  	[MsgId: MMSG-26573]
Action.c(4): Error -35196: HTTP Status-Code=429 (Retry With) for "https://support.mozilla.org/kb/captive-portal"  	[MsgId: MERR-35196]
End auto log messages stack.	[MsgId: MMSG-10544]

Start auto log messages stack - Iteration 522.	[MsgId: MMSG-10545]
Starting action Action.	[MsgId: MMSG-15919]
Action.c(4): web_url("canonical.html") started  	[MsgId: MMSG-26355]
Action.c(4): Detected non-resource "https://support.mozilla.org/kb/captive-portal" in "http://detectportal.firefox.com/canonical.html"  	[MsgId: MMSG-26573]
Action.c(4): Error -35196: HTTP Status-Code=429 (Retry With) for "https://support.mozilla.org/kb/captive-portal"  	[MsgId: MERR-35196]
End auto log messages stack.	[MsgId: MMSG-10544]

Start auto log messages stack - Iteration 523.	[MsgId: MMSG-10545]
Starting action Action.	[MsgId: MMSG-15919]
Action.c(4): web_url("canonical.html") started  	[MsgId: MMSG-26355]
Action.c(4): Detected non-resource "https://support.mozilla.org/kb/captive-portal" in "http://detectportal.firefox.com/canonical.html"  	[MsgId: MMSG-26573]
Action.c(4): Error -35196: HTTP Status-Code=429 (Retry With) for "https://support.mozilla.org/kb/captive-portal"  	[MsgId: MERR-35196]
End auto log messages stack.	[MsgId: MMSG-10544]

Start auto log messages stack - Iteration 524.	[MsgId: MMSG-10545]
Starting action Action.	[MsgId: MMSG-15919]
Action.c(4): web_url("canonical.html") started  	[MsgId: MMSG-26355]
Action.c(4): Detected non-resource "https://support.mozilla.org/kb/captive-portal" in "http://detectportal.firefox.com/canonical.html"  	[MsgId: MMSG-26573]
Action.c(4): Error -35196: HTTP Status-Code=429 (Retry With) for "https://support.mozilla.org/kb/captive-portal"  	[MsgId: MERR-35196]
End auto log messages stack.	[MsgId: MMSG-10544]

Start auto log messages stack - Iteration 525.	[MsgId: MMSG-10545]
Starting action Action.	[MsgId: MMSG-15919]
Action.c(4): web_url("canonical.html") started  	[MsgId: MMSG-26355]
Action.c(4): Detected non-resource "https://support.mozilla.org/kb/captive-portal" in "http://detectportal.firefox.com/canonical.html"  	[MsgId: MMSG-26573]
Action.c(4): Error -35196: HTTP Status-Code=429 (Retry With) for "https://support.mozilla.org/kb/captive-portal"  	[MsgId: MERR-35196]
End auto log messages stack.	[MsgId: MMSG-10544]

Start auto log messages stack - Iteration 526.	[MsgId: MMSG-10545]
Starting action Action.	[MsgId: MMSG-15919]
Action.c(4): web_url("canonical.html") started  	[MsgId: MMSG-26355]
Action.c(4): Detected non-resource "https://support.mozilla.org/kb/captive-portal" in "http://detectportal.firefox.com/canonical.html"  	[MsgId: MMSG-26573]
Action.c(4): Error -35196: HTTP Status-Code=429 (Retry With) for "https://support.mozilla.org/kb/captive-portal"  	[MsgId: MERR-35196]
End auto log messages stack.	[MsgId: MMSG-10544]

Start auto log messages stack - Iteration 527.	[MsgId: MMSG-10545]
Starting action Action.	[MsgId: MMSG-15919]
Action.c(4): web_url("canonical.html") started  	[MsgId: MMSG-26355]
Action.c(4): Detected non-resource "https://support.mozilla.org/kb/captive-portal" in "http://detectportal.firefox.com/canonical.html"  	[MsgId: MMSG-26573]
Action.c(4): Error -35196: HTTP Status-Code=429 (Retry With) for "https://support.mozilla.org/kb/captive-portal"  	[MsgId: MERR-35196]
End auto log messages stack.	[MsgId: MMSG-10544]

Start auto log messages stack - Iteration 528.	[MsgId: MMSG-10545]
Starting action Action.	[MsgId: MMSG-15919]
Action.c(4): web_url("canonical.html") started  	[MsgId: MMSG-26355]
Action.c(4): Detected non-resource "https://support.mozilla.org/kb/captive-portal" in "http://detectportal.firefox.com/canonical.html"  	[MsgId: MMSG-26573]
Action.c(4): Error -35196: HTTP Status-Code=429 (Retry With) for "https://support.mozilla.org/kb/captive-portal"  	[MsgId: MERR-35196]
End auto log messages stack.	[MsgId: MMSG-10544]

Start auto log messages stack - Iteration 529.	[MsgId: MMSG-10545]
Starting action Action.	[MsgId: MMSG-15919]
Action.c(4): web_url("canonical.html") started  	[MsgId: MMSG-26355]
Action.c(4): Detected non-resource "https://support.mozilla.org/kb/captive-portal" in "http://detectportal.firefox.com/canonical.html"  	[MsgId: MMSG-26573]
Action.c(4): Error -35196: HTTP Status-Code=429 (Retry With) for "https://support.mozilla.org/kb/captive-portal"  	[MsgId: MERR-35196]
End auto log messages stack.	[MsgId: MMSG-10544]

Start auto log messages stack - Iteration 530.	[MsgId: MMSG-10545]
Starting action Action.	[MsgId: MMSG-15919]
Action.c(4): web_url("canonical.html") started  	[MsgId: MMSG-26355]
Action.c(4): Detected non-resource "https://support.mozilla.org/kb/captive-portal" in "http://detectportal.firefox.com/canonical.html"  	[MsgId: MMSG-26573]
Action.c(4): Error -35196: HTTP Status-Code=429 (Retry With) for "https://support.mozilla.org/kb/captive-portal"  	[MsgId: MERR-35196]
End auto log messages stack.	[MsgId: MMSG-10544]

Start auto log messages stack - Iteration 531.	[MsgId: MMSG-10545]
Starting action Action.	[MsgId: MMSG-15919]
Action.c(4): web_url("canonical.html") started  	[MsgId: MMSG-26355]
Action.c(4): Detected non-resource "https://support.mozilla.org/kb/captive-portal" in "http://detectportal.firefox.com/canonical.html"  	[MsgId: MMSG-26573]
Action.c(4): Error -35196: HTTP Status-Code=429 (Retry With) for "https://support.mozilla.org/kb/captive-portal"  	[MsgId: MERR-35196]
End auto log messages stack.	[MsgId: MMSG-10544]

Start auto log messages stack - Iteration 532.	[MsgId: MMSG-10545]
Starting action Action.	[MsgId: MMSG-15919]
Action.c(4): web_url("canonical.html") started  	[MsgId: MMSG-26355]
Action.c(4): Detected non-resource "https://support.mozilla.org/kb/captive-portal" in "http://detectportal.firefox.com/canonical.html"  	[MsgId: MMSG-26573]
Action.c(4): Error -35196: HTTP Status-Code=429 (Retry With) for "https://support.mozilla.org/kb/captive-portal"  	[MsgId: MERR-35196]
End auto log messages stack.	[MsgId: MMSG-10544]

Start auto log messages stack - Iteration 533.	[MsgId: MMSG-10545]
Starting action Action.	[MsgId: MMSG-15919]
Action.c(4): web_url("canonical.html") started  	[MsgId: MMSG-26355]
Action.c(4): Detected non-resource "https://support.mozilla.org/kb/captive-portal" in "http://detectportal.firefox.com/canonical.html"  	[MsgId: MMSG-26573]
Action.c(4): Error -35196: HTTP Status-Code=429 (Retry With) for "https://support.mozilla.org/kb/captive-portal"  	[MsgId: MERR-35196]
End auto log messages stack.	[MsgId: MMSG-10544]

Start auto log messages stack - Iteration 534.	[MsgId: MMSG-10545]
Starting action Action.	[MsgId: MMSG-15919]
Action.c(4): web_url("canonical.html") started  	[MsgId: MMSG-26355]
Action.c(4): Detected non-resource "https://support.mozilla.org/kb/captive-portal" in "http://detectportal.firefox.com/canonical.html"  	[MsgId: MMSG-26573]
Action.c(4): Error -35196: HTTP Status-Code=429 (Retry With) for "https://support.mozilla.org/kb/captive-portal"  	[MsgId: MERR-35196]
End auto log messages stack.	[MsgId: MMSG-10544]

Start auto log messages stack - Iteration 535.	[MsgId: MMSG-10545]
Starting action Action.	[MsgId: MMSG-15919]
Action.c(4): web_url("canonical.html") started  	[MsgId: MMSG-26355]
Action.c(4): Detected non-resource "https://support.mozilla.org/kb/captive-portal" in "http://detectportal.firefox.com/canonical.html"  	[MsgId: MMSG-26573]
Action.c(4): Error -35196: HTTP Status-Code=429 (Retry With) for "https://support.mozilla.org/kb/captive-portal"  	[MsgId: MERR-35196]
End auto log messages stack.	[MsgId: MMSG-10544]

Start auto log messages stack - Iteration 536.	[MsgId: MMSG-10545]
Starting action Action.	[MsgId: MMSG-15919]
Action.c(4): web_url("canonical.html") started  	[MsgId: MMSG-26355]
Action.c(4): Detected non-resource "https://support.mozilla.org/kb/captive-portal" in "http://detectportal.firefox.com/canonical.html"  	[MsgId: MMSG-26573]
Action.c(4): Error -35196: HTTP Status-Code=429 (Retry With) for "https://support.mozilla.org/kb/captive-portal"  	[MsgId: MERR-35196]
End auto log messages stack.	[MsgId: MMSG-10544]

Start auto log messages stack - Iteration 537.	[MsgId: MMSG-10545]
Starting action Action.	[MsgId: MMSG-15919]
Action.c(4): web_url("canonical.html") started  	[MsgId: MMSG-26355]
Action.c(4): Detected non-resource "https://support.mozilla.org/kb/captive-portal" in "http://detectportal.firefox.com/canonical.html"  	[MsgId: MMSG-26573]
Action.c(4): Error -35196: HTTP Status-Code=429 (Retry With) for "https://support.mozilla.org/kb/captive-portal"  	[MsgId: MERR-35196]
End auto log messages stack.	[MsgId: MMSG-10544]

Start auto log messages stack - Iteration 538.	[MsgId: MMSG-10545]
Starting action Action.	[MsgId: MMSG-15919]
Action.c(4): web_url("canonical.html") started  	[MsgId: MMSG-26355]
Action.c(4): Detected non-resource "https://support.mozilla.org/kb/captive-portal" in "http://detectportal.firefox.com/canonical.html"  	[MsgId: MMSG-26573]
Action.c(4): Error -35196: HTTP Status-Code=429 (Retry With) for "https://support.mozilla.org/kb/captive-portal"  	[MsgId: MERR-35196]
End auto log messages stack.	[MsgId: MMSG-10544]

Start auto log messages stack - Iteration 539.	[MsgId: MMSG-10545]
Starting action Action.	[MsgId: MMSG-15919]
Action.c(4): web_url("canonical.html") started  	[MsgId: MMSG-26355]
Action.c(4): Detected non-resource "https://support.mozilla.org/kb/captive-portal" in "http://detectportal.firefox.com/canonical.html"  	[MsgId: MMSG-26573]
Action.c(4): Error -35196: HTTP Status-Code=429 (Retry With) for "https://support.mozilla.org/kb/captive-portal"  	[MsgId: MERR-35196]
End auto log messages stack.	[MsgId: MMSG-10544]

Start auto log messages stack - Iteration 540.	[MsgId: MMSG-10545]
Starting action Action.	[MsgId: MMSG-15919]
Action.c(4): web_url("canonical.html") started  	[MsgId: MMSG-26355]
Action.c(4): Detected non-resource "https://support.mozilla.org/kb/captive-portal" in "http://detectportal.firefox.com/canonical.html"  	[MsgId: MMSG-26573]
Action.c(4): Error -35196: HTTP Status-Code=429 (Retry With) for "https://support.mozilla.org/kb/captive-portal"  	[MsgId: MERR-35196]
End auto log messages stack.	[MsgId: MMSG-10544]

Start auto log messages stack - Iteration 541.	[MsgId: MMSG-10545]
Starting action Action.	[MsgId: MMSG-15919]
Action.c(4): web_url("canonical.html") started  	[MsgId: MMSG-26355]
Action.c(4): Detected non-resource "https://support.mozilla.org/kb/captive-portal" in "http://detectportal.firefox.com/canonical.html"  	[MsgId: MMSG-26573]
Action.c(4): Error -35196: HTTP Status-Code=429 (Retry With) for "https://support.mozilla.org/kb/captive-portal"  	[MsgId: MERR-35196]
End auto log messages stack.	[MsgId: MMSG-10544]

Start auto log messages stack - Iteration 542.	[MsgId: MMSG-10545]
Starting action Action.	[MsgId: MMSG-15919]
Action.c(4): web_url("canonical.html") started  	[MsgId: MMSG-26355]
Action.c(4): Detected non-resource "https://support.mozilla.org/kb/captive-portal" in "http://detectportal.firefox.com/canonical.html"  	[MsgId: MMSG-26573]
Action.c(4): Error -35196: HTTP Status-Code=429 (Retry With) for "https://support.mozilla.org/kb/captive-portal"  	[MsgId: MERR-35196]
End auto log messages stack.	[MsgId: MMSG-10544]

Start auto log messages stack - Iteration 543.	[MsgId: MMSG-10545]
Starting action Action.	[MsgId: MMSG-15919]
Action.c(4): web_url("canonical.html") started  	[MsgId: MMSG-26355]
Action.c(4): Detected non-resource "https://support.mozilla.org/kb/captive-portal" in "http://detectportal.firefox.com/canonical.html"  	[MsgId: MMSG-26573]
Action.c(4): Error -35196: HTTP Status-Code=429 (Retry With) for "https://support.mozilla.org/kb/captive-portal"  	[MsgId: MERR-35196]
End auto log messages stack.	[MsgId: MMSG-10544]

Start auto log messages stack - Iteration 544.	[MsgId: MMSG-10545]
Starting action Action.	[MsgId: MMSG-15919]
Action.c(4): web_url("canonical.html") started  	[MsgId: MMSG-26355]
Action.c(4): Detected non-resource "https://support.mozilla.org/kb/captive-portal" in "http://detectportal.firefox.com/canonical.html"  	[MsgId: MMSG-26573]
Action.c(4): Error -35196: HTTP Status-Code=429 (Retry With) for "https://support.mozilla.org/kb/captive-portal"  	[MsgId: MERR-35196]
End auto log messages stack.	[MsgId: MMSG-10544]

Start auto log messages stack - Iteration 545.	[MsgId: MMSG-10545]
Starting action Action.	[MsgId: MMSG-15919]
Action.c(4): web_url("canonical.html") started  	[MsgId: MMSG-26355]
Action.c(4): Detected non-resource "https://support.mozilla.org/kb/captive-portal" in "http://detectportal.firefox.com/canonical.html"  	[MsgId: MMSG-26573]
Action.c(4): Error -35196: HTTP Status-Code=429 (Retry With) for "https://support.mozilla.org/kb/captive-portal"  	[MsgId: MERR-35196]
End auto log messages stack.	[MsgId: MMSG-10544]

Start auto log messages stack - Iteration 546.	[MsgId: MMSG-10545]
Starting action Action.	[MsgId: MMSG-15919]
Action.c(4): web_url("canonical.html") started  	[MsgId: MMSG-26355]
Action.c(4): Detected non-resource "https://support.mozilla.org/kb/captive-portal" in "http://detectportal.firefox.com/canonical.html"  	[MsgId: MMSG-26573]
Action.c(4): Error -35196: HTTP Status-Code=429 (Retry With) for "https://support.mozilla.org/kb/captive-portal"  	[MsgId: MERR-35196]
End auto log messages stack.	[MsgId: MMSG-10544]

Start auto log messages stack - Iteration 547.	[MsgId: MMSG-10545]
Starting action Action.	[MsgId: MMSG-15919]
Action.c(4): web_url("canonical.html") started  	[MsgId: MMSG-26355]
Action.c(4): Detected non-resource "https://support.mozilla.org/kb/captive-portal" in "http://detectportal.firefox.com/canonical.html"  	[MsgId: MMSG-26573]
Action.c(4): Error -35196: HTTP Status-Code=429 (Retry With) for "https://support.mozilla.org/kb/captive-portal"  	[MsgId: MERR-35196]
End auto log messages stack.	[MsgId: MMSG-10544]

Start auto log messages stack - Iteration 548.	[MsgId: MMSG-10545]
Starting action Action.	[MsgId: MMSG-15919]
Action.c(4): web_url("canonical.html") started  	[MsgId: MMSG-26355]
Action.c(4): Detected non-resource "https://support.mozilla.org/kb/captive-portal" in "http://detectportal.firefox.com/canonical.html"  	[MsgId: MMSG-26573]
Action.c(4): Error -35196: HTTP Status-Code=429 (Retry With) for "https://support.mozilla.org/kb/captive-portal"  	[MsgId: MERR-35196]
End auto log messages stack.	[MsgId: MMSG-10544]

Start auto log messages stack - Iteration 549.	[MsgId: MMSG-10545]
Starting action Action.	[MsgId: MMSG-15919]
Action.c(4): web_url("canonical.html") started  	[MsgId: MMSG-26355]
Action.c(4): Detected non-resource "https://support.mozilla.org/kb/captive-portal" in "http://detectportal.firefox.com/canonical.html"  	[MsgId: MMSG-26573]
Action.c(4): Error -35196: HTTP Status-Code=429 (Retry With) for "https://support.mozilla.org/kb/captive-portal"  	[MsgId: MERR-35196]
End auto log messages stack.	[MsgId: MMSG-10544]

Start auto log messages stack - Iteration 550.	[MsgId: MMSG-10545]
Starting action Action.	[MsgId: MMSG-15919]
Action.c(4): web_url("canonical.html") started  	[MsgId: MMSG-26355]
Action.c(4): Detected non-resource "https://support.mozilla.org/kb/captive-portal" in "http://detectportal.firefox.com/canonical.html"  	[MsgId: MMSG-26573]
Action.c(4): Error -35196: HTTP Status-Code=429 (Retry With) for "https://support.mozilla.org/kb/captive-portal"  	[MsgId: MERR-35196]
End auto log messages stack.	[MsgId: MMSG-10544]

Start auto log messages stack - Iteration 551.	[MsgId: MMSG-10545]
Starting action Action.	[MsgId: MMSG-15919]
Action.c(4): web_url("canonical.html") started  	[MsgId: MMSG-26355]
Action.c(4): Detected non-resource "https://support.mozilla.org/kb/captive-portal" in "http://detectportal.firefox.com/canonical.html"  	[MsgId: MMSG-26573]
Action.c(4): Error -35196: HTTP Status-Code=429 (Retry With) for "https://support.mozilla.org/kb/captive-portal"  	[MsgId: MERR-35196]
End auto log messages stack.	[MsgId: MMSG-10544]

Start auto log messages stack - Iteration 552.	[MsgId: MMSG-10545]
Starting action Action.	[MsgId: MMSG-15919]
Action.c(4): web_url("canonical.html") started  	[MsgId: MMSG-26355]
Action.c(4): Detected non-resource "https://support.mozilla.org/kb/captive-portal" in "http://detectportal.firefox.com/canonical.html"  	[MsgId: MMSG-26573]
Action.c(4): Error -35196: HTTP Status-Code=429 (Retry With) for "https://support.mozilla.org/kb/captive-portal"  	[MsgId: MERR-35196]
End auto log messages stack.	[MsgId: MMSG-10544]

Start auto log messages stack - Iteration 553.	[MsgId: MMSG-10545]
Starting action Action.	[MsgId: MMSG-15919]
Action.c(4): web_url("canonical.html") started  	[MsgId: MMSG-26355]
Action.c(4): Detected non-resource "https://support.mozilla.org/kb/captive-portal" in "http://detectportal.firefox.com/canonical.html"  	[MsgId: MMSG-26573]
Action.c(4): Error -35196: HTTP Status-Code=429 (Retry With) for "https://support.mozilla.org/kb/captive-portal"  	[MsgId: MERR-35196]
End auto log messages stack.	[MsgId: MMSG-10544]

Start auto log messages stack - Iteration 554.	[MsgId: MMSG-10545]
Starting action Action.	[MsgId: MMSG-15919]
Action.c(4): web_url("canonical.html") started  	[MsgId: MMSG-26355]
Action.c(4): Detected non-resource "https://support.mozilla.org/kb/captive-portal" in "http://detectportal.firefox.com/canonical.html"  	[MsgId: MMSG-26573]
Action.c(4): Error -35196: HTTP Status-Code=429 (Retry With) for "https://support.mozilla.org/kb/captive-portal"  	[MsgId: MERR-35196]
End auto log messages stack.	[MsgId: MMSG-10544]

Start auto log messages stack - Iteration 555.	[MsgId: MMSG-10545]
Starting action Action.	[MsgId: MMSG-15919]
Action.c(4): web_url("canonical.html") started  	[MsgId: MMSG-26355]
Action.c(4): Detected non-resource "https://support.mozilla.org/kb/captive-portal" in "http://detectportal.firefox.com/canonical.html"  	[MsgId: MMSG-26573]
Action.c(4): Error -35196: HTTP Status-Code=429 (Retry With) for "https://support.mozilla.org/kb/captive-portal"  	[MsgId: MERR-35196]
End auto log messages stack.	[MsgId: MMSG-10544]

Start auto log messages stack - Iteration 556.	[MsgId: MMSG-10545]
Starting action Action.	[MsgId: MMSG-15919]
Action.c(4): web_url("canonical.html") started  	[MsgId: MMSG-26355]
Action.c(4): Detected non-resource "https://support.mozilla.org/kb/captive-portal" in "http://detectportal.firefox.com/canonical.html"  	[MsgId: MMSG-26573]
Action.c(4): Error -35196: HTTP Status-Code=429 (Retry With) for "https://support.mozilla.org/kb/captive-portal"  	[MsgId: MERR-35196]
End auto log messages stack.	[MsgId: MMSG-10544]

Start auto log messages stack - Iteration 557.	[MsgId: MMSG-10545]
Starting action Action.	[MsgId: MMSG-15919]
Action.c(4): web_url("canonical.html") started  	[MsgId: MMSG-26355]
Action.c(4): Detected non-resource "https://support.mozilla.org/kb/captive-portal" in "http://detectportal.firefox.com/canonical.html"  	[MsgId: MMSG-26573]
Action.c(4): Error -35196: HTTP Status-Code=429 (Retry With) for "https://support.mozilla.org/kb/captive-portal"  	[MsgId: MERR-35196]
End auto log messages stack.	[MsgId: MMSG-10544]

Start auto log messages stack - Iteration 558.	[MsgId: MMSG-10545]
Starting action Action.	[MsgId: MMSG-15919]
Action.c(4): web_url("canonical.html") started  	[MsgId: MMSG-26355]
Action.c(4): Detected non-resource "https://support.mozilla.org/kb/captive-portal" in "http://detectportal.firefox.com/canonical.html"  	[MsgId: MMSG-26573]
Action.c(4): Error -35196: HTTP Status-Code=429 (Retry With) for "https://support.mozilla.org/kb/captive-portal"  	[MsgId: MERR-35196]
End auto log messages stack.	[MsgId: MMSG-10544]

Start auto log messages stack - Iteration 559.	[MsgId: MMSG-10545]
Starting action Action.	[MsgId: MMSG-15919]
Action.c(4): web_url("canonical.html") started  	[MsgId: MMSG-26355]
Action.c(4): Detected non-resource "https://support.mozilla.org/kb/captive-portal" in "http://detectportal.firefox.com/canonical.html"  	[MsgId: MMSG-26573]
Action.c(4): Error -35196: HTTP Status-Code=429 (Retry With) for "https://support.mozilla.org/kb/captive-portal"  	[MsgId: MERR-35196]
End auto log messages stack.	[MsgId: MMSG-10544]

Start auto log messages stack - Iteration 560.	[MsgId: MMSG-10545]
Starting action Action.	[MsgId: MMSG-15919]
Action.c(4): web_url("canonical.html") started  	[MsgId: MMSG-26355]
Action.c(4): Detected non-resource "https://support.mozilla.org/kb/captive-portal" in "http://detectportal.firefox.com/canonical.html"  	[MsgId: MMSG-26573]
Action.c(4): Error -35196: HTTP Status-Code=429 (Retry With) for "https://support.mozilla.org/kb/captive-portal"  	[MsgId: MERR-35196]
End auto log messages stack.	[MsgId: MMSG-10544]

Start auto log messages stack - Iteration 561.	[MsgId: MMSG-10545]
Starting action Action.	[MsgId: MMSG-15919]
Action.c(4): web_url("canonical.html") started  	[MsgId: MMSG-26355]
Action.c(4): Detected non-resource "https://support.mozilla.org/kb/captive-portal" in "http://detectportal.firefox.com/canonical.html"  	[MsgId: MMSG-26573]
Action.c(4): Error -35196: HTTP Status-Code=429 (Retry With) for "https://support.mozilla.org/kb/captive-portal"  	[MsgId: MERR-35196]
End auto log messages stack.	[MsgId: MMSG-10544]

Start auto log messages stack - Iteration 562.	[MsgId: MMSG-10545]
Starting action Action.	[MsgId: MMSG-15919]
Action.c(4): web_url("canonical.html") started  	[MsgId: MMSG-26355]
Action.c(4): Detected non-resource "https://support.mozilla.org/kb/captive-portal" in "http://detectportal.firefox.com/canonical.html"  	[MsgId: MMSG-26573]
Action.c(4): Error -35196: HTTP Status-Code=429 (Retry With) for "https://support.mozilla.org/kb/captive-portal"  	[MsgId: MERR-35196]
End auto log messages stack.	[MsgId: MMSG-10544]

Start auto log messages stack - Iteration 563.	[MsgId: MMSG-10545]
Starting action Action.	[MsgId: MMSG-15919]
Action.c(4): web_url("canonical.html") started  	[MsgId: MMSG-26355]
Action.c(4): Detected non-resource "https://support.mozilla.org/kb/captive-portal" in "http://detectportal.firefox.com/canonical.html"  	[MsgId: MMSG-26573]
Action.c(4): Error -35196: HTTP Status-Code=429 (Retry With) for "https://support.mozilla.org/kb/captive-portal"  	[MsgId: MERR-35196]
End auto log messages stack.	[MsgId: MMSG-10544]

Start auto log messages stack - Iteration 564.	[MsgId: MMSG-10545]
Starting action Action.	[MsgId: MMSG-15919]
Action.c(4): web_url("canonical.html") started  	[MsgId: MMSG-26355]
Action.c(4): Detected non-resource "https://support.mozilla.org/kb/captive-portal" in "http://detectportal.firefox.com/canonical.html"  	[MsgId: MMSG-26573]
Action.c(4): Error -35196: HTTP Status-Code=429 (Retry With) for "https://support.mozilla.org/kb/captive-portal"  	[MsgId: MERR-35196]
End auto log messages stack.	[MsgId: MMSG-10544]

Start auto log messages stack - Iteration 565.	[MsgId: MMSG-10545]
Starting action Action.	[MsgId: MMSG-15919]
Action.c(4): web_url("canonical.html") started  	[MsgId: MMSG-26355]
Action.c(4): Detected non-resource "https://support.mozilla.org/kb/captive-portal" in "http://detectportal.firefox.com/canonical.html"  	[MsgId: MMSG-26573]
Action.c(4): Error -35196: HTTP Status-Code=429 (Retry With) for "https://support.mozilla.org/kb/captive-portal"  	[MsgId: MERR-35196]
End auto log messages stack.	[MsgId: MMSG-10544]

Start auto log messages stack - Iteration 566.	[MsgId: MMSG-10545]
Starting action Action.	[MsgId: MMSG-15919]
Action.c(4): web_url("canonical.html") started  	[MsgId: MMSG-26355]
Action.c(4): Detected non-resource "https://support.mozilla.org/kb/captive-portal" in "http://detectportal.firefox.com/canonical.html"  	[MsgId: MMSG-26573]
Action.c(4): Error -35196: HTTP Status-Code=429 (Retry With) for "https://support.mozilla.org/kb/captive-portal"  	[MsgId: MERR-35196]
End auto log messages stack.	[MsgId: MMSG-10544]

Start auto log messages stack - Iteration 567.	[MsgId: MMSG-10545]
Starting action Action.	[MsgId: MMSG-15919]
Action.c(4): web_url("canonical.html") started  	[MsgId: MMSG-26355]
Action.c(4): Detected non-resource "https://support.mozilla.org/kb/captive-portal" in "http://detectportal.firefox.com/canonical.html"  	[MsgId: MMSG-26573]
Action.c(4): Error -35196: HTTP Status-Code=429 (Retry With) for "https://support.mozilla.org/kb/captive-portal"  	[MsgId: MERR-35196]
End auto log messages stack.	[MsgId: MMSG-10544]

Start auto log messages stack - Iteration 568.	[MsgId: MMSG-10545]
Starting action Action.	[MsgId: MMSG-15919]
Action.c(4): web_url("canonical.html") started  	[MsgId: MMSG-26355]
Action.c(4): Detected non-resource "https://support.mozilla.org/kb/captive-portal" in "http://detectportal.firefox.com/canonical.html"  	[MsgId: MMSG-26573]
Action.c(4): Error -35196: HTTP Status-Code=429 (Retry With) for "https://support.mozilla.org/kb/captive-portal"  	[MsgId: MERR-35196]
End auto log messages stack.	[MsgId: MMSG-10544]

Start auto log messages stack - Iteration 569.	[MsgId: MMSG-10545]
Starting action Action.	[MsgId: MMSG-15919]
Action.c(4): web_url("canonical.html") started  	[MsgId: MMSG-26355]
Action.c(4): Detected non-resource "https://support.mozilla.org/kb/captive-portal" in "http://detectportal.firefox.com/canonical.html"  	[MsgId: MMSG-26573]
Action.c(4): Error -35196: HTTP Status-Code=429 (Retry With) for "https://support.mozilla.org/kb/captive-portal"  	[MsgId: MERR-35196]
End auto log messages stack.	[MsgId: MMSG-10544]

Start auto log messages stack - Iteration 570.	[MsgId: MMSG-10545]
Starting action Action.	[MsgId: MMSG-15919]
Action.c(4): web_url("canonical.html") started  	[MsgId: MMSG-26355]
Action.c(4): Detected non-resource "https://support.mozilla.org/kb/captive-portal" in "http://detectportal.firefox.com/canonical.html"  	[MsgId: MMSG-26573]
Action.c(4): Error -35196: HTTP Status-Code=429 (Retry With) for "https://support.mozilla.org/kb/captive-portal"  	[MsgId: MERR-35196]
End auto log messages stack.	[MsgId: MMSG-10544]

Start auto log messages stack - Iteration 571.	[MsgId: MMSG-10545]
Starting action Action.	[MsgId: MMSG-15919]
Action.c(4): web_url("canonical.html") started  	[MsgId: MMSG-26355]
Action.c(4): Detected non-resource "https://support.mozilla.org/kb/captive-portal" in "http://detectportal.firefox.com/canonical.html"  	[MsgId: MMSG-26573]
Action.c(4): Error -35196: HTTP Status-Code=429 (Retry With) for "https://support.mozilla.org/kb/captive-portal"  	[MsgId: MERR-35196]
End auto log messages stack.	[MsgId: MMSG-10544]

Start auto log messages stack - Iteration 572.	[MsgId: MMSG-10545]
Starting action Action.	[MsgId: MMSG-15919]
Action.c(4): web_url("canonical.html") started  	[MsgId: MMSG-26355]
Action.c(4): Detected non-resource "https://support.mozilla.org/kb/captive-portal" in "http://detectportal.firefox.com/canonical.html"  	[MsgId: MMSG-26573]
Action.c(4): Error -35196: HTTP Status-Code=429 (Retry With) for "https://support.mozilla.org/kb/captive-portal"  	[MsgId: MERR-35196]
End auto log messages stack.	[MsgId: MMSG-10544]

Start auto log messages stack - Iteration 573.	[MsgId: MMSG-10545]
Starting action Action.	[MsgId: MMSG-15919]
Action.c(4): web_url("canonical.html") started  	[MsgId: MMSG-26355]
Action.c(4): Detected non-resource "https://support.mozilla.org/kb/captive-portal" in "http://detectportal.firefox.com/canonical.html"  	[MsgId: MMSG-26573]
Action.c(4): Error -35196: HTTP Status-Code=429 (Retry With) for "https://support.mozilla.org/kb/captive-portal"  	[MsgId: MERR-35196]
End auto log messages stack.	[MsgId: MMSG-10544]

Start auto log messages stack - Iteration 574.	[MsgId: MMSG-10545]
Starting action Action.	[MsgId: MMSG-15919]
Action.c(4): web_url("canonical.html") started  	[MsgId: MMSG-26355]
Action.c(4): Detected non-resource "https://support.mozilla.org/kb/captive-portal" in "http://detectportal.firefox.com/canonical.html"  	[MsgId: MMSG-26573]
Action.c(4): Error -35196: HTTP Status-Code=429 (Retry With) for "https://support.mozilla.org/kb/captive-portal"  	[MsgId: MERR-35196]
End auto log messages stack.	[MsgId: MMSG-10544]

Start auto log messages stack - Iteration 575.	[MsgId: MMSG-10545]
Starting action Action.	[MsgId: MMSG-15919]
Action.c(4): web_url("canonical.html") started  	[MsgId: MMSG-26355]
Action.c(4): Detected non-resource "https://support.mozilla.org/kb/captive-portal" in "http://detectportal.firefox.com/canonical.html"  	[MsgId: MMSG-26573]
Action.c(4): Error -35196: HTTP Status-Code=429 (Retry With) for "https://support.mozilla.org/kb/captive-portal"  	[MsgId: MERR-35196]
End auto log messages stack.	[MsgId: MMSG-10544]

Start auto log messages stack - Iteration 576.	[MsgId: MMSG-10545]
Starting action Action.	[MsgId: MMSG-15919]
Action.c(4): web_url("canonical.html") started  	[MsgId: MMSG-26355]
Action.c(4): Detected non-resource "https://support.mozilla.org/kb/captive-portal" in "http://detectportal.firefox.com/canonical.html"  	[MsgId: MMSG-26573]
Action.c(4): Error -35196: HTTP Status-Code=429 (Retry With) for "https://support.mozilla.org/kb/captive-portal"  	[MsgId: MERR-35196]
End auto log messages stack.	[MsgId: MMSG-10544]

Start auto log messages stack - Iteration 577.	[MsgId: MMSG-10545]
Starting action Action.	[MsgId: MMSG-15919]
Action.c(4): web_url("canonical.html") started  	[MsgId: MMSG-26355]
Action.c(4): Detected non-resource "https://support.mozilla.org/kb/captive-portal" in "http://detectportal.firefox.com/canonical.html"  	[MsgId: MMSG-26573]
Action.c(4): Error -35196: HTTP Status-Code=429 (Retry With) for "https://support.mozilla.org/kb/captive-portal"  	[MsgId: MERR-35196]
End auto log messages stack.	[MsgId: MMSG-10544]

Start auto log messages stack - Iteration 578.	[MsgId: MMSG-10545]
Starting action Action.	[MsgId: MMSG-15919]
Action.c(4): web_url("canonical.html") started  	[MsgId: MMSG-26355]
Action.c(4): Detected non-resource "https://support.mozilla.org/kb/captive-portal" in "http://detectportal.firefox.com/canonical.html"  	[MsgId: MMSG-26573]
Action.c(4): Error -35196: HTTP Status-Code=429 (Retry With) for "https://support.mozilla.org/kb/captive-portal"  	[MsgId: MERR-35196]
End auto log messages stack.	[MsgId: MMSG-10544]

Start auto log messages stack - Iteration 579.	[MsgId: MMSG-10545]
Starting action Action.	[MsgId: MMSG-15919]
Action.c(4): web_url("canonical.html") started  	[MsgId: MMSG-26355]
Action.c(4): Detected non-resource "https://support.mozilla.org/kb/captive-portal" in "http://detectportal.firefox.com/canonical.html"  	[MsgId: MMSG-26573]
Action.c(4): Error -35196: HTTP Status-Code=429 (Retry With) for "https://support.mozilla.org/kb/captive-portal"  	[MsgId: MERR-35196]
End auto log messages stack.	[MsgId: MMSG-10544]

Start auto log messages stack - Iteration 580.	[MsgId: MMSG-10545]
Starting action Action.	[MsgId: MMSG-15919]
Action.c(4): web_url("canonical.html") started  	[MsgId: MMSG-26355]
Action.c(4): Detected non-resource "https://support.mozilla.org/kb/captive-portal" in "http://detectportal.firefox.com/canonical.html"  	[MsgId: MMSG-26573]
Action.c(4): Error -35196: HTTP Status-Code=429 (Retry With) for "https://support.mozilla.org/kb/captive-portal"  	[MsgId: MERR-35196]
End auto log messages stack.	[MsgId: MMSG-10544]

Start auto log messages stack - Iteration 581.	[MsgId: MMSG-10545]
Starting action Action.	[MsgId: MMSG-15919]
Action.c(4): web_url("canonical.html") started  	[MsgId: MMSG-26355]
Action.c(4): Detected non-resource "https://support.mozilla.org/kb/captive-portal" in "http://detectportal.firefox.com/canonical.html"  	[MsgId: MMSG-26573]
Action.c(4): Error -35196: HTTP Status-Code=429 (Retry With) for "https://support.mozilla.org/kb/captive-portal"  	[MsgId: MERR-35196]
End auto log messages stack.	[MsgId: MMSG-10544]

Start auto log messages stack - Iteration 582.	[MsgId: MMSG-10545]
Starting action Action.	[MsgId: MMSG-15919]
Action.c(4): web_url("canonical.html") started  	[MsgId: MMSG-26355]
Action.c(4): Detected non-resource "https://support.mozilla.org/kb/captive-portal" in "http://detectportal.firefox.com/canonical.html"  	[MsgId: MMSG-26573]
Action.c(4): Error -35196: HTTP Status-Code=429 (Retry With) for "https://support.mozilla.org/kb/captive-portal"  	[MsgId: MERR-35196]
End auto log messages stack.	[MsgId: MMSG-10544]

Start auto log messages stack - Iteration 583.	[MsgId: MMSG-10545]
Starting action Action.	[MsgId: MMSG-15919]
Action.c(4): web_url("canonical.html") started  	[MsgId: MMSG-26355]
Action.c(4): Detected non-resource "https://support.mozilla.org/kb/captive-portal" in "http://detectportal.firefox.com/canonical.html"  	[MsgId: MMSG-26573]
Action.c(4): Error -35196: HTTP Status-Code=429 (Retry With) for "https://support.mozilla.org/kb/captive-portal"  	[MsgId: MERR-35196]
End auto log messages stack.	[MsgId: MMSG-10544]

Start auto log messages stack - Iteration 584.	[MsgId: MMSG-10545]
Starting action Action.	[MsgId: MMSG-15919]
Action.c(4): web_url("canonical.html") started  	[MsgId: MMSG-26355]
Action.c(4): Detected non-resource "https://support.mozilla.org/kb/captive-portal" in "http://detectportal.firefox.com/canonical.html"  	[MsgId: MMSG-26573]
Action.c(4): Error -35196: HTTP Status-Code=429 (Retry With) for "https://support.mozilla.org/kb/captive-portal"  	[MsgId: MERR-35196]
End auto log messages stack.	[MsgId: MMSG-10544]

Start auto log messages stack - Iteration 585.	[MsgId: MMSG-10545]
Starting action Action.	[MsgId: MMSG-15919]
Action.c(4): web_url("canonical.html") started  	[MsgId: MMSG-26355]
Action.c(4): Detected non-resource "https://support.mozilla.org/kb/captive-portal" in "http://detectportal.firefox.com/canonical.html"  	[MsgId: MMSG-26573]
Action.c(4): Error -35196: HTTP Status-Code=429 (Retry With) for "https://support.mozilla.org/kb/captive-portal"  	[MsgId: MERR-35196]
End auto log messages stack.	[MsgId: MMSG-10544]

Start auto log messages stack - Iteration 586.	[MsgId: MMSG-10545]
Starting action Action.	[MsgId: MMSG-15919]
Action.c(4): web_url("canonical.html") started  	[MsgId: MMSG-26355]
Action.c(4): Detected non-resource "https://support.mozilla.org/kb/captive-portal" in "http://detectportal.firefox.com/canonical.html"  	[MsgId: MMSG-26573]
Action.c(4): Error -35196: HTTP Status-Code=429 (Retry With) for "https://support.mozilla.org/kb/captive-portal"  	[MsgId: MERR-35196]
End auto log messages stack.	[MsgId: MMSG-10544]

Start auto log messages stack - Iteration 587.	[MsgId: MMSG-10545]
Starting action Action.	[MsgId: MMSG-15919]
Action.c(4): web_url("canonical.html") started  	[MsgId: MMSG-26355]
Action.c(4): Detected non-resource "https://support.mozilla.org/kb/captive-portal" in "http://detectportal.firefox.com/canonical.html"  	[MsgId: MMSG-26573]
Action.c(4): Error -35196: HTTP Status-Code=429 (Retry With) for "https://support.mozilla.org/kb/captive-portal"  	[MsgId: MERR-35196]
End auto log messages stack.	[MsgId: MMSG-10544]

Start auto log messages stack - Iteration 588.	[MsgId: MMSG-10545]
Starting action Action.	[MsgId: MMSG-15919]
Action.c(4): web_url("canonical.html") started  	[MsgId: MMSG-26355]
Action.c(4): Detected non-resource "https://support.mozilla.org/kb/captive-portal" in "http://detectportal.firefox.com/canonical.html"  	[MsgId: MMSG-26573]
Action.c(4): Error -35196: HTTP Status-Code=429 (Retry With) for "https://support.mozilla.org/kb/captive-portal"  	[MsgId: MERR-35196]
End auto log messages stack.	[MsgId: MMSG-10544]

Start auto log messages stack - Iteration 589.	[MsgId: MMSG-10545]
Starting action Action.	[MsgId: MMSG-15919]
Action.c(4): web_url("canonical.html") started  	[MsgId: MMSG-26355]
Action.c(4): Detected non-resource "https://support.mozilla.org/kb/captive-portal" in "http://detectportal.firefox.com/canonical.html"  	[MsgId: MMSG-26573]
Action.c(4): Error -35196: HTTP Status-Code=429 (Retry With) for "https://support.mozilla.org/kb/captive-portal"  	[MsgId: MERR-35196]
End auto log messages stack.	[MsgId: MMSG-10544]

Start auto log messages stack - Iteration 590.	[MsgId: MMSG-10545]
Starting action Action.	[MsgId: MMSG-15919]
Action.c(4): web_url("canonical.html") started  	[MsgId: MMSG-26355]
Action.c(4): Detected non-resource "https://support.mozilla.org/kb/captive-portal" in "http://detectportal.firefox.com/canonical.html"  	[MsgId: MMSG-26573]
Action.c(4): Error -35196: HTTP Status-Code=429 (Retry With) for "https://support.mozilla.org/kb/captive-portal"  	[MsgId: MERR-35196]
End auto log messages stack.	[MsgId: MMSG-10544]

Start auto log messages stack - Iteration 591.	[MsgId: MMSG-10545]
Starting action Action.	[MsgId: MMSG-15919]
Action.c(4): web_url("canonical.html") started  	[MsgId: MMSG-26355]
Action.c(4): Detected non-resource "https://support.mozilla.org/kb/captive-portal" in "http://detectportal.firefox.com/canonical.html"  	[MsgId: MMSG-26573]
Action.c(4): Error -35196: HTTP Status-Code=429 (Retry With) for "https://support.mozilla.org/kb/captive-portal"  	[MsgId: MERR-35196]
End auto log messages stack.	[MsgId: MMSG-10544]

Start auto log messages stack - Iteration 592.	[MsgId: MMSG-10545]
Starting action Action.	[MsgId: MMSG-15919]
Action.c(4): web_url("canonical.html") started  	[MsgId: MMSG-26355]
Action.c(4): Detected non-resource "https://support.mozilla.org/kb/captive-portal" in "http://detectportal.firefox.com/canonical.html"  	[MsgId: MMSG-26573]
Action.c(4): Error -35196: HTTP Status-Code=429 (Retry With) for "https://support.mozilla.org/kb/captive-portal"  	[MsgId: MERR-35196]
End auto log messages stack.	[MsgId: MMSG-10544]

Start auto log messages stack - Iteration 593.	[MsgId: MMSG-10545]
Starting action Action.	[MsgId: MMSG-15919]
Action.c(4): web_url("canonical.html") started  	[MsgId: MMSG-26355]
Action.c(4): Detected non-resource "https://support.mozilla.org/kb/captive-portal" in "http://detectportal.firefox.com/canonical.html"  	[MsgId: MMSG-26573]
Action.c(4): Error -35196: HTTP Status-Code=429 (Retry With) for "https://support.mozilla.org/kb/captive-portal"  	[MsgId: MERR-35196]
End auto log messages stack.	[MsgId: MMSG-10544]

Start auto log messages stack - Iteration 594.	[MsgId: MMSG-10545]
Starting action Action.	[MsgId: MMSG-15919]
Action.c(4): web_url("canonical.html") started  	[MsgId: MMSG-26355]
Action.c(4): Detected non-resource "https://support.mozilla.org/kb/captive-portal" in "http://detectportal.firefox.com/canonical.html"  	[MsgId: MMSG-26573]
Action.c(4): Error -35196: HTTP Status-Code=429 (Retry With) for "https://support.mozilla.org/kb/captive-portal"  	[MsgId: MERR-35196]
End auto log messages stack.	[MsgId: MMSG-10544]

Start auto log messages stack - Iteration 595.	[MsgId: MMSG-10545]
Starting action Action.	[MsgId: MMSG-15919]
Action.c(4): web_url("canonical.html") started  	[MsgId: MMSG-26355]
Action.c(4): Detected non-resource "https://support.mozilla.org/kb/captive-portal" in "http://detectportal.firefox.com/canonical.html"  	[MsgId: MMSG-26573]
Action.c(4): Error -35196: HTTP Status-Code=429 (Retry With) for "https://support.mozilla.org/kb/captive-portal"  	[MsgId: MERR-35196]
End auto log messages stack.	[MsgId: MMSG-10544]

Start auto log messages stack - Iteration 596.	[MsgId: MMSG-10545]
Starting action Action.	[MsgId: MMSG-15919]
Action.c(4): web_url("canonical.html") started  	[MsgId: MMSG-26355]
Action.c(4): Detected non-resource "https://support.mozilla.org/kb/captive-portal" in "http://detectportal.firefox.com/canonical.html"  	[MsgId: MMSG-26573]
Action.c(4): Error -35196: HTTP Status-Code=429 (Retry With) for "https://support.mozilla.org/kb/captive-portal"  	[MsgId: MERR-35196]
End auto log messages stack.	[MsgId: MMSG-10544]

Start auto log messages stack - Iteration 597.	[MsgId: MMSG-10545]
Starting action Action.	[MsgId: MMSG-15919]
Action.c(4): web_url("canonical.html") started  	[MsgId: MMSG-26355]
Action.c(4): Detected non-resource "https://support.mozilla.org/kb/captive-portal" in "http://detectportal.firefox.com/canonical.html"  	[MsgId: MMSG-26573]
Action.c(4): Error -35196: HTTP Status-Code=429 (Retry With) for "https://support.mozilla.org/kb/captive-portal"  	[MsgId: MERR-35196]
End auto log messages stack.	[MsgId: MMSG-10544]

Start auto log messages stack - Iteration 598.	[MsgId: MMSG-10545]
Starting action Action.	[MsgId: MMSG-15919]
Action.c(4): web_url("canonical.html") started  	[MsgId: MMSG-26355]
Action.c(4): Detected non-resource "https://support.mozilla.org/kb/captive-portal" in "http://detectportal.firefox.com/canonical.html"  	[MsgId: MMSG-26573]
Action.c(4): Error -35196: HTTP Status-Code=429 (Retry With) for "https://support.mozilla.org/kb/captive-portal"  	[MsgId: MERR-35196]
End auto log messages stack.	[MsgId: MMSG-10544]

Start auto log messages stack - Iteration 599.	[MsgId: MMSG-10545]
Starting action Action.	[MsgId: MMSG-15919]
Action.c(4): web_url("canonical.html") started  	[MsgId: MMSG-26355]
Action.c(4): Detected non-resource "https://support.mozilla.org/kb/captive-portal" in "http://detectportal.firefox.com/canonical.html"  	[MsgId: MMSG-26573]
Action.c(4): Error -35196: HTTP Status-Code=429 (Retry With) for "https://support.mozilla.org/kb/captive-portal"  	[MsgId: MERR-35196]
End auto log messages stack.	[MsgId: MMSG-10544]

Start auto log messages stack - Iteration 600.	[MsgId: MMSG-10545]
Starting action Action.	[MsgId: MMSG-15919]
Action.c(4): web_url("canonical.html") started  	[MsgId: MMSG-26355]
Action.c(4): Detected non-resource "https://support.mozilla.org/kb/captive-portal" in "http://detectportal.firefox.com/canonical.html"  	[MsgId: MMSG-26573]
Action.c(4): Error -35196: HTTP Status-Code=429 (Retry With) for "https://support.mozilla.org/kb/captive-portal"  	[MsgId: MERR-35196]
End auto log messages stack.	[MsgId: MMSG-10544]

Start auto log messages stack - Iteration 601.	[MsgId: MMSG-10545]
Starting action Action.	[MsgId: MMSG-15919]
Action.c(4): web_url("canonical.html") started  	[MsgId: MMSG-26355]
Action.c(4): Detected non-resource "https://support.mozilla.org/kb/captive-portal" in "http://detectportal.firefox.com/canonical.html"  	[MsgId: MMSG-26573]
Action.c(4): Error -35196: HTTP Status-Code=429 (Retry With) for "https://support.mozilla.org/kb/captive-portal"  	[MsgId: MERR-35196]
End auto log messages stack.	[MsgId: MMSG-10544]

Start auto log messages stack - Iteration 602.	[MsgId: MMSG-10545]
Starting action Action.	[MsgId: MMSG-15919]
Action.c(4): web_url("canonical.html") started  	[MsgId: MMSG-26355]
Action.c(4): Detected non-resource "https://support.mozilla.org/kb/captive-portal" in "http://detectportal.firefox.com/canonical.html"  	[MsgId: MMSG-26573]
Action.c(4): Error -35196: HTTP Status-Code=429 (Retry With) for "https://support.mozilla.org/kb/captive-portal"  	[MsgId: MERR-35196]
End auto log messages stack.	[MsgId: MMSG-10544]

Start auto log messages stack - Iteration 603.	[MsgId: MMSG-10545]
Starting action Action.	[MsgId: MMSG-15919]
Action.c(4): web_url("canonical.html") started  	[MsgId: MMSG-26355]
Action.c(4): Detected non-resource "https://support.mozilla.org/kb/captive-portal" in "http://detectportal.firefox.com/canonical.html"  	[MsgId: MMSG-26573]
Action.c(4): Error -35196: HTTP Status-Code=429 (Retry With) for "https://support.mozilla.org/kb/captive-portal"  	[MsgId: MERR-35196]
End auto log messages stack.	[MsgId: MMSG-10544]

Start auto log messages stack - Iteration 604.	[MsgId: MMSG-10545]
Starting action Action.	[MsgId: MMSG-15919]
Action.c(4): web_url("canonical.html") started  	[MsgId: MMSG-26355]
Action.c(4): Detected non-resource "https://support.mozilla.org/kb/captive-portal" in "http://detectportal.firefox.com/canonical.html"  	[MsgId: MMSG-26573]
Action.c(4): Error -35196: HTTP Status-Code=429 (Retry With) for "https://support.mozilla.org/kb/captive-portal"  	[MsgId: MERR-35196]
End auto log messages stack.	[MsgId: MMSG-10544]

Start auto log messages stack - Iteration 605.	[MsgId: MMSG-10545]
Starting action Action.	[MsgId: MMSG-15919]
Action.c(4): web_url("canonical.html") started  	[MsgId: MMSG-26355]
Action.c(4): Detected non-resource "https://support.mozilla.org/kb/captive-portal" in "http://detectportal.firefox.com/canonical.html"  	[MsgId: MMSG-26573]
Action.c(4): Error -35196: HTTP Status-Code=429 (Retry With) for "https://support.mozilla.org/kb/captive-portal"  	[MsgId: MERR-35196]
End auto log messages stack.	[MsgId: MMSG-10544]

Start auto log messages stack - Iteration 606.	[MsgId: MMSG-10545]
Starting action Action.	[MsgId: MMSG-15919]
Action.c(4): web_url("canonical.html") started  	[MsgId: MMSG-26355]
Action.c(4): Detected non-resource "https://support.mozilla.org/kb/captive-portal" in "http://detectportal.firefox.com/canonical.html"  	[MsgId: MMSG-26573]
Action.c(4): Error -35196: HTTP Status-Code=429 (Retry With) for "https://support.mozilla.org/kb/captive-portal"  	[MsgId: MERR-35196]
End auto log messages stack.	[MsgId: MMSG-10544]

Start auto log messages stack - Iteration 607.	[MsgId: MMSG-10545]
Starting action Action.	[MsgId: MMSG-15919]
Action.c(4): web_url("canonical.html") started  	[MsgId: MMSG-26355]
Action.c(4): Detected non-resource "https://support.mozilla.org/kb/captive-portal" in "http://detectportal.firefox.com/canonical.html"  	[MsgId: MMSG-26573]
Action.c(4): Error -35196: HTTP Status-Code=429 (Retry With) for "https://support.mozilla.org/kb/captive-portal"  	[MsgId: MERR-35196]
End auto log messages stack.	[MsgId: MMSG-10544]

Start auto log messages stack - Iteration 608.	[MsgId: MMSG-10545]
Starting action Action.	[MsgId: MMSG-15919]
Action.c(4): web_url("canonical.html") started  	[MsgId: MMSG-26355]
Action.c(4): Detected non-resource "https://support.mozilla.org/kb/captive-portal" in "http://detectportal.firefox.com/canonical.html"  	[MsgId: MMSG-26573]
Action.c(4): Error -35196: HTTP Status-Code=429 (Retry With) for "https://support.mozilla.org/kb/captive-portal"  	[MsgId: MERR-35196]
End auto log messages stack.	[MsgId: MMSG-10544]

Start auto log messages stack - Iteration 609.	[MsgId: MMSG-10545]
Starting action Action.	[MsgId: MMSG-15919]
Action.c(4): web_url("canonical.html") started  	[MsgId: MMSG-26355]
Action.c(4): Detected non-resource "https://support.mozilla.org/kb/captive-portal" in "http://detectportal.firefox.com/canonical.html"  	[MsgId: MMSG-26573]
Action.c(4): Error -35196: HTTP Status-Code=429 (Retry With) for "https://support.mozilla.org/kb/captive-portal"  	[MsgId: MERR-35196]
End auto log messages stack.	[MsgId: MMSG-10544]

Start auto log messages stack - Iteration 610.	[MsgId: MMSG-10545]
Starting action Action.	[MsgId: MMSG-15919]
Action.c(4): web_url("canonical.html") started  	[MsgId: MMSG-26355]
Action.c(4): Detected non-resource "https://support.mozilla.org/kb/captive-portal" in "http://detectportal.firefox.com/canonical.html"  	[MsgId: MMSG-26573]
Action.c(4): Error -35196: HTTP Status-Code=429 (Retry With) for "https://support.mozilla.org/kb/captive-portal"  	[MsgId: MERR-35196]
End auto log messages stack.	[MsgId: MMSG-10544]

Start auto log messages stack - Iteration 611.	[MsgId: MMSG-10545]
Starting action Action.	[MsgId: MMSG-15919]
Action.c(4): web_url("canonical.html") started  	[MsgId: MMSG-26355]
Action.c(4): Detected non-resource "https://support.mozilla.org/kb/captive-portal" in "http://detectportal.firefox.com/canonical.html"  	[MsgId: MMSG-26573]
Action.c(4): Error -35196: HTTP Status-Code=429 (Retry With) for "https://support.mozilla.org/kb/captive-portal"  	[MsgId: MERR-35196]
End auto log messages stack.	[MsgId: MMSG-10544]

Start auto log messages stack - Iteration 612.	[MsgId: MMSG-10545]
Starting action Action.	[MsgId: MMSG-15919]
Action.c(4): web_url("canonical.html") started  	[MsgId: MMSG-26355]
Action.c(4): Detected non-resource "https://support.mozilla.org/kb/captive-portal" in "http://detectportal.firefox.com/canonical.html"  	[MsgId: MMSG-26573]
Action.c(4): Error -35196: HTTP Status-Code=429 (Retry With) for "https://support.mozilla.org/kb/captive-portal"  	[MsgId: MERR-35196]
End auto log messages stack.	[MsgId: MMSG-10544]

Start auto log messages stack - Iteration 613.	[MsgId: MMSG-10545]
Starting action Action.	[MsgId: MMSG-15919]
Action.c(4): web_url("canonical.html") started  	[MsgId: MMSG-26355]
Action.c(4): Detected non-resource "https://support.mozilla.org/kb/captive-portal" in "http://detectportal.firefox.com/canonical.html"  	[MsgId: MMSG-26573]
Action.c(4): Error -35196: HTTP Status-Code=429 (Retry With) for "https://support.mozilla.org/kb/captive-portal"  	[MsgId: MERR-35196]
End auto log messages stack.	[MsgId: MMSG-10544]

Start auto log messages stack - Iteration 614.	[MsgId: MMSG-10545]
Starting action Action.	[MsgId: MMSG-15919]
Action.c(4): web_url("canonical.html") started  	[MsgId: MMSG-26355]
Action.c(4): Detected non-resource "https://support.mozilla.org/kb/captive-portal" in "http://detectportal.firefox.com/canonical.html"  	[MsgId: MMSG-26573]
Action.c(4): Error -35196: HTTP Status-Code=429 (Retry With) for "https://support.mozilla.org/kb/captive-portal"  	[MsgId: MERR-35196]
End auto log messages stack.	[MsgId: MMSG-10544]

Start auto log messages stack - Iteration 615.	[MsgId: MMSG-10545]
Starting action Action.	[MsgId: MMSG-15919]
Action.c(4): web_url("canonical.html") started  	[MsgId: MMSG-26355]
Action.c(4): Detected non-resource "https://support.mozilla.org/kb/captive-portal" in "http://detectportal.firefox.com/canonical.html"  	[MsgId: MMSG-26573]
Action.c(4): Error -35196: HTTP Status-Code=429 (Retry With) for "https://support.mozilla.org/kb/captive-portal"  	[MsgId: MERR-35196]
End auto log messages stack.	[MsgId: MMSG-10544]

Start auto log messages stack - Iteration 616.	[MsgId: MMSG-10545]
Starting action Action.	[MsgId: MMSG-15919]
Action.c(4): web_url("canonical.html") started  	[MsgId: MMSG-26355]
Action.c(4): Detected non-resource "https://support.mozilla.org/kb/captive-portal" in "http://detectportal.firefox.com/canonical.html"  	[MsgId: MMSG-26573]
Action.c(4): Error -35196: HTTP Status-Code=429 (Retry With) for "https://support.mozilla.org/kb/captive-portal"  	[MsgId: MERR-35196]
End auto log messages stack.	[MsgId: MMSG-10544]

Start auto log messages stack - Iteration 617.	[MsgId: MMSG-10545]
Starting action Action.	[MsgId: MMSG-15919]
Action.c(4): web_url("canonical.html") started  	[MsgId: MMSG-26355]
Action.c(4): Detected non-resource "https://support.mozilla.org/kb/captive-portal" in "http://detectportal.firefox.com/canonical.html"  	[MsgId: MMSG-26573]
Action.c(4): Error -35196: HTTP Status-Code=429 (Retry With) for "https://support.mozilla.org/kb/captive-portal"  	[MsgId: MERR-35196]
End auto log messages stack.	[MsgId: MMSG-10544]

Start auto log messages stack - Iteration 618.	[MsgId: MMSG-10545]
Starting action Action.	[MsgId: MMSG-15919]
Action.c(4): web_url("canonical.html") started  	[MsgId: MMSG-26355]
Action.c(4): Detected non-resource "https://support.mozilla.org/kb/captive-portal" in "http://detectportal.firefox.com/canonical.html"  	[MsgId: MMSG-26573]
Action.c(4): Error -35196: HTTP Status-Code=429 (Retry With) for "https://support.mozilla.org/kb/captive-portal"  	[MsgId: MERR-35196]
End auto log messages stack.	[MsgId: MMSG-10544]

Start auto log messages stack - Iteration 619.	[MsgId: MMSG-10545]
Starting action Action.	[MsgId: MMSG-15919]
Action.c(4): web_url("canonical.html") started  	[MsgId: MMSG-26355]
Action.c(4): Detected non-resource "https://support.mozilla.org/kb/captive-portal" in "http://detectportal.firefox.com/canonical.html"  	[MsgId: MMSG-26573]
Action.c(4): Error -35196: HTTP Status-Code=429 (Retry With) for "https://support.mozilla.org/kb/captive-portal"  	[MsgId: MERR-35196]
End auto log messages stack.	[MsgId: MMSG-10544]

Start auto log messages stack - Iteration 620.	[MsgId: MMSG-10545]
Starting action Action.	[MsgId: MMSG-15919]
Action.c(4): web_url("canonical.html") started  	[MsgId: MMSG-26355]
Action.c(4): Detected non-resource "https://support.mozilla.org/kb/captive-portal" in "http://detectportal.firefox.com/canonical.html"  	[MsgId: MMSG-26573]
Action.c(4): Error -35196: HTTP Status-Code=429 (Retry With) for "https://support.mozilla.org/kb/captive-portal"  	[MsgId: MERR-35196]
End auto log messages stack.	[MsgId: MMSG-10544]

Start auto log messages stack - Iteration 621.	[MsgId: MMSG-10545]
Starting action Action.	[MsgId: MMSG-15919]
Action.c(4): web_url("canonical.html") started  	[MsgId: MMSG-26355]
Action.c(4): Detected non-resource "https://support.mozilla.org/kb/captive-portal" in "http://detectportal.firefox.com/canonical.html"  	[MsgId: MMSG-26573]
Action.c(4): Error -35196: HTTP Status-Code=429 (Retry With) for "https://support.mozilla.org/kb/captive-portal"  	[MsgId: MERR-35196]
End auto log messages stack.	[MsgId: MMSG-10544]

Start auto log messages stack - Iteration 622.	[MsgId: MMSG-10545]
Starting action Action.	[MsgId: MMSG-15919]
Action.c(4): web_url("canonical.html") started  	[MsgId: MMSG-26355]
Action.c(4): Detected non-resource "https://support.mozilla.org/kb/captive-portal" in "http://detectportal.firefox.com/canonical.html"  	[MsgId: MMSG-26573]
Action.c(4): Error -35196: HTTP Status-Code=429 (Retry With) for "https://support.mozilla.org/kb/captive-portal"  	[MsgId: MERR-35196]
End auto log messages stack.	[MsgId: MMSG-10544]

Start auto log messages stack - Iteration 623.	[MsgId: MMSG-10545]
Starting action Action.	[MsgId: MMSG-15919]
Action.c(4): web_url("canonical.html") started  	[MsgId: MMSG-26355]
Action.c(4): Detected non-resource "https://support.mozilla.org/kb/captive-portal" in "http://detectportal.firefox.com/canonical.html"  	[MsgId: MMSG-26573]
Action.c(4): Error -35196: HTTP Status-Code=429 (Retry With) for "https://support.mozilla.org/kb/captive-portal"  	[MsgId: MERR-35196]
End auto log messages stack.	[MsgId: MMSG-10544]

Start auto log messages stack - Iteration 624.	[MsgId: MMSG-10545]
Starting action Action.	[MsgId: MMSG-15919]
Action.c(4): web_url("canonical.html") started  	[MsgId: MMSG-26355]
Action.c(4): Detected non-resource "https://support.mozilla.org/kb/captive-portal" in "http://detectportal.firefox.com/canonical.html"  	[MsgId: MMSG-26573]
Action.c(4): Error -35196: HTTP Status-Code=429 (Retry With) for "https://support.mozilla.org/kb/captive-portal"  	[MsgId: MERR-35196]
End auto log messages stack.	[MsgId: MMSG-10544]

Start auto log messages stack - Iteration 625.	[MsgId: MMSG-10545]
Starting action Action.	[MsgId: MMSG-15919]
Action.c(4): web_url("canonical.html") started  	[MsgId: MMSG-26355]
Action.c(4): Detected non-resource "https://support.mozilla.org/kb/captive-portal" in "http://detectportal.firefox.com/canonical.html"  	[MsgId: MMSG-26573]
Action.c(4): Error -35196: HTTP Status-Code=429 (Retry With) for "https://support.mozilla.org/kb/captive-portal"  	[MsgId: MERR-35196]
End auto log messages stack.	[MsgId: MMSG-10544]

Start auto log messages stack - Iteration 626.	[MsgId: MMSG-10545]
Starting action Action.	[MsgId: MMSG-15919]
Action.c(4): web_url("canonical.html") started  	[MsgId: MMSG-26355]
Action.c(4): Detected non-resource "https://support.mozilla.org/kb/captive-portal" in "http://detectportal.firefox.com/canonical.html"  	[MsgId: MMSG-26573]
Action.c(4): Error -35196: HTTP Status-Code=429 (Retry With) for "https://support.mozilla.org/kb/captive-portal"  	[MsgId: MERR-35196]
End auto log messages stack.	[MsgId: MMSG-10544]

Start auto log messages stack - Iteration 627.	[MsgId: MMSG-10545]
Starting action Action.	[MsgId: MMSG-15919]
Action.c(4): web_url("canonical.html") started  	[MsgId: MMSG-26355]
Action.c(4): Detected non-resource "https://support.mozilla.org/kb/captive-portal" in "http://detectportal.firefox.com/canonical.html"  	[MsgId: MMSG-26573]
Action.c(4): Error -35196: HTTP Status-Code=429 (Retry With) for "https://support.mozilla.org/kb/captive-portal"  	[MsgId: MERR-35196]
End auto log messages stack.	[MsgId: MMSG-10544]

Start auto log messages stack - Iteration 628.	[MsgId: MMSG-10545]
Starting action Action.	[MsgId: MMSG-15919]
Action.c(4): web_url("canonical.html") started  	[MsgId: MMSG-26355]
Action.c(4): Detected non-resource "https://support.mozilla.org/kb/captive-portal" in "http://detectportal.firefox.com/canonical.html"  	[MsgId: MMSG-26573]
Action.c(4): Error -35196: HTTP Status-Code=429 (Retry With) for "https://support.mozilla.org/kb/captive-portal"  	[MsgId: MERR-35196]
End auto log messages stack.	[MsgId: MMSG-10544]

Start auto log messages stack - Iteration 629.	[MsgId: MMSG-10545]
Starting action Action.	[MsgId: MMSG-15919]
Action.c(4): web_url("canonical.html") started  	[MsgId: MMSG-26355]
Action.c(4): Detected non-resource "https://support.mozilla.org/kb/captive-portal" in "http://detectportal.firefox.com/canonical.html"  	[MsgId: MMSG-26573]
Action.c(4): Error -35196: HTTP Status-Code=429 (Retry With) for "https://support.mozilla.org/kb/captive-portal"  	[MsgId: MERR-35196]
End auto log messages stack.	[MsgId: MMSG-10544]

Start auto log messages stack - Iteration 630.	[MsgId: MMSG-10545]
Starting action Action.	[MsgId: MMSG-15919]
Action.c(4): web_url("canonical.html") started  	[MsgId: MMSG-26355]
Action.c(4): Detected non-resource "https://support.mozilla.org/kb/captive-portal" in "http://detectportal.firefox.com/canonical.html"  	[MsgId: MMSG-26573]
Action.c(4): Error -35196: HTTP Status-Code=429 (Retry With) for "https://support.mozilla.org/kb/captive-portal"  	[MsgId: MERR-35196]
End auto log messages stack.	[MsgId: MMSG-10544]

Start auto log messages stack - Iteration 631.	[MsgId: MMSG-10545]
Starting action Action.	[MsgId: MMSG-15919]
Action.c(4): web_url("canonical.html") started  	[MsgId: MMSG-26355]
Action.c(4): Detected non-resource "https://support.mozilla.org/kb/captive-portal" in "http://detectportal.firefox.com/canonical.html"  	[MsgId: MMSG-26573]
Action.c(4): Error -35196: HTTP Status-Code=429 (Retry With) for "https://support.mozilla.org/kb/captive-portal"  	[MsgId: MERR-35196]
End auto log messages stack.	[MsgId: MMSG-10544]

Start auto log messages stack - Iteration 632.	[MsgId: MMSG-10545]
Starting action Action.	[MsgId: MMSG-15919]
Action.c(4): web_url("canonical.html") started  	[MsgId: MMSG-26355]
Action.c(4): Detected non-resource "https://support.mozilla.org/kb/captive-portal" in "http://detectportal.firefox.com/canonical.html"  	[MsgId: MMSG-26573]
Action.c(4): Error -35196: HTTP Status-Code=429 (Retry With) for "https://support.mozilla.org/kb/captive-portal"  	[MsgId: MERR-35196]
End auto log messages stack.	[MsgId: MMSG-10544]

Start auto log messages stack - Iteration 633.	[MsgId: MMSG-10545]
Starting action Action.	[MsgId: MMSG-15919]
Action.c(4): web_url("canonical.html") started  	[MsgId: MMSG-26355]
Action.c(4): Detected non-resource "https://support.mozilla.org/kb/captive-portal" in "http://detectportal.firefox.com/canonical.html"  	[MsgId: MMSG-26573]
Action.c(4): Error -35196: HTTP Status-Code=429 (Retry With) for "https://support.mozilla.org/kb/captive-portal"  	[MsgId: MERR-35196]
End auto log messages stack.	[MsgId: MMSG-10544]

Start auto log messages stack - Iteration 634.	[MsgId: MMSG-10545]
Starting action Action.	[MsgId: MMSG-15919]
Action.c(4): web_url("canonical.html") started  	[MsgId: MMSG-26355]
Action.c(4): Detected non-resource "https://support.mozilla.org/kb/captive-portal" in "http://detectportal.firefox.com/canonical.html"  	[MsgId: MMSG-26573]
Action.c(4): Error -35196: HTTP Status-Code=429 (Retry With) for "https://support.mozilla.org/kb/captive-portal"  	[MsgId: MERR-35196]
End auto log messages stack.	[MsgId: MMSG-10544]

Start auto log messages stack - Iteration 635.	[MsgId: MMSG-10545]
Starting action Action.	[MsgId: MMSG-15919]
Action.c(4): web_url("canonical.html") started  	[MsgId: MMSG-26355]
Action.c(4): Detected non-resource "https://support.mozilla.org/kb/captive-portal" in "http://detectportal.firefox.com/canonical.html"  	[MsgId: MMSG-26573]
Action.c(4): Error -35196: HTTP Status-Code=429 (Retry With) for "https://support.mozilla.org/kb/captive-portal"  	[MsgId: MERR-35196]
End auto log messages stack.	[MsgId: MMSG-10544]

Start auto log messages stack - Iteration 636.	[MsgId: MMSG-10545]
Starting action Action.	[MsgId: MMSG-15919]
Action.c(4): web_url("canonical.html") started  	[MsgId: MMSG-26355]
Action.c(4): Detected non-resource "https://support.mozilla.org/kb/captive-portal" in "http://detectportal.firefox.com/canonical.html"  	[MsgId: MMSG-26573]
Action.c(4): Error -35196: HTTP Status-Code=429 (Retry With) for "https://support.mozilla.org/kb/captive-portal"  	[MsgId: MERR-35196]
End auto log messages stack.	[MsgId: MMSG-10544]

Start auto log messages stack - Iteration 637.	[MsgId: MMSG-10545]
Starting action Action.	[MsgId: MMSG-15919]
Action.c(4): web_url("canonical.html") started  	[MsgId: MMSG-26355]
Action.c(4): Detected non-resource "https://support.mozilla.org/kb/captive-portal" in "http://detectportal.firefox.com/canonical.html"  	[MsgId: MMSG-26573]
Action.c(4): Error -35196: HTTP Status-Code=429 (Retry With) for "https://support.mozilla.org/kb/captive-portal"  	[MsgId: MERR-35196]
End auto log messages stack.	[MsgId: MMSG-10544]

Start auto log messages stack - Iteration 638.	[MsgId: MMSG-10545]
Starting action Action.	[MsgId: MMSG-15919]
Action.c(4): web_url("canonical.html") started  	[MsgId: MMSG-26355]
Action.c(4): Detected non-resource "https://support.mozilla.org/kb/captive-portal" in "http://detectportal.firefox.com/canonical.html"  	[MsgId: MMSG-26573]
Action.c(4): Error -35196: HTTP Status-Code=429 (Retry With) for "https://support.mozilla.org/kb/captive-portal"  	[MsgId: MERR-35196]
End auto log messages stack.	[MsgId: MMSG-10544]

Start auto log messages stack - Iteration 639.	[MsgId: MMSG-10545]
Starting action Action.	[MsgId: MMSG-15919]
Action.c(4): web_url("canonical.html") started  	[MsgId: MMSG-26355]
Action.c(4): Detected non-resource "https://support.mozilla.org/kb/captive-portal" in "http://detectportal.firefox.com/canonical.html"  	[MsgId: MMSG-26573]
Action.c(4): Error -35196: HTTP Status-Code=429 (Retry With) for "https://support.mozilla.org/kb/captive-portal"  	[MsgId: MERR-35196]
End auto log messages stack.	[MsgId: MMSG-10544]

Start auto log messages stack - Iteration 640.	[MsgId: MMSG-10545]
Starting action Action.	[MsgId: MMSG-15919]
Action.c(4): web_url("canonical.html") started  	[MsgId: MMSG-26355]
Action.c(4): Detected non-resource "https://support.mozilla.org/kb/captive-portal" in "http://detectportal.firefox.com/canonical.html"  	[MsgId: MMSG-26573]
Action.c(4): Error -35196: HTTP Status-Code=429 (Retry With) for "https://support.mozilla.org/kb/captive-portal"  	[MsgId: MERR-35196]
End auto log messages stack.	[MsgId: MMSG-10544]

Start auto log messages stack - Iteration 641.	[MsgId: MMSG-10545]
Starting action Action.	[MsgId: MMSG-15919]
Action.c(4): web_url("canonical.html") started  	[MsgId: MMSG-26355]
Action.c(4): Detected non-resource "https://support.mozilla.org/kb/captive-portal" in "http://detectportal.firefox.com/canonical.html"  	[MsgId: MMSG-26573]
Action.c(4): Error -35196: HTTP Status-Code=429 (Retry With) for "https://support.mozilla.org/kb/captive-portal"  	[MsgId: MERR-35196]
End auto log messages stack.	[MsgId: MMSG-10544]

Start auto log messages stack - Iteration 642.	[MsgId: MMSG-10545]
Starting action Action.	[MsgId: MMSG-15919]
Action.c(4): web_url("canonical.html") started  	[MsgId: MMSG-26355]
Action.c(4): Detected non-resource "https://support.mozilla.org/kb/captive-portal" in "http://detectportal.firefox.com/canonical.html"  	[MsgId: MMSG-26573]
Action.c(4): Error -35196: HTTP Status-Code=429 (Retry With) for "https://support.mozilla.org/kb/captive-portal"  	[MsgId: MERR-35196]
End auto log messages stack.	[MsgId: MMSG-10544]

Start auto log messages stack - Iteration 643.	[MsgId: MMSG-10545]
Starting action Action.	[MsgId: MMSG-15919]
Action.c(4): web_url("canonical.html") started  	[MsgId: MMSG-26355]
Action.c(4): Detected non-resource "https://support.mozilla.org/kb/captive-portal" in "http://detectportal.firefox.com/canonical.html"  	[MsgId: MMSG-26573]
Action.c(4): Error -35196: HTTP Status-Code=429 (Retry With) for "https://support.mozilla.org/kb/captive-portal"  	[MsgId: MERR-35196]
End auto log messages stack.	[MsgId: MMSG-10544]

Start auto log messages stack - Iteration 644.	[MsgId: MMSG-10545]
Starting action Action.	[MsgId: MMSG-15919]
Action.c(4): web_url("canonical.html") started  	[MsgId: MMSG-26355]
Action.c(4): Detected non-resource "https://support.mozilla.org/kb/captive-portal" in "http://detectportal.firefox.com/canonical.html"  	[MsgId: MMSG-26573]
Action.c(4): Error -35196: HTTP Status-Code=429 (Retry With) for "https://support.mozilla.org/kb/captive-portal"  	[MsgId: MERR-35196]
End auto log messages stack.	[MsgId: MMSG-10544]

Start auto log messages stack - Iteration 645.	[MsgId: MMSG-10545]
Starting action Action.	[MsgId: MMSG-15919]
Action.c(4): web_url("canonical.html") started  	[MsgId: MMSG-26355]
Action.c(4): Detected non-resource "https://support.mozilla.org/kb/captive-portal" in "http://detectportal.firefox.com/canonical.html"  	[MsgId: MMSG-26573]
Action.c(4): Error -35196: HTTP Status-Code=429 (Retry With) for "https://support.mozilla.org/kb/captive-portal"  	[MsgId: MERR-35196]
End auto log messages stack.	[MsgId: MMSG-10544]

Start auto log messages stack - Iteration 646.	[MsgId: MMSG-10545]
Starting action Action.	[MsgId: MMSG-15919]
Action.c(4): web_url("canonical.html") started  	[MsgId: MMSG-26355]
Action.c(4): Detected non-resource "https://support.mozilla.org/kb/captive-portal" in "http://detectportal.firefox.com/canonical.html"  	[MsgId: MMSG-26573]
Action.c(4): Error -35196: HTTP Status-Code=429 (Retry With) for "https://support.mozilla.org/kb/captive-portal"  	[MsgId: MERR-35196]
End auto log messages stack.	[MsgId: MMSG-10544]

Start auto log messages stack - Iteration 647.	[MsgId: MMSG-10545]
Starting action Action.	[MsgId: MMSG-15919]
Action.c(4): web_url("canonical.html") started  	[MsgId: MMSG-26355]
Action.c(4): Detected non-resource "https://support.mozilla.org/kb/captive-portal" in "http://detectportal.firefox.com/canonical.html"  	[MsgId: MMSG-26573]
Action.c(4): Error -35196: HTTP Status-Code=429 (Retry With) for "https://support.mozilla.org/kb/captive-portal"  	[MsgId: MERR-35196]
End auto log messages stack.	[MsgId: MMSG-10544]

Start auto log messages stack - Iteration 648.	[MsgId: MMSG-10545]
Starting action Action.	[MsgId: MMSG-15919]
Action.c(4): web_url("canonical.html") started  	[MsgId: MMSG-26355]
Action.c(4): Detected non-resource "https://support.mozilla.org/kb/captive-portal" in "http://detectportal.firefox.com/canonical.html"  	[MsgId: MMSG-26573]
Action.c(4): Error -35196: HTTP Status-Code=429 (Retry With) for "https://support.mozilla.org/kb/captive-portal"  	[MsgId: MERR-35196]
End auto log messages stack.	[MsgId: MMSG-10544]

Start auto log messages stack - Iteration 649.	[MsgId: MMSG-10545]
Starting action Action.	[MsgId: MMSG-15919]
Action.c(4): web_url("canonical.html") started  	[MsgId: MMSG-26355]
Action.c(4): Detected non-resource "https://support.mozilla.org/kb/captive-portal" in "http://detectportal.firefox.com/canonical.html"  	[MsgId: MMSG-26573]
Action.c(4): Error -35196: HTTP Status-Code=429 (Retry With) for "https://support.mozilla.org/kb/captive-portal"  	[MsgId: MERR-35196]
End auto log messages stack.	[MsgId: MMSG-10544]

Start auto log messages stack - Iteration 650.	[MsgId: MMSG-10545]
Starting action Action.	[MsgId: MMSG-15919]
Action.c(4): web_url("canonical.html") started  	[MsgId: MMSG-26355]
Action.c(4): Detected non-resource "https://support.mozilla.org/kb/captive-portal" in "http://detectportal.firefox.com/canonical.html"  	[MsgId: MMSG-26573]
Action.c(4): Error -35196: HTTP Status-Code=429 (Retry With) for "https://support.mozilla.org/kb/captive-portal"  	[MsgId: MERR-35196]
End auto log messages stack.	[MsgId: MMSG-10544]

Start auto log messages stack - Iteration 651.	[MsgId: MMSG-10545]
Starting action Action.	[MsgId: MMSG-15919]
Action.c(4): web_url("canonical.html") started  	[MsgId: MMSG-26355]
Action.c(4): Detected non-resource "https://support.mozilla.org/kb/captive-portal" in "http://detectportal.firefox.com/canonical.html"  	[MsgId: MMSG-26573]
Action.c(4): Error -35196: HTTP Status-Code=429 (Retry With) for "https://support.mozilla.org/kb/captive-portal"  	[MsgId: MERR-35196]
End auto log messages stack.	[MsgId: MMSG-10544]

Start auto log messages stack - Iteration 652.	[MsgId: MMSG-10545]
Starting action Action.	[MsgId: MMSG-15919]
Action.c(4): web_url("canonical.html") started  	[MsgId: MMSG-26355]
Action.c(4): Detected non-resource "https://support.mozilla.org/kb/captive-portal" in "http://detectportal.firefox.com/canonical.html"  	[MsgId: MMSG-26573]
Action.c(4): Error -35196: HTTP Status-Code=429 (Retry With) for "https://support.mozilla.org/kb/captive-portal"  	[MsgId: MERR-35196]
End auto log messages stack.	[MsgId: MMSG-10544]

Start auto log messages stack - Iteration 653.	[MsgId: MMSG-10545]
Starting action Action.	[MsgId: MMSG-15919]
Action.c(4): web_url("canonical.html") started  	[MsgId: MMSG-26355]
Action.c(4): Detected non-resource "https://support.mozilla.org/kb/captive-portal" in "http://detectportal.firefox.com/canonical.html"  	[MsgId: MMSG-26573]
Action.c(4): Error -35196: HTTP Status-Code=429 (Retry With) for "https://support.mozilla.org/kb/captive-portal"  	[MsgId: MERR-35196]
End auto log messages stack.	[MsgId: MMSG-10544]

Start auto log messages stack - Iteration 654.	[MsgId: MMSG-10545]
Starting action Action.	[MsgId: MMSG-15919]
Action.c(4): web_url("canonical.html") started  	[MsgId: MMSG-26355]
Action.c(4): Detected non-resource "https://support.mozilla.org/kb/captive-portal" in "http://detectportal.firefox.com/canonical.html"  	[MsgId: MMSG-26573]
Action.c(4): Error -35196: HTTP Status-Code=429 (Retry With) for "https://support.mozilla.org/kb/captive-portal"  	[MsgId: MERR-35196]
End auto log messages stack.	[MsgId: MMSG-10544]

Start auto log messages stack - Iteration 655.	[MsgId: MMSG-10545]
Starting action Action.	[MsgId: MMSG-15919]
Action.c(4): web_url("canonical.html") started  	[MsgId: MMSG-26355]
Action.c(4): Detected non-resource "https://support.mozilla.org/kb/captive-portal" in "http://detectportal.firefox.com/canonical.html"  	[MsgId: MMSG-26573]
Action.c(4): Error -35196: HTTP Status-Code=429 (Retry With) for "https://support.mozilla.org/kb/captive-portal"  	[MsgId: MERR-35196]
End auto log messages stack.	[MsgId: MMSG-10544]

Start auto log messages stack - Iteration 656.	[MsgId: MMSG-10545]
Starting action Action.	[MsgId: MMSG-15919]
Action.c(4): web_url("canonical.html") started  	[MsgId: MMSG-26355]
Action.c(4): Detected non-resource "https://support.mozilla.org/kb/captive-portal" in "http://detectportal.firefox.com/canonical.html"  	[MsgId: MMSG-26573]
Action.c(4): Error -35196: HTTP Status-Code=429 (Retry With) for "https://support.mozilla.org/kb/captive-portal"  	[MsgId: MERR-35196]
End auto log messages stack.	[MsgId: MMSG-10544]

Start auto log messages stack - Iteration 657.	[MsgId: MMSG-10545]
Starting action Action.	[MsgId: MMSG-15919]
Action.c(4): web_url("canonical.html") started  	[MsgId: MMSG-26355]
Action.c(4): Detected non-resource "https://support.mozilla.org/kb/captive-portal" in "http://detectportal.firefox.com/canonical.html"  	[MsgId: MMSG-26573]
Action.c(4): Error -35196: HTTP Status-Code=429 (Retry With) for "https://support.mozilla.org/kb/captive-portal"  	[MsgId: MERR-35196]
End auto log messages stack.	[MsgId: MMSG-10544]

Start auto log messages stack - Iteration 658.	[MsgId: MMSG-10545]
Starting action Action.	[MsgId: MMSG-15919]
Action.c(4): web_url("canonical.html") started  	[MsgId: MMSG-26355]
Action.c(4): Detected non-resource "https://support.mozilla.org/kb/captive-portal" in "http://detectportal.firefox.com/canonical.html"  	[MsgId: MMSG-26573]
Action.c(4): Error -35196: HTTP Status-Code=429 (Retry With) for "https://support.mozilla.org/kb/captive-portal"  	[MsgId: MERR-35196]
End auto log messages stack.	[MsgId: MMSG-10544]

Start auto log messages stack - Iteration 659.	[MsgId: MMSG-10545]
Starting action Action.	[MsgId: MMSG-15919]
Action.c(4): web_url("canonical.html") started  	[MsgId: MMSG-26355]
Action.c(4): Detected non-resource "https://support.mozilla.org/kb/captive-portal" in "http://detectportal.firefox.com/canonical.html"  	[MsgId: MMSG-26573]
Action.c(4): Error -35196: HTTP Status-Code=429 (Retry With) for "https://support.mozilla.org/kb/captive-portal"  	[MsgId: MERR-35196]
End auto log messages stack.	[MsgId: MMSG-10544]

Start auto log messages stack - Iteration 660.	[MsgId: MMSG-10545]
Starting action Action.	[MsgId: MMSG-15919]
Action.c(4): web_url("canonical.html") started  	[MsgId: MMSG-26355]
Action.c(4): Detected non-resource "https://support.mozilla.org/kb/captive-portal" in "http://detectportal.firefox.com/canonical.html"  	[MsgId: MMSG-26573]
Action.c(4): Error -35196: HTTP Status-Code=429 (Retry With) for "https://support.mozilla.org/kb/captive-portal"  	[MsgId: MERR-35196]
End auto log messages stack.	[MsgId: MMSG-10544]

Start auto log messages stack - Iteration 661.	[MsgId: MMSG-10545]
Starting action Action.	[MsgId: MMSG-15919]
Action.c(4): web_url("canonical.html") started  	[MsgId: MMSG-26355]
Action.c(4): Detected non-resource "https://support.mozilla.org/kb/captive-portal" in "http://detectportal.firefox.com/canonical.html"  	[MsgId: MMSG-26573]
Action.c(4): Error -35196: HTTP Status-Code=429 (Retry With) for "https://support.mozilla.org/kb/captive-portal"  	[MsgId: MERR-35196]
End auto log messages stack.	[MsgId: MMSG-10544]

Start auto log messages stack - Iteration 662.	[MsgId: MMSG-10545]
Starting action Action.	[MsgId: MMSG-15919]
Action.c(4): web_url("canonical.html") started  	[MsgId: MMSG-26355]
Action.c(4): Detected non-resource "https://support.mozilla.org/kb/captive-portal" in "http://detectportal.firefox.com/canonical.html"  	[MsgId: MMSG-26573]
Action.c(4): Error -35196: HTTP Status-Code=429 (Retry With) for "https://support.mozilla.org/kb/captive-portal"  	[MsgId: MERR-35196]
End auto log messages stack.	[MsgId: MMSG-10544]

Start auto log messages stack - Iteration 663.	[MsgId: MMSG-10545]
Starting action Action.	[MsgId: MMSG-15919]
Action.c(4): web_url("canonical.html") started  	[MsgId: MMSG-26355]
Action.c(4): Detected non-resource "https://support.mozilla.org/kb/captive-portal" in "http://detectportal.firefox.com/canonical.html"  	[MsgId: MMSG-26573]
Action.c(4): Error -35196: HTTP Status-Code=429 (Retry With) for "https://support.mozilla.org/kb/captive-portal"  	[MsgId: MERR-35196]
End auto log messages stack.	[MsgId: MMSG-10544]

Start auto log messages stack - Iteration 664.	[MsgId: MMSG-10545]
Starting action Action.	[MsgId: MMSG-15919]
Action.c(4): web_url("canonical.html") started  	[MsgId: MMSG-26355]
Action.c(4): Detected non-resource "https://support.mozilla.org/kb/captive-portal" in "http://detectportal.firefox.com/canonical.html"  	[MsgId: MMSG-26573]
Action.c(4): Error -35196: HTTP Status-Code=429 (Retry With) for "https://support.mozilla.org/kb/captive-portal"  	[MsgId: MERR-35196]
End auto log messages stack.	[MsgId: MMSG-10544]

Start auto log messages stack - Iteration 665.	[MsgId: MMSG-10545]
Starting action Action.	[MsgId: MMSG-15919]
Action.c(4): web_url("canonical.html") started  	[MsgId: MMSG-26355]
Action.c(4): Detected non-resource "https://support.mozilla.org/kb/captive-portal" in "http://detectportal.firefox.com/canonical.html"  	[MsgId: MMSG-26573]
Action.c(4): Error -35196: HTTP Status-Code=429 (Retry With) for "https://support.mozilla.org/kb/captive-portal"  	[MsgId: MERR-35196]
End auto log messages stack.	[MsgId: MMSG-10544]

Start auto log messages stack - Iteration 666.	[MsgId: MMSG-10545]
Starting action Action.	[MsgId: MMSG-15919]
Action.c(4): web_url("canonical.html") started  	[MsgId: MMSG-26355]
Action.c(4): Detected non-resource "https://support.mozilla.org/kb/captive-portal" in "http://detectportal.firefox.com/canonical.html"  	[MsgId: MMSG-26573]
Action.c(4): Error -35196: HTTP Status-Code=429 (Retry With) for "https://support.mozilla.org/kb/captive-portal"  	[MsgId: MERR-35196]
End auto log messages stack.	[MsgId: MMSG-10544]

Start auto log messages stack - Iteration 667.	[MsgId: MMSG-10545]
Starting action Action.	[MsgId: MMSG-15919]
Action.c(4): web_url("canonical.html") started  	[MsgId: MMSG-26355]
Action.c(4): Detected non-resource "https://support.mozilla.org/kb/captive-portal" in "http://detectportal.firefox.com/canonical.html"  	[MsgId: MMSG-26573]
Action.c(4): Error -35196: HTTP Status-Code=429 (Retry With) for "https://support.mozilla.org/kb/captive-portal"  	[MsgId: MERR-35196]
End auto log messages stack.	[MsgId: MMSG-10544]

Start auto log messages stack - Iteration 668.	[MsgId: MMSG-10545]
Starting action Action.	[MsgId: MMSG-15919]
Action.c(4): web_url("canonical.html") started  	[MsgId: MMSG-26355]
Action.c(4): Detected non-resource "https://support.mozilla.org/kb/captive-portal" in "http://detectportal.firefox.com/canonical.html"  	[MsgId: MMSG-26573]
Action.c(4): Error -35196: HTTP Status-Code=429 (Retry With) for "https://support.mozilla.org/kb/captive-portal"  	[MsgId: MERR-35196]
End auto log messages stack.	[MsgId: MMSG-10544]

Start auto log messages stack - Iteration 669.	[MsgId: MMSG-10545]
Starting action Action.	[MsgId: MMSG-15919]
Action.c(4): web_url("canonical.html") started  	[MsgId: MMSG-26355]
Action.c(4): Detected non-resource "https://support.mozilla.org/kb/captive-portal" in "http://detectportal.firefox.com/canonical.html"  	[MsgId: MMSG-26573]
Action.c(4): Error -35196: HTTP Status-Code=429 (Retry With) for "https://support.mozilla.org/kb/captive-portal"  	[MsgId: MERR-35196]
End auto log messages stack.	[MsgId: MMSG-10544]

Start auto log messages stack - Iteration 670.	[MsgId: MMSG-10545]
Starting action Action.	[MsgId: MMSG-15919]
Action.c(4): web_url("canonical.html") started  	[MsgId: MMSG-26355]
Action.c(4): Detected non-resource "https://support.mozilla.org/kb/captive-portal" in "http://detectportal.firefox.com/canonical.html"  	[MsgId: MMSG-26573]
Action.c(4): Error -35196: HTTP Status-Code=429 (Retry With) for "https://support.mozilla.org/kb/captive-portal"  	[MsgId: MERR-35196]
End auto log messages stack.	[MsgId: MMSG-10544]

Start auto log messages stack - Iteration 671.	[MsgId: MMSG-10545]
Starting action Action.	[MsgId: MMSG-15919]
Action.c(4): web_url("canonical.html") started  	[MsgId: MMSG-26355]
Action.c(4): Detected non-resource "https://support.mozilla.org/kb/captive-portal" in "http://detectportal.firefox.com/canonical.html"  	[MsgId: MMSG-26573]
Action.c(4): Error -35196: HTTP Status-Code=429 (Retry With) for "https://support.mozilla.org/kb/captive-portal"  	[MsgId: MERR-35196]
End auto log messages stack.	[MsgId: MMSG-10544]

Start auto log messages stack - Iteration 672.	[MsgId: MMSG-10545]
Starting action Action.	[MsgId: MMSG-15919]
Action.c(4): web_url("canonical.html") started  	[MsgId: MMSG-26355]
Action.c(4): Detected non-resource "https://support.mozilla.org/kb/captive-portal" in "http://detectportal.firefox.com/canonical.html"  	[MsgId: MMSG-26573]
Action.c(4): Error -35196: HTTP Status-Code=429 (Retry With) for "https://support.mozilla.org/kb/captive-portal"  	[MsgId: MERR-35196]
End auto log messages stack.	[MsgId: MMSG-10544]

Start auto log messages stack - Iteration 673.	[MsgId: MMSG-10545]
Starting action Action.	[MsgId: MMSG-15919]
Action.c(4): web_url("canonical.html") started  	[MsgId: MMSG-26355]
Action.c(4): Detected non-resource "https://support.mozilla.org/kb/captive-portal" in "http://detectportal.firefox.com/canonical.html"  	[MsgId: MMSG-26573]
Action.c(4): Error -35196: HTTP Status-Code=429 (Retry With) for "https://support.mozilla.org/kb/captive-portal"  	[MsgId: MERR-35196]
End auto log messages stack.	[MsgId: MMSG-10544]

Start auto log messages stack - Iteration 674.	[MsgId: MMSG-10545]
Starting action Action.	[MsgId: MMSG-15919]
Action.c(4): web_url("canonical.html") started  	[MsgId: MMSG-26355]
Action.c(4): Detected non-resource "https://support.mozilla.org/kb/captive-portal" in "http://detectportal.firefox.com/canonical.html"  	[MsgId: MMSG-26573]
Action.c(4): Error -35196: HTTP Status-Code=429 (Retry With) for "https://support.mozilla.org/kb/captive-portal"  	[MsgId: MERR-35196]
End auto log messages stack.	[MsgId: MMSG-10544]

Start auto log messages stack - Iteration 675.	[MsgId: MMSG-10545]
Starting action Action.	[MsgId: MMSG-15919]
Action.c(4): web_url("canonical.html") started  	[MsgId: MMSG-26355]
Action.c(4): Detected non-resource "https://support.mozilla.org/kb/captive-portal" in "http://detectportal.firefox.com/canonical.html"  	[MsgId: MMSG-26573]
Action.c(4): Error -35196: HTTP Status-Code=429 (Retry With) for "https://support.mozilla.org/kb/captive-portal"  	[MsgId: MERR-35196]
End auto log messages stack.	[MsgId: MMSG-10544]

Start auto log messages stack - Iteration 676.	[MsgId: MMSG-10545]
Starting action Action.	[MsgId: MMSG-15919]
Action.c(4): web_url("canonical.html") started  	[MsgId: MMSG-26355]
Action.c(4): Detected non-resource "https://support.mozilla.org/kb/captive-portal" in "http://detectportal.firefox.com/canonical.html"  	[MsgId: MMSG-26573]
Action.c(4): Error -35196: HTTP Status-Code=429 (Retry With) for "https://support.mozilla.org/kb/captive-portal"  	[MsgId: MERR-35196]
End auto log messages stack.	[MsgId: MMSG-10544]

Start auto log messages stack - Iteration 677.	[MsgId: MMSG-10545]
Starting action Action.	[MsgId: MMSG-15919]
Action.c(4): web_url("canonical.html") started  	[MsgId: MMSG-26355]
Action.c(4): Detected non-resource "https://support.mozilla.org/kb/captive-portal" in "http://detectportal.firefox.com/canonical.html"  	[MsgId: MMSG-26573]
Action.c(4): Error -35196: HTTP Status-Code=429 (Retry With) for "https://support.mozilla.org/kb/captive-portal"  	[MsgId: MERR-35196]
End auto log messages stack.	[MsgId: MMSG-10544]

Start auto log messages stack - Iteration 678.	[MsgId: MMSG-10545]
Starting action Action.	[MsgId: MMSG-15919]
Action.c(4): web_url("canonical.html") started  	[MsgId: MMSG-26355]
Action.c(4): Detected non-resource "https://support.mozilla.org/kb/captive-portal" in "http://detectportal.firefox.com/canonical.html"  	[MsgId: MMSG-26573]
Action.c(4): Error -35196: HTTP Status-Code=429 (Retry With) for "https://support.mozilla.org/kb/captive-portal"  	[MsgId: MERR-35196]
End auto log messages stack.	[MsgId: MMSG-10544]

Start auto log messages stack - Iteration 679.	[MsgId: MMSG-10545]
Starting action Action.	[MsgId: MMSG-15919]
Action.c(4): web_url("canonical.html") started  	[MsgId: MMSG-26355]
Action.c(4): Detected non-resource "https://support.mozilla.org/kb/captive-portal" in "http://detectportal.firefox.com/canonical.html"  	[MsgId: MMSG-26573]
Action.c(4): Error -35196: HTTP Status-Code=429 (Retry With) for "https://support.mozilla.org/kb/captive-portal"  	[MsgId: MERR-35196]
End auto log messages stack.	[MsgId: MMSG-10544]

Start auto log messages stack - Iteration 680.	[MsgId: MMSG-10545]
Starting action Action.	[MsgId: MMSG-15919]
Action.c(4): web_url("canonical.html") started  	[MsgId: MMSG-26355]
Action.c(4): Detected non-resource "https://support.mozilla.org/kb/captive-portal" in "http://detectportal.firefox.com/canonical.html"  	[MsgId: MMSG-26573]
Action.c(4): Error -35196: HTTP Status-Code=429 (Retry With) for "https://support.mozilla.org/kb/captive-portal"  	[MsgId: MERR-35196]
End auto log messages stack.	[MsgId: MMSG-10544]

Start auto log messages stack - Iteration 681.	[MsgId: MMSG-10545]
Starting action Action.	[MsgId: MMSG-15919]
Action.c(4): web_url("canonical.html") started  	[MsgId: MMSG-26355]
Action.c(4): Detected non-resource "https://support.mozilla.org/kb/captive-portal" in "http://detectportal.firefox.com/canonical.html"  	[MsgId: MMSG-26573]
Action.c(4): Error -35196: HTTP Status-Code=429 (Retry With) for "https://support.mozilla.org/kb/captive-portal"  	[MsgId: MERR-35196]
End auto log messages stack.	[MsgId: MMSG-10544]

Start auto log messages stack - Iteration 682.	[MsgId: MMSG-10545]
Starting action Action.	[MsgId: MMSG-15919]
Action.c(4): web_url("canonical.html") started  	[MsgId: MMSG-26355]
Action.c(4): Detected non-resource "https://support.mozilla.org/kb/captive-portal" in "http://detectportal.firefox.com/canonical.html"  	[MsgId: MMSG-26573]
Action.c(4): Error -35196: HTTP Status-Code=429 (Retry With) for "https://support.mozilla.org/kb/captive-portal"  	[MsgId: MERR-35196]
End auto log messages stack.	[MsgId: MMSG-10544]

Start auto log messages stack - Iteration 683.	[MsgId: MMSG-10545]
Starting action Action.	[MsgId: MMSG-15919]
Action.c(4): web_url("canonical.html") started  	[MsgId: MMSG-26355]
Action.c(4): Detected non-resource "https://support.mozilla.org/kb/captive-portal" in "http://detectportal.firefox.com/canonical.html"  	[MsgId: MMSG-26573]
Action.c(4): Error -35196: HTTP Status-Code=429 (Retry With) for "https://support.mozilla.org/kb/captive-portal"  	[MsgId: MERR-35196]
End auto log messages stack.	[MsgId: MMSG-10544]

Start auto log messages stack - Iteration 684.	[MsgId: MMSG-10545]
Starting action Action.	[MsgId: MMSG-15919]
Action.c(4): web_url("canonical.html") started  	[MsgId: MMSG-26355]
Action.c(4): Detected non-resource "https://support.mozilla.org/kb/captive-portal" in "http://detectportal.firefox.com/canonical.html"  	[MsgId: MMSG-26573]
Action.c(4): Error -35196: HTTP Status-Code=429 (Retry With) for "https://support.mozilla.org/kb/captive-portal"  	[MsgId: MERR-35196]
End auto log messages stack.	[MsgId: MMSG-10544]

Start auto log messages stack - Iteration 685.	[MsgId: MMSG-10545]
Starting action Action.	[MsgId: MMSG-15919]
Action.c(4): web_url("canonical.html") started  	[MsgId: MMSG-26355]
Action.c(4): Detected non-resource "https://support.mozilla.org/kb/captive-portal" in "http://detectportal.firefox.com/canonical.html"  	[MsgId: MMSG-26573]
Action.c(4): Error -35196: HTTP Status-Code=429 (Retry With) for "https://support.mozilla.org/kb/captive-portal"  	[MsgId: MERR-35196]
End auto log messages stack.	[MsgId: MMSG-10544]

Start auto log messages stack - Iteration 686.	[MsgId: MMSG-10545]
Starting action Action.	[MsgId: MMSG-15919]
Action.c(4): web_url("canonical.html") started  	[MsgId: MMSG-26355]
Action.c(4): Detected non-resource "https://support.mozilla.org/kb/captive-portal" in "http://detectportal.firefox.com/canonical.html"  	[MsgId: MMSG-26573]
Action.c(4): Error -35196: HTTP Status-Code=429 (Retry With) for "https://support.mozilla.org/kb/captive-portal"  	[MsgId: MERR-35196]
End auto log messages stack.	[MsgId: MMSG-10544]

Start auto log messages stack - Iteration 687.	[MsgId: MMSG-10545]
Starting action Action.	[MsgId: MMSG-15919]
Action.c(4): web_url("canonical.html") started  	[MsgId: MMSG-26355]
Action.c(4): Detected non-resource "https://support.mozilla.org/kb/captive-portal" in "http://detectportal.firefox.com/canonical.html"  	[MsgId: MMSG-26573]
Action.c(4): Error -35196: HTTP Status-Code=429 (Retry With) for "https://support.mozilla.org/kb/captive-portal"  	[MsgId: MERR-35196]
End auto log messages stack.	[MsgId: MMSG-10544]

Start auto log messages stack - Iteration 688.	[MsgId: MMSG-10545]
Starting action Action.	[MsgId: MMSG-15919]
Action.c(4): web_url("canonical.html") started  	[MsgId: MMSG-26355]
Action.c(4): Detected non-resource "https://support.mozilla.org/kb/captive-portal" in "http://detectportal.firefox.com/canonical.html"  	[MsgId: MMSG-26573]
Action.c(4): Error -35196: HTTP Status-Code=429 (Retry With) for "https://support.mozilla.org/kb/captive-portal"  	[MsgId: MERR-35196]
End auto log messages stack.	[MsgId: MMSG-10544]

Start auto log messages stack - Iteration 689.	[MsgId: MMSG-10545]
Starting action Action.	[MsgId: MMSG-15919]
Action.c(4): web_url("canonical.html") started  	[MsgId: MMSG-26355]
Action.c(4): Detected non-resource "https://support.mozilla.org/kb/captive-portal" in "http://detectportal.firefox.com/canonical.html"  	[MsgId: MMSG-26573]
Action.c(4): Error -35196: HTTP Status-Code=429 (Retry With) for "https://support.mozilla.org/kb/captive-portal"  	[MsgId: MERR-35196]
End auto log messages stack.	[MsgId: MMSG-10544]

Start auto log messages stack - Iteration 690.	[MsgId: MMSG-10545]
Starting action Action.	[MsgId: MMSG-15919]
Action.c(4): web_url("canonical.html") started  	[MsgId: MMSG-26355]
Action.c(4): Detected non-resource "https://support.mozilla.org/kb/captive-portal" in "http://detectportal.firefox.com/canonical.html"  	[MsgId: MMSG-26573]
Action.c(4): Error -35196: HTTP Status-Code=429 (Retry With) for "https://support.mozilla.org/kb/captive-portal"  	[MsgId: MERR-35196]
End auto log messages stack.	[MsgId: MMSG-10544]

Start auto log messages stack - Iteration 691.	[MsgId: MMSG-10545]
Starting action Action.	[MsgId: MMSG-15919]
Action.c(4): web_url("canonical.html") started  	[MsgId: MMSG-26355]
Action.c(4): Detected non-resource "https://support.mozilla.org/kb/captive-portal" in "http://detectportal.firefox.com/canonical.html"  	[MsgId: MMSG-26573]
Action.c(4): Error -35196: HTTP Status-Code=429 (Retry With) for "https://support.mozilla.org/kb/captive-portal"  	[MsgId: MERR-35196]
End auto log messages stack.	[MsgId: MMSG-10544]

Start auto log messages stack - Iteration 692.	[MsgId: MMSG-10545]
Starting action Action.	[MsgId: MMSG-15919]
Action.c(4): web_url("canonical.html") started  	[MsgId: MMSG-26355]
Action.c(4): Detected non-resource "https://support.mozilla.org/kb/captive-portal" in "http://detectportal.firefox.com/canonical.html"  	[MsgId: MMSG-26573]
Action.c(4): Error -35196: HTTP Status-Code=429 (Retry With) for "https://support.mozilla.org/kb/captive-portal"  	[MsgId: MERR-35196]
End auto log messages stack.	[MsgId: MMSG-10544]

Start auto log messages stack - Iteration 693.	[MsgId: MMSG-10545]
Starting action Action.	[MsgId: MMSG-15919]
Action.c(4): web_url("canonical.html") started  	[MsgId: MMSG-26355]
Action.c(4): Detected non-resource "https://support.mozilla.org/kb/captive-portal" in "http://detectportal.firefox.com/canonical.html"  	[MsgId: MMSG-26573]
Action.c(4): Error -35196: HTTP Status-Code=429 (Retry With) for "https://support.mozilla.org/kb/captive-portal"  	[MsgId: MERR-35196]
End auto log messages stack.	[MsgId: MMSG-10544]

Start auto log messages stack - Iteration 694.	[MsgId: MMSG-10545]
Starting action Action.	[MsgId: MMSG-15919]
Action.c(4): web_url("canonical.html") started  	[MsgId: MMSG-26355]
Action.c(4): Detected non-resource "https://support.mozilla.org/kb/captive-portal" in "http://detectportal.firefox.com/canonical.html"  	[MsgId: MMSG-26573]
Action.c(4): Error -35196: HTTP Status-Code=429 (Retry With) for "https://support.mozilla.org/kb/captive-portal"  	[MsgId: MERR-35196]
End auto log messages stack.	[MsgId: MMSG-10544]

Start auto log messages stack - Iteration 695.	[MsgId: MMSG-10545]
Starting action Action.	[MsgId: MMSG-15919]
Action.c(4): web_url("canonical.html") started  	[MsgId: MMSG-26355]
Action.c(4): Detected non-resource "https://support.mozilla.org/kb/captive-portal" in "http://detectportal.firefox.com/canonical.html"  	[MsgId: MMSG-26573]
Action.c(4): Error -35196: HTTP Status-Code=429 (Retry With) for "https://support.mozilla.org/kb/captive-portal"  	[MsgId: MERR-35196]
End auto log messages stack.	[MsgId: MMSG-10544]

Start auto log messages stack - Iteration 696.	[MsgId: MMSG-10545]
Starting action Action.	[MsgId: MMSG-15919]
Action.c(4): web_url("canonical.html") started  	[MsgId: MMSG-26355]
Action.c(4): Detected non-resource "https://support.mozilla.org/kb/captive-portal" in "http://detectportal.firefox.com/canonical.html"  	[MsgId: MMSG-26573]
Action.c(4): Error -35196: HTTP Status-Code=429 (Retry With) for "https://support.mozilla.org/kb/captive-portal"  	[MsgId: MERR-35196]
End auto log messages stack.	[MsgId: MMSG-10544]

Start auto log messages stack - Iteration 697.	[MsgId: MMSG-10545]
Starting action Action.	[MsgId: MMSG-15919]
Action.c(4): web_url("canonical.html") started  	[MsgId: MMSG-26355]
Action.c(4): Detected non-resource "https://support.mozilla.org/kb/captive-portal" in "http://detectportal.firefox.com/canonical.html"  	[MsgId: MMSG-26573]
Action.c(4): Error -35196: HTTP Status-Code=429 (Retry With) for "https://support.mozilla.org/kb/captive-portal"  	[MsgId: MERR-35196]
End auto log messages stack.	[MsgId: MMSG-10544]

Start auto log messages stack - Iteration 698.	[MsgId: MMSG-10545]
Starting action Action.	[MsgId: MMSG-15919]
Action.c(4): web_url("canonical.html") started  	[MsgId: MMSG-26355]
Action.c(4): Detected non-resource "https://support.mozilla.org/kb/captive-portal" in "http://detectportal.firefox.com/canonical.html"  	[MsgId: MMSG-26573]
Action.c(4): Error -35196: HTTP Status-Code=429 (Retry With) for "https://support.mozilla.org/kb/captive-portal"  	[MsgId: MERR-35196]
End auto log messages stack.	[MsgId: MMSG-10544]

Start auto log messages stack - Iteration 699.	[MsgId: MMSG-10545]
Starting action Action.	[MsgId: MMSG-15919]
Action.c(4): web_url("canonical.html") started  	[MsgId: MMSG-26355]
Action.c(4): Detected non-resource "https://support.mozilla.org/kb/captive-portal" in "http://detectportal.firefox.com/canonical.html"  	[MsgId: MMSG-26573]
Action.c(4): Error -35196: HTTP Status-Code=429 (Retry With) for "https://support.mozilla.org/kb/captive-portal"  	[MsgId: MERR-35196]
End auto log messages stack.	[MsgId: MMSG-10544]

Start auto log messages stack - Iteration 700.	[MsgId: MMSG-10545]
Starting action Action.	[MsgId: MMSG-15919]
Action.c(4): web_url("canonical.html") started  	[MsgId: MMSG-26355]
Action.c(4): Detected non-resource "https://support.mozilla.org/kb/captive-portal" in "http://detectportal.firefox.com/canonical.html"  	[MsgId: MMSG-26573]
Action.c(4): Error -35196: HTTP Status-Code=429 (Retry With) for "https://support.mozilla.org/kb/captive-portal"  	[MsgId: MERR-35196]
End auto log messages stack.	[MsgId: MMSG-10544]

Start auto log messages stack - Iteration 701.	[MsgId: MMSG-10545]
Starting action Action.	[MsgId: MMSG-15919]
Action.c(4): web_url("canonical.html") started  	[MsgId: MMSG-26355]
Action.c(4): Detected non-resource "https://support.mozilla.org/kb/captive-portal" in "http://detectportal.firefox.com/canonical.html"  	[MsgId: MMSG-26573]
Action.c(4): Error -35196: HTTP Status-Code=429 (Retry With) for "https://support.mozilla.org/kb/captive-portal"  	[MsgId: MERR-35196]
End auto log messages stack.	[MsgId: MMSG-10544]

Start auto log messages stack - Iteration 702.	[MsgId: MMSG-10545]
Starting action Action.	[MsgId: MMSG-15919]
Action.c(4): web_url("canonical.html") started  	[MsgId: MMSG-26355]
Action.c(4): Detected non-resource "https://support.mozilla.org/kb/captive-portal" in "http://detectportal.firefox.com/canonical.html"  	[MsgId: MMSG-26573]
Action.c(4): Error -35196: HTTP Status-Code=429 (Retry With) for "https://support.mozilla.org/kb/captive-portal"  	[MsgId: MERR-35196]
End auto log messages stack.	[MsgId: MMSG-10544]

Start auto log messages stack - Iteration 703.	[MsgId: MMSG-10545]
Starting action Action.	[MsgId: MMSG-15919]
Action.c(4): web_url("canonical.html") started  	[MsgId: MMSG-26355]
Action.c(4): Detected non-resource "https://support.mozilla.org/kb/captive-portal" in "http://detectportal.firefox.com/canonical.html"  	[MsgId: MMSG-26573]
Action.c(4): Error -35196: HTTP Status-Code=429 (Retry With) for "https://support.mozilla.org/kb/captive-portal"  	[MsgId: MERR-35196]
End auto log messages stack.	[MsgId: MMSG-10544]

Start auto log messages stack - Iteration 704.	[MsgId: MMSG-10545]
Starting action Action.	[MsgId: MMSG-15919]
Action.c(4): web_url("canonical.html") started  	[MsgId: MMSG-26355]
Action.c(4): Detected non-resource "https://support.mozilla.org/kb/captive-portal" in "http://detectportal.firefox.com/canonical.html"  	[MsgId: MMSG-26573]
Action.c(4): Error -35196: HTTP Status-Code=429 (Retry With) for "https://support.mozilla.org/kb/captive-portal"  	[MsgId: MERR-35196]
End auto log messages stack.	[MsgId: MMSG-10544]

Start auto log messages stack - Iteration 705.	[MsgId: MMSG-10545]
Starting action Action.	[MsgId: MMSG-15919]
Action.c(4): web_url("canonical.html") started  	[MsgId: MMSG-26355]
Action.c(4): Detected non-resource "https://support.mozilla.org/kb/captive-portal" in "http://detectportal.firefox.com/canonical.html"  	[MsgId: MMSG-26573]
Action.c(4): Error -35196: HTTP Status-Code=429 (Retry With) for "https://support.mozilla.org/kb/captive-portal"  	[MsgId: MERR-35196]
End auto log messages stack.	[MsgId: MMSG-10544]

Start auto log messages stack - Iteration 706.	[MsgId: MMSG-10545]
Starting action Action.	[MsgId: MMSG-15919]
Action.c(4): web_url("canonical.html") started  	[MsgId: MMSG-26355]
Action.c(4): Detected non-resource "https://support.mozilla.org/kb/captive-portal" in "http://detectportal.firefox.com/canonical.html"  	[MsgId: MMSG-26573]
Action.c(4): Error -35196: HTTP Status-Code=429 (Retry With) for "https://support.mozilla.org/kb/captive-portal"  	[MsgId: MERR-35196]
End auto log messages stack.	[MsgId: MMSG-10544]

Start auto log messages stack - Iteration 707.	[MsgId: MMSG-10545]
Starting action Action.	[MsgId: MMSG-15919]
Action.c(4): web_url("canonical.html") started  	[MsgId: MMSG-26355]
Action.c(4): Detected non-resource "https://support.mozilla.org/kb/captive-portal" in "http://detectportal.firefox.com/canonical.html"  	[MsgId: MMSG-26573]
Action.c(4): Error -35196: HTTP Status-Code=429 (Retry With) for "https://support.mozilla.org/kb/captive-portal"  	[MsgId: MERR-35196]
End auto log messages stack.	[MsgId: MMSG-10544]

Start auto log messages stack - Iteration 708.	[MsgId: MMSG-10545]
Starting action Action.	[MsgId: MMSG-15919]
Action.c(4): web_url("canonical.html") started  	[MsgId: MMSG-26355]
Action.c(4): Detected non-resource "https://support.mozilla.org/kb/captive-portal" in "http://detectportal.firefox.com/canonical.html"  	[MsgId: MMSG-26573]
Action.c(4): Error -35196: HTTP Status-Code=429 (Retry With) for "https://support.mozilla.org/kb/captive-portal"  	[MsgId: MERR-35196]
End auto log messages stack.	[MsgId: MMSG-10544]

Start auto log messages stack - Iteration 709.	[MsgId: MMSG-10545]
Starting action Action.	[MsgId: MMSG-15919]
Action.c(4): web_url("canonical.html") started  	[MsgId: MMSG-26355]
Action.c(4): Detected non-resource "https://support.mozilla.org/kb/captive-portal" in "http://detectportal.firefox.com/canonical.html"  	[MsgId: MMSG-26573]
Action.c(4): Error -35196: HTTP Status-Code=429 (Retry With) for "https://support.mozilla.org/kb/captive-portal"  	[MsgId: MERR-35196]
End auto log messages stack.	[MsgId: MMSG-10544]

Start auto log messages stack - Iteration 710.	[MsgId: MMSG-10545]
Starting action Action.	[MsgId: MMSG-15919]
Action.c(4): web_url("canonical.html") started  	[MsgId: MMSG-26355]
Action.c(4): Detected non-resource "https://support.mozilla.org/kb/captive-portal" in "http://detectportal.firefox.com/canonical.html"  	[MsgId: MMSG-26573]
Action.c(4): Error -35196: HTTP Status-Code=429 (Retry With) for "https://support.mozilla.org/kb/captive-portal"  	[MsgId: MERR-35196]
End auto log messages stack.	[MsgId: MMSG-10544]

Start auto log messages stack - Iteration 711.	[MsgId: MMSG-10545]
Starting action Action.	[MsgId: MMSG-15919]
Action.c(4): web_url("canonical.html") started  	[MsgId: MMSG-26355]
Action.c(4): Detected non-resource "https://support.mozilla.org/kb/captive-portal" in "http://detectportal.firefox.com/canonical.html"  	[MsgId: MMSG-26573]
Action.c(4): Error -35196: HTTP Status-Code=429 (Retry With) for "https://support.mozilla.org/kb/captive-portal"  	[MsgId: MERR-35196]
End auto log messages stack.	[MsgId: MMSG-10544]

Start auto log messages stack - Iteration 712.	[MsgId: MMSG-10545]
Starting action Action.	[MsgId: MMSG-15919]
Action.c(4): web_url("canonical.html") started  	[MsgId: MMSG-26355]
Action.c(4): Detected non-resource "https://support.mozilla.org/kb/captive-portal" in "http://detectportal.firefox.com/canonical.html"  	[MsgId: MMSG-26573]
Action.c(4): Error -35196: HTTP Status-Code=429 (Retry With) for "https://support.mozilla.org/kb/captive-portal"  	[MsgId: MERR-35196]
End auto log messages stack.	[MsgId: MMSG-10544]

Start auto log messages stack - Iteration 713.	[MsgId: MMSG-10545]
Starting action Action.	[MsgId: MMSG-15919]
Action.c(4): web_url("canonical.html") started  	[MsgId: MMSG-26355]
Action.c(4): Detected non-resource "https://support.mozilla.org/kb/captive-portal" in "http://detectportal.firefox.com/canonical.html"  	[MsgId: MMSG-26573]
Action.c(4): Error -35196: HTTP Status-Code=429 (Retry With) for "https://support.mozilla.org/kb/captive-portal"  	[MsgId: MERR-35196]
End auto log messages stack.	[MsgId: MMSG-10544]

Start auto log messages stack - Iteration 714.	[MsgId: MMSG-10545]
Starting action Action.	[MsgId: MMSG-15919]
Action.c(4): web_url("canonical.html") started  	[MsgId: MMSG-26355]
Action.c(4): Detected non-resource "https://support.mozilla.org/kb/captive-portal" in "http://detectportal.firefox.com/canonical.html"  	[MsgId: MMSG-26573]
Action.c(4): Error -35196: HTTP Status-Code=429 (Retry With) for "https://support.mozilla.org/kb/captive-portal"  	[MsgId: MERR-35196]
End auto log messages stack.	[MsgId: MMSG-10544]

Start auto log messages stack - Iteration 715.	[MsgId: MMSG-10545]
Starting action Action.	[MsgId: MMSG-15919]
Action.c(4): web_url("canonical.html") started  	[MsgId: MMSG-26355]
Action.c(4): Detected non-resource "https://support.mozilla.org/kb/captive-portal" in "http://detectportal.firefox.com/canonical.html"  	[MsgId: MMSG-26573]
Action.c(4): Error -35196: HTTP Status-Code=429 (Retry With) for "https://support.mozilla.org/kb/captive-portal"  	[MsgId: MERR-35196]
End auto log messages stack.	[MsgId: MMSG-10544]

Start auto log messages stack - Iteration 716.	[MsgId: MMSG-10545]
Starting action Action.	[MsgId: MMSG-15919]
Action.c(4): web_url("canonical.html") started  	[MsgId: MMSG-26355]
Action.c(4): Detected non-resource "https://support.mozilla.org/kb/captive-portal" in "http://detectportal.firefox.com/canonical.html"  	[MsgId: MMSG-26573]
Action.c(4): Error -35196: HTTP Status-Code=429 (Retry With) for "https://support.mozilla.org/kb/captive-portal"  	[MsgId: MERR-35196]
End auto log messages stack.	[MsgId: MMSG-10544]

Start auto log messages stack - Iteration 717.	[MsgId: MMSG-10545]
Starting action Action.	[MsgId: MMSG-15919]
Action.c(4): web_url("canonical.html") started  	[MsgId: MMSG-26355]
Action.c(4): Detected non-resource "https://support.mozilla.org/kb/captive-portal" in "http://detectportal.firefox.com/canonical.html"  	[MsgId: MMSG-26573]
Action.c(4): Error -35196: HTTP Status-Code=429 (Retry With) for "https://support.mozilla.org/kb/captive-portal"  	[MsgId: MERR-35196]
End auto log messages stack.	[MsgId: MMSG-10544]

Start auto log messages stack - Iteration 718.	[MsgId: MMSG-10545]
Starting action Action.	[MsgId: MMSG-15919]
Action.c(4): web_url("canonical.html") started  	[MsgId: MMSG-26355]
Action.c(4): Detected non-resource "https://support.mozilla.org/kb/captive-portal" in "http://detectportal.firefox.com/canonical.html"  	[MsgId: MMSG-26573]
Action.c(4): Error -35196: HTTP Status-Code=429 (Retry With) for "https://support.mozilla.org/kb/captive-portal"  	[MsgId: MERR-35196]
End auto log messages stack.	[MsgId: MMSG-10544]

Start auto log messages stack - Iteration 719.	[MsgId: MMSG-10545]
Starting action Action.	[MsgId: MMSG-15919]
Action.c(4): web_url("canonical.html") started  	[MsgId: MMSG-26355]
Action.c(4): Detected non-resource "https://support.mozilla.org/kb/captive-portal" in "http://detectportal.firefox.com/canonical.html"  	[MsgId: MMSG-26573]
Action.c(4): Error -35196: HTTP Status-Code=429 (Retry With) for "https://support.mozilla.org/kb/captive-portal"  	[MsgId: MERR-35196]
End auto log messages stack.	[MsgId: MMSG-10544]

Start auto log messages stack - Iteration 720.	[MsgId: MMSG-10545]
Starting action Action.	[MsgId: MMSG-15919]
Action.c(4): web_url("canonical.html") started  	[MsgId: MMSG-26355]
Action.c(4): Detected non-resource "https://support.mozilla.org/kb/captive-portal" in "http://detectportal.firefox.com/canonical.html"  	[MsgId: MMSG-26573]
Action.c(4): Error -35196: HTTP Status-Code=429 (Retry With) for "https://support.mozilla.org/kb/captive-portal"  	[MsgId: MERR-35196]
End auto log messages stack.	[MsgId: MMSG-10544]

Start auto log messages stack - Iteration 721.	[MsgId: MMSG-10545]
Starting action Action.	[MsgId: MMSG-15919]
Action.c(4): web_url("canonical.html") started  	[MsgId: MMSG-26355]
Action.c(4): Detected non-resource "https://support.mozilla.org/kb/captive-portal" in "http://detectportal.firefox.com/canonical.html"  	[MsgId: MMSG-26573]
Action.c(4): Error -35196: HTTP Status-Code=429 (Retry With) for "https://support.mozilla.org/kb/captive-portal"  	[MsgId: MERR-35196]
End auto log messages stack.	[MsgId: MMSG-10544]

Start auto log messages stack - Iteration 722.	[MsgId: MMSG-10545]
Starting action Action.	[MsgId: MMSG-15919]
Action.c(4): web_url("canonical.html") started  	[MsgId: MMSG-26355]
Action.c(4): Detected non-resource "https://support.mozilla.org/kb/captive-portal" in "http://detectportal.firefox.com/canonical.html"  	[MsgId: MMSG-26573]
Action.c(4): Error -35196: HTTP Status-Code=429 (Retry With) for "https://support.mozilla.org/kb/captive-portal"  	[MsgId: MERR-35196]
End auto log messages stack.	[MsgId: MMSG-10544]

Start auto log messages stack - Iteration 723.	[MsgId: MMSG-10545]
Starting action Action.	[MsgId: MMSG-15919]
Action.c(4): web_url("canonical.html") started  	[MsgId: MMSG-26355]
Action.c(4): Detected non-resource "https://support.mozilla.org/kb/captive-portal" in "http://detectportal.firefox.com/canonical.html"  	[MsgId: MMSG-26573]
Action.c(4): Error -35196: HTTP Status-Code=429 (Retry With) for "https://support.mozilla.org/kb/captive-portal"  	[MsgId: MERR-35196]
End auto log messages stack.	[MsgId: MMSG-10544]

Start auto log messages stack - Iteration 724.	[MsgId: MMSG-10545]
Starting action Action.	[MsgId: MMSG-15919]
Action.c(4): web_url("canonical.html") started  	[MsgId: MMSG-26355]
Action.c(4): Detected non-resource "https://support.mozilla.org/kb/captive-portal" in "http://detectportal.firefox.com/canonical.html"  	[MsgId: MMSG-26573]
Action.c(4): Error -35196: HTTP Status-Code=429 (Retry With) for "https://support.mozilla.org/kb/captive-portal"  	[MsgId: MERR-35196]
End auto log messages stack.	[MsgId: MMSG-10544]

Start auto log messages stack - Iteration 725.	[MsgId: MMSG-10545]
Starting action Action.	[MsgId: MMSG-15919]
Action.c(4): web_url("canonical.html") started  	[MsgId: MMSG-26355]
Action.c(4): Detected non-resource "https://support.mozilla.org/kb/captive-portal" in "http://detectportal.firefox.com/canonical.html"  	[MsgId: MMSG-26573]
Action.c(4): Error -35196: HTTP Status-Code=429 (Retry With) for "https://support.mozilla.org/kb/captive-portal"  	[MsgId: MERR-35196]
End auto log messages stack.	[MsgId: MMSG-10544]

Start auto log messages stack - Iteration 726.	[MsgId: MMSG-10545]
Starting action Action.	[MsgId: MMSG-15919]
Action.c(4): web_url("canonical.html") started  	[MsgId: MMSG-26355]
Action.c(4): Detected non-resource "https://support.mozilla.org/kb/captive-portal" in "http://detectportal.firefox.com/canonical.html"  	[MsgId: MMSG-26573]
Action.c(4): Error -35196: HTTP Status-Code=429 (Retry With) for "https://support.mozilla.org/kb/captive-portal"  	[MsgId: MERR-35196]
End auto log messages stack.	[MsgId: MMSG-10544]

Start auto log messages stack - Iteration 727.	[MsgId: MMSG-10545]
Starting action Action.	[MsgId: MMSG-15919]
Action.c(4): web_url("canonical.html") started  	[MsgId: MMSG-26355]
Action.c(4): Detected non-resource "https://support.mozilla.org/kb/captive-portal" in "http://detectportal.firefox.com/canonical.html"  	[MsgId: MMSG-26573]
Action.c(4): Error -35196: HTTP Status-Code=429 (Retry With) for "https://support.mozilla.org/kb/captive-portal"  	[MsgId: MERR-35196]
End auto log messages stack.	[MsgId: MMSG-10544]

Start auto log messages stack - Iteration 728.	[MsgId: MMSG-10545]
Starting action Action.	[MsgId: MMSG-15919]
Action.c(4): web_url("canonical.html") started  	[MsgId: MMSG-26355]
Action.c(4): Detected non-resource "https://support.mozilla.org/kb/captive-portal" in "http://detectportal.firefox.com/canonical.html"  	[MsgId: MMSG-26573]
Action.c(4): Error -35196: HTTP Status-Code=429 (Retry With) for "https://support.mozilla.org/kb/captive-portal"  	[MsgId: MERR-35196]
End auto log messages stack.	[MsgId: MMSG-10544]

Start auto log messages stack - Iteration 729.	[MsgId: MMSG-10545]
Starting action Action.	[MsgId: MMSG-15919]
Action.c(4): web_url("canonical.html") started  	[MsgId: MMSG-26355]
Action.c(4): Detected non-resource "https://support.mozilla.org/kb/captive-portal" in "http://detectportal.firefox.com/canonical.html"  	[MsgId: MMSG-26573]
Action.c(4): Error -35196: HTTP Status-Code=429 (Retry With) for "https://support.mozilla.org/kb/captive-portal"  	[MsgId: MERR-35196]
End auto log messages stack.	[MsgId: MMSG-10544]

Start auto log messages stack - Iteration 730.	[MsgId: MMSG-10545]
Starting action Action.	[MsgId: MMSG-15919]
Action.c(4): web_url("canonical.html") started  	[MsgId: MMSG-26355]
Action.c(4): Detected non-resource "https://support.mozilla.org/kb/captive-portal" in "http://detectportal.firefox.com/canonical.html"  	[MsgId: MMSG-26573]
Action.c(4): Error -35196: HTTP Status-Code=429 (Retry With) for "https://support.mozilla.org/kb/captive-portal"  	[MsgId: MERR-35196]
End auto log messages stack.	[MsgId: MMSG-10544]

Start auto log messages stack - Iteration 731.	[MsgId: MMSG-10545]
Starting action Action.	[MsgId: MMSG-15919]
Action.c(4): web_url("canonical.html") started  	[MsgId: MMSG-26355]
Action.c(4): Detected non-resource "https://support.mozilla.org/kb/captive-portal" in "http://detectportal.firefox.com/canonical.html"  	[MsgId: MMSG-26573]
Action.c(4): Error -35196: HTTP Status-Code=429 (Retry With) for "https://support.mozilla.org/kb/captive-portal"  	[MsgId: MERR-35196]
End auto log messages stack.	[MsgId: MMSG-10544]

Start auto log messages stack - Iteration 732.	[MsgId: MMSG-10545]
Starting action Action.	[MsgId: MMSG-15919]
Action.c(4): web_url("canonical.html") started  	[MsgId: MMSG-26355]
Action.c(4): Detected non-resource "https://support.mozilla.org/kb/captive-portal" in "http://detectportal.firefox.com/canonical.html"  	[MsgId: MMSG-26573]
Action.c(4): Error -35196: HTTP Status-Code=429 (Retry With) for "https://support.mozilla.org/kb/captive-portal"  	[MsgId: MERR-35196]
End auto log messages stack.	[MsgId: MMSG-10544]

Start auto log messages stack - Iteration 733.	[MsgId: MMSG-10545]
Starting action Action.	[MsgId: MMSG-15919]
Action.c(4): web_url("canonical.html") started  	[MsgId: MMSG-26355]
Action.c(4): Detected non-resource "https://support.mozilla.org/kb/captive-portal" in "http://detectportal.firefox.com/canonical.html"  	[MsgId: MMSG-26573]
Action.c(4): Error -35196: HTTP Status-Code=429 (Retry With) for "https://support.mozilla.org/kb/captive-portal"  	[MsgId: MERR-35196]
End auto log messages stack.	[MsgId: MMSG-10544]

Start auto log messages stack - Iteration 734.	[MsgId: MMSG-10545]
Starting action Action.	[MsgId: MMSG-15919]
Action.c(4): web_url("canonical.html") started  	[MsgId: MMSG-26355]
Action.c(4): Detected non-resource "https://support.mozilla.org/kb/captive-portal" in "http://detectportal.firefox.com/canonical.html"  	[MsgId: MMSG-26573]
Action.c(4): Error -35196: HTTP Status-Code=429 (Retry With) for "https://support.mozilla.org/kb/captive-portal"  	[MsgId: MERR-35196]
End auto log messages stack.	[MsgId: MMSG-10544]

Start auto log messages stack - Iteration 735.	[MsgId: MMSG-10545]
Starting action Action.	[MsgId: MMSG-15919]
Action.c(4): web_url("canonical.html") started  	[MsgId: MMSG-26355]
Action.c(4): Detected non-resource "https://support.mozilla.org/kb/captive-portal" in "http://detectportal.firefox.com/canonical.html"  	[MsgId: MMSG-26573]
Action.c(4): Error -35196: HTTP Status-Code=429 (Retry With) for "https://support.mozilla.org/kb/captive-portal"  	[MsgId: MERR-35196]
End auto log messages stack.	[MsgId: MMSG-10544]

Start auto log messages stack - Iteration 736.	[MsgId: MMSG-10545]
Starting action Action.	[MsgId: MMSG-15919]
Action.c(4): web_url("canonical.html") started  	[MsgId: MMSG-26355]
Action.c(4): Detected non-resource "https://support.mozilla.org/kb/captive-portal" in "http://detectportal.firefox.com/canonical.html"  	[MsgId: MMSG-26573]
Action.c(4): Error -35196: HTTP Status-Code=429 (Retry With) for "https://support.mozilla.org/kb/captive-portal"  	[MsgId: MERR-35196]
End auto log messages stack.	[MsgId: MMSG-10544]

Start auto log messages stack - Iteration 737.	[MsgId: MMSG-10545]
Starting action Action.	[MsgId: MMSG-15919]
Action.c(4): web_url("canonical.html") started  	[MsgId: MMSG-26355]
Action.c(4): Detected non-resource "https://support.mozilla.org/kb/captive-portal" in "http://detectportal.firefox.com/canonical.html"  	[MsgId: MMSG-26573]
Action.c(4): Error -35196: HTTP Status-Code=429 (Retry With) for "https://support.mozilla.org/kb/captive-portal"  	[MsgId: MERR-35196]
End auto log messages stack.	[MsgId: MMSG-10544]

Start auto log messages stack - Iteration 738.	[MsgId: MMSG-10545]
Starting action Action.	[MsgId: MMSG-15919]
Action.c(4): web_url("canonical.html") started  	[MsgId: MMSG-26355]
Action.c(4): Detected non-resource "https://support.mozilla.org/kb/captive-portal" in "http://detectportal.firefox.com/canonical.html"  	[MsgId: MMSG-26573]
Action.c(4): Error -35196: HTTP Status-Code=429 (Retry With) for "https://support.mozilla.org/kb/captive-portal"  	[MsgId: MERR-35196]
End auto log messages stack.	[MsgId: MMSG-10544]

Start auto log messages stack - Iteration 739.	[MsgId: MMSG-10545]
Starting action Action.	[MsgId: MMSG-15919]
Action.c(4): web_url("canonical.html") started  	[MsgId: MMSG-26355]
Action.c(4): Detected non-resource "https://support.mozilla.org/kb/captive-portal" in "http://detectportal.firefox.com/canonical.html"  	[MsgId: MMSG-26573]
Action.c(4): Error -35196: HTTP Status-Code=429 (Retry With) for "https://support.mozilla.org/kb/captive-portal"  	[MsgId: MERR-35196]
End auto log messages stack.	[MsgId: MMSG-10544]

Start auto log messages stack - Iteration 740.	[MsgId: MMSG-10545]
Starting action Action.	[MsgId: MMSG-15919]
Action.c(4): web_url("canonical.html") started  	[MsgId: MMSG-26355]
Action.c(4): Detected non-resource "https://support.mozilla.org/kb/captive-portal" in "http://detectportal.firefox.com/canonical.html"  	[MsgId: MMSG-26573]
Action.c(4): Error -35196: HTTP Status-Code=429 (Retry With) for "https://support.mozilla.org/kb/captive-portal"  	[MsgId: MERR-35196]
End auto log messages stack.	[MsgId: MMSG-10544]

Start auto log messages stack - Iteration 741.	[MsgId: MMSG-10545]
Starting action Action.	[MsgId: MMSG-15919]
Action.c(4): web_url("canonical.html") started  	[MsgId: MMSG-26355]
Action.c(4): Detected non-resource "https://support.mozilla.org/kb/captive-portal" in "http://detectportal.firefox.com/canonical.html"  	[MsgId: MMSG-26573]
Action.c(4): Error -35196: HTTP Status-Code=429 (Retry With) for "https://support.mozilla.org/kb/captive-portal"  	[MsgId: MERR-35196]
End auto log messages stack.	[MsgId: MMSG-10544]

Start auto log messages stack - Iteration 742.	[MsgId: MMSG-10545]
Starting action Action.	[MsgId: MMSG-15919]
Action.c(4): web_url("canonical.html") started  	[MsgId: MMSG-26355]
Action.c(4): Detected non-resource "https://support.mozilla.org/kb/captive-portal" in "http://detectportal.firefox.com/canonical.html"  	[MsgId: MMSG-26573]
Action.c(4): Error -35196: HTTP Status-Code=429 (Retry With) for "https://support.mozilla.org/kb/captive-portal"  	[MsgId: MERR-35196]
End auto log messages stack.	[MsgId: MMSG-10544]

Start auto log messages stack - Iteration 743.	[MsgId: MMSG-10545]
Starting action Action.	[MsgId: MMSG-15919]
Action.c(4): web_url("canonical.html") started  	[MsgId: MMSG-26355]
Action.c(4): Detected non-resource "https://support.mozilla.org/kb/captive-portal" in "http://detectportal.firefox.com/canonical.html"  	[MsgId: MMSG-26573]
Action.c(4): Error -35196: HTTP Status-Code=429 (Retry With) for "https://support.mozilla.org/kb/captive-portal"  	[MsgId: MERR-35196]
End auto log messages stack.	[MsgId: MMSG-10544]

Start auto log messages stack - Iteration 744.	[MsgId: MMSG-10545]
Starting action Action.	[MsgId: MMSG-15919]
Action.c(4): web_url("canonical.html") started  	[MsgId: MMSG-26355]
Action.c(4): Detected non-resource "https://support.mozilla.org/kb/captive-portal" in "http://detectportal.firefox.com/canonical.html"  	[MsgId: MMSG-26573]
Action.c(4): Error -35196: HTTP Status-Code=429 (Retry With) for "https://support.mozilla.org/kb/captive-portal"  	[MsgId: MERR-35196]
End auto log messages stack.	[MsgId: MMSG-10544]

Start auto log messages stack - Iteration 745.	[MsgId: MMSG-10545]
Starting action Action.	[MsgId: MMSG-15919]
Action.c(4): web_url("canonical.html") started  	[MsgId: MMSG-26355]
Action.c(4): Detected non-resource "https://support.mozilla.org/kb/captive-portal" in "http://detectportal.firefox.com/canonical.html"  	[MsgId: MMSG-26573]
Action.c(4): Error -35196: HTTP Status-Code=429 (Retry With) for "https://support.mozilla.org/kb/captive-portal"  	[MsgId: MERR-35196]
End auto log messages stack.	[MsgId: MMSG-10544]

Start auto log messages stack - Iteration 746.	[MsgId: MMSG-10545]
Starting action Action.	[MsgId: MMSG-15919]
Action.c(4): web_url("canonical.html") started  	[MsgId: MMSG-26355]
Action.c(4): Detected non-resource "https://support.mozilla.org/kb/captive-portal" in "http://detectportal.firefox.com/canonical.html"  	[MsgId: MMSG-26573]
Action.c(4): Error -35196: HTTP Status-Code=429 (Retry With) for "https://support.mozilla.org/kb/captive-portal"  	[MsgId: MERR-35196]
End auto log messages stack.	[MsgId: MMSG-10544]

Start auto log messages stack - Iteration 747.	[MsgId: MMSG-10545]
Starting action Action.	[MsgId: MMSG-15919]
Action.c(4): web_url("canonical.html") started  	[MsgId: MMSG-26355]
Action.c(4): Detected non-resource "https://support.mozilla.org/kb/captive-portal" in "http://detectportal.firefox.com/canonical.html"  	[MsgId: MMSG-26573]
Action.c(4): Error -35196: HTTP Status-Code=429 (Retry With) for "https://support.mozilla.org/kb/captive-portal"  	[MsgId: MERR-35196]
End auto log messages stack.	[MsgId: MMSG-10544]

Start auto log messages stack - Iteration 748.	[MsgId: MMSG-10545]
Starting action Action.	[MsgId: MMSG-15919]
Action.c(4): web_url("canonical.html") started  	[MsgId: MMSG-26355]
Action.c(4): Detected non-resource "https://support.mozilla.org/kb/captive-portal" in "http://detectportal.firefox.com/canonical.html"  	[MsgId: MMSG-26573]
Action.c(4): Error -35196: HTTP Status-Code=429 (Retry With) for "https://support.mozilla.org/kb/captive-portal"  	[MsgId: MERR-35196]
End auto log messages stack.	[MsgId: MMSG-10544]

Start auto log messages stack - Iteration 749.	[MsgId: MMSG-10545]
Starting action Action.	[MsgId: MMSG-15919]
Action.c(4): web_url("canonical.html") started  	[MsgId: MMSG-26355]
Action.c(4): Detected non-resource "https://support.mozilla.org/kb/captive-portal" in "http://detectportal.firefox.com/canonical.html"  	[MsgId: MMSG-26573]
Action.c(4): Error -35196: HTTP Status-Code=429 (Retry With) for "https://support.mozilla.org/kb/captive-portal"  	[MsgId: MERR-35196]
End auto log messages stack.	[MsgId: MMSG-10544]

Start auto log messages stack - Iteration 750.	[MsgId: MMSG-10545]
Starting action Action.	[MsgId: MMSG-15919]
Action.c(4): web_url("canonical.html") started  	[MsgId: MMSG-26355]
Action.c(4): Detected non-resource "https://support.mozilla.org/kb/captive-portal" in "http://detectportal.firefox.com/canonical.html"  	[MsgId: MMSG-26573]
Action.c(4): Error -35196: HTTP Status-Code=429 (Retry With) for "https://support.mozilla.org/kb/captive-portal"  	[MsgId: MERR-35196]
End auto log messages stack.	[MsgId: MMSG-10544]

Start auto log messages stack - Iteration 751.	[MsgId: MMSG-10545]
Starting action Action.	[MsgId: MMSG-15919]
Action.c(4): web_url("canonical.html") started  	[MsgId: MMSG-26355]
Action.c(4): Detected non-resource "https://support.mozilla.org/kb/captive-portal" in "http://detectportal.firefox.com/canonical.html"  	[MsgId: MMSG-26573]
Action.c(4): Error -35196: HTTP Status-Code=429 (Retry With) for "https://support.mozilla.org/kb/captive-portal"  	[MsgId: MERR-35196]
End auto log messages stack.	[MsgId: MMSG-10544]

Start auto log messages stack - Iteration 752.	[MsgId: MMSG-10545]
Starting action Action.	[MsgId: MMSG-15919]
Action.c(4): web_url("canonical.html") started  	[MsgId: MMSG-26355]
Action.c(4): Detected non-resource "https://support.mozilla.org/kb/captive-portal" in "http://detectportal.firefox.com/canonical.html"  	[MsgId: MMSG-26573]
Action.c(4): Error -35196: HTTP Status-Code=429 (Retry With) for "https://support.mozilla.org/kb/captive-portal"  	[MsgId: MERR-35196]
End auto log messages stack.	[MsgId: MMSG-10544]

Start auto log messages stack - Iteration 753.	[MsgId: MMSG-10545]
Starting action Action.	[MsgId: MMSG-15919]
Action.c(4): web_url("canonical.html") started  	[MsgId: MMSG-26355]
Action.c(4): Detected non-resource "https://support.mozilla.org/kb/captive-portal" in "http://detectportal.firefox.com/canonical.html"  	[MsgId: MMSG-26573]
Action.c(4): Error -35196: HTTP Status-Code=429 (Retry With) for "https://support.mozilla.org/kb/captive-portal"  	[MsgId: MERR-35196]
End auto log messages stack.	[MsgId: MMSG-10544]

Start auto log messages stack - Iteration 754.	[MsgId: MMSG-10545]
Starting action Action.	[MsgId: MMSG-15919]
Action.c(4): web_url("canonical.html") started  	[MsgId: MMSG-26355]
Action.c(4): Detected non-resource "https://support.mozilla.org/kb/captive-portal" in "http://detectportal.firefox.com/canonical.html"  	[MsgId: MMSG-26573]
Action.c(4): Error -35196: HTTP Status-Code=429 (Retry With) for "https://support.mozilla.org/kb/captive-portal"  	[MsgId: MERR-35196]
End auto log messages stack.	[MsgId: MMSG-10544]

Start auto log messages stack - Iteration 755.	[MsgId: MMSG-10545]
Starting action Action.	[MsgId: MMSG-15919]
Action.c(4): web_url("canonical.html") started  	[MsgId: MMSG-26355]
Action.c(4): Detected non-resource "https://support.mozilla.org/kb/captive-portal" in "http://detectportal.firefox.com/canonical.html"  	[MsgId: MMSG-26573]
Action.c(4): Error -35196: HTTP Status-Code=429 (Retry With) for "https://support.mozilla.org/kb/captive-portal"  	[MsgId: MERR-35196]
End auto log messages stack.	[MsgId: MMSG-10544]

Start auto log messages stack - Iteration 756.	[MsgId: MMSG-10545]
Starting action Action.	[MsgId: MMSG-15919]
Action.c(4): web_url("canonical.html") started  	[MsgId: MMSG-26355]
Action.c(4): Detected non-resource "https://support.mozilla.org/kb/captive-portal" in "http://detectportal.firefox.com/canonical.html"  	[MsgId: MMSG-26573]
Action.c(4): Error -35196: HTTP Status-Code=429 (Retry With) for "https://support.mozilla.org/kb/captive-portal"  	[MsgId: MERR-35196]
End auto log messages stack.	[MsgId: MMSG-10544]

Start auto log messages stack - Iteration 757.	[MsgId: MMSG-10545]
Starting action Action.	[MsgId: MMSG-15919]
Action.c(4): web_url("canonical.html") started  	[MsgId: MMSG-26355]
Action.c(4): Detected non-resource "https://support.mozilla.org/kb/captive-portal" in "http://detectportal.firefox.com/canonical.html"  	[MsgId: MMSG-26573]
Action.c(4): Error -35196: HTTP Status-Code=429 (Retry With) for "https://support.mozilla.org/kb/captive-portal"  	[MsgId: MERR-35196]
End auto log messages stack.	[MsgId: MMSG-10544]

Start auto log messages stack - Iteration 758.	[MsgId: MMSG-10545]
Starting action Action.	[MsgId: MMSG-15919]
Action.c(4): web_url("canonical.html") started  	[MsgId: MMSG-26355]
Action.c(4): Detected non-resource "https://support.mozilla.org/kb/captive-portal" in "http://detectportal.firefox.com/canonical.html"  	[MsgId: MMSG-26573]
Action.c(4): Error -35196: HTTP Status-Code=429 (Retry With) for "https://support.mozilla.org/kb/captive-portal"  	[MsgId: MERR-35196]
End auto log messages stack.	[MsgId: MMSG-10544]

Start auto log messages stack - Iteration 759.	[MsgId: MMSG-10545]
Starting action Action.	[MsgId: MMSG-15919]
Action.c(4): web_url("canonical.html") started  	[MsgId: MMSG-26355]
Action.c(4): Detected non-resource "https://support.mozilla.org/kb/captive-portal" in "http://detectportal.firefox.com/canonical.html"  	[MsgId: MMSG-26573]
Action.c(4): Error -35196: HTTP Status-Code=429 (Retry With) for "https://support.mozilla.org/kb/captive-portal"  	[MsgId: MERR-35196]
End auto log messages stack.	[MsgId: MMSG-10544]

Start auto log messages stack - Iteration 760.	[MsgId: MMSG-10545]
Starting action Action.	[MsgId: MMSG-15919]
Action.c(4): web_url("canonical.html") started  	[MsgId: MMSG-26355]
Action.c(4): Detected non-resource "https://support.mozilla.org/kb/captive-portal" in "http://detectportal.firefox.com/canonical.html"  	[MsgId: MMSG-26573]
Action.c(4): Error -35196: HTTP Status-Code=429 (Retry With) for "https://support.mozilla.org/kb/captive-portal"  	[MsgId: MERR-35196]
End auto log messages stack.	[MsgId: MMSG-10544]

Start auto log messages stack - Iteration 761.	[MsgId: MMSG-10545]
Starting action Action.	[MsgId: MMSG-15919]
Action.c(4): web_url("canonical.html") started  	[MsgId: MMSG-26355]
Action.c(4): Detected non-resource "https://support.mozilla.org/kb/captive-portal" in "http://detectportal.firefox.com/canonical.html"  	[MsgId: MMSG-26573]
Action.c(4): Error -35196: HTTP Status-Code=429 (Retry With) for "https://support.mozilla.org/kb/captive-portal"  	[MsgId: MERR-35196]
End auto log messages stack.	[MsgId: MMSG-10544]

Start auto log messages stack - Iteration 762.	[MsgId: MMSG-10545]
Starting action Action.	[MsgId: MMSG-15919]
Action.c(4): web_url("canonical.html") started  	[MsgId: MMSG-26355]
Action.c(4): Detected non-resource "https://support.mozilla.org/kb/captive-portal" in "http://detectportal.firefox.com/canonical.html"  	[MsgId: MMSG-26573]
Action.c(4): Error -35196: HTTP Status-Code=429 (Retry With) for "https://support.mozilla.org/kb/captive-portal"  	[MsgId: MERR-35196]
End auto log messages stack.	[MsgId: MMSG-10544]

Start auto log messages stack - Iteration 763.	[MsgId: MMSG-10545]
Starting action Action.	[MsgId: MMSG-15919]
Action.c(4): web_url("canonical.html") started  	[MsgId: MMSG-26355]
Action.c(4): Detected non-resource "https://support.mozilla.org/kb/captive-portal" in "http://detectportal.firefox.com/canonical.html"  	[MsgId: MMSG-26573]
Action.c(4): Error -35196: HTTP Status-Code=429 (Retry With) for "https://support.mozilla.org/kb/captive-portal"  	[MsgId: MERR-35196]
End auto log messages stack.	[MsgId: MMSG-10544]

Start auto log messages stack - Iteration 764.	[MsgId: MMSG-10545]
Starting action Action.	[MsgId: MMSG-15919]
Action.c(4): web_url("canonical.html") started  	[MsgId: MMSG-26355]
Action.c(4): Detected non-resource "https://support.mozilla.org/kb/captive-portal" in "http://detectportal.firefox.com/canonical.html"  	[MsgId: MMSG-26573]
Action.c(4): Error -35196: HTTP Status-Code=429 (Retry With) for "https://support.mozilla.org/kb/captive-portal"  	[MsgId: MERR-35196]
End auto log messages stack.	[MsgId: MMSG-10544]

Start auto log messages stack - Iteration 765.	[MsgId: MMSG-10545]
Starting action Action.	[MsgId: MMSG-15919]
Action.c(4): web_url("canonical.html") started  	[MsgId: MMSG-26355]
Action.c(4): Detected non-resource "https://support.mozilla.org/kb/captive-portal" in "http://detectportal.firefox.com/canonical.html"  	[MsgId: MMSG-26573]
Action.c(4): Error -35196: HTTP Status-Code=429 (Retry With) for "https://support.mozilla.org/kb/captive-portal"  	[MsgId: MERR-35196]
End auto log messages stack.	[MsgId: MMSG-10544]

Start auto log messages stack - Iteration 766.	[MsgId: MMSG-10545]
Starting action Action.	[MsgId: MMSG-15919]
Action.c(4): web_url("canonical.html") started  	[MsgId: MMSG-26355]
Action.c(4): Detected non-resource "https://support.mozilla.org/kb/captive-portal" in "http://detectportal.firefox.com/canonical.html"  	[MsgId: MMSG-26573]
Action.c(4): Error -35196: HTTP Status-Code=429 (Retry With) for "https://support.mozilla.org/kb/captive-portal"  	[MsgId: MERR-35196]
End auto log messages stack.	[MsgId: MMSG-10544]

Start auto log messages stack - Iteration 767.	[MsgId: MMSG-10545]
Starting action Action.	[MsgId: MMSG-15919]
Action.c(4): web_url("canonical.html") started  	[MsgId: MMSG-26355]
Action.c(4): Detected non-resource "https://support.mozilla.org/kb/captive-portal" in "http://detectportal.firefox.com/canonical.html"  	[MsgId: MMSG-26573]
Action.c(4): Error -35196: HTTP Status-Code=429 (Retry With) for "https://support.mozilla.org/kb/captive-portal"  	[MsgId: MERR-35196]
End auto log messages stack.	[MsgId: MMSG-10544]

Start auto log messages stack - Iteration 768.	[MsgId: MMSG-10545]
Starting action Action.	[MsgId: MMSG-15919]
Action.c(4): web_url("canonical.html") started  	[MsgId: MMSG-26355]
Action.c(4): Detected non-resource "https://support.mozilla.org/kb/captive-portal" in "http://detectportal.firefox.com/canonical.html"  	[MsgId: MMSG-26573]
Action.c(4): Error -35196: HTTP Status-Code=429 (Retry With) for "https://support.mozilla.org/kb/captive-portal"  	[MsgId: MERR-35196]
End auto log messages stack.	[MsgId: MMSG-10544]

Start auto log messages stack - Iteration 769.	[MsgId: MMSG-10545]
Starting action Action.	[MsgId: MMSG-15919]
Action.c(4): web_url("canonical.html") started  	[MsgId: MMSG-26355]
Action.c(4): Detected non-resource "https://support.mozilla.org/kb/captive-portal" in "http://detectportal.firefox.com/canonical.html"  	[MsgId: MMSG-26573]
Action.c(4): Error -35196: HTTP Status-Code=429 (Retry With) for "https://support.mozilla.org/kb/captive-portal"  	[MsgId: MERR-35196]
End auto log messages stack.	[MsgId: MMSG-10544]

Start auto log messages stack - Iteration 770.	[MsgId: MMSG-10545]
Starting action Action.	[MsgId: MMSG-15919]
Action.c(4): web_url("canonical.html") started  	[MsgId: MMSG-26355]
Action.c(4): Detected non-resource "https://support.mozilla.org/kb/captive-portal" in "http://detectportal.firefox.com/canonical.html"  	[MsgId: MMSG-26573]
Action.c(4): Error -35196: HTTP Status-Code=429 (Retry With) for "https://support.mozilla.org/kb/captive-portal"  	[MsgId: MERR-35196]
End auto log messages stack.	[MsgId: MMSG-10544]

Start auto log messages stack - Iteration 771.	[MsgId: MMSG-10545]
Starting action Action.	[MsgId: MMSG-15919]
Action.c(4): web_url("canonical.html") started  	[MsgId: MMSG-26355]
Action.c(4): Detected non-resource "https://support.mozilla.org/kb/captive-portal" in "http://detectportal.firefox.com/canonical.html"  	[MsgId: MMSG-26573]
Action.c(4): Error -35196: HTTP Status-Code=429 (Retry With) for "https://support.mozilla.org/kb/captive-portal"  	[MsgId: MERR-35196]
End auto log messages stack.	[MsgId: MMSG-10544]

Start auto log messages stack - Iteration 772.	[MsgId: MMSG-10545]
Starting action Action.	[MsgId: MMSG-15919]
Action.c(4): web_url("canonical.html") started  	[MsgId: MMSG-26355]
Action.c(4): Detected non-resource "https://support.mozilla.org/kb/captive-portal" in "http://detectportal.firefox.com/canonical.html"  	[MsgId: MMSG-26573]
Action.c(4): Error -35196: HTTP Status-Code=429 (Retry With) for "https://support.mozilla.org/kb/captive-portal"  	[MsgId: MERR-35196]
End auto log messages stack.	[MsgId: MMSG-10544]

Start auto log messages stack - Iteration 773.	[MsgId: MMSG-10545]
Starting action Action.	[MsgId: MMSG-15919]
Action.c(4): web_url("canonical.html") started  	[MsgId: MMSG-26355]
Action.c(4): Detected non-resource "https://support.mozilla.org/kb/captive-portal" in "http://detectportal.firefox.com/canonical.html"  	[MsgId: MMSG-26573]
Action.c(4): Error -35196: HTTP Status-Code=429 (Retry With) for "https://support.mozilla.org/kb/captive-portal"  	[MsgId: MERR-35196]
End auto log messages stack.	[MsgId: MMSG-10544]

Start auto log messages stack - Iteration 774.	[MsgId: MMSG-10545]
Starting action Action.	[MsgId: MMSG-15919]
Action.c(4): web_url("canonical.html") started  	[MsgId: MMSG-26355]
Action.c(4): Detected non-resource "https://support.mozilla.org/kb/captive-portal" in "http://detectportal.firefox.com/canonical.html"  	[MsgId: MMSG-26573]
Action.c(4): Error -35196: HTTP Status-Code=429 (Retry With) for "https://support.mozilla.org/kb/captive-portal"  	[MsgId: MERR-35196]
End auto log messages stack.	[MsgId: MMSG-10544]

Start auto log messages stack - Iteration 775.	[MsgId: MMSG-10545]
Starting action Action.	[MsgId: MMSG-15919]
Action.c(4): web_url("canonical.html") started  	[MsgId: MMSG-26355]
Action.c(4): Detected non-resource "https://support.mozilla.org/kb/captive-portal" in "http://detectportal.firefox.com/canonical.html"  	[MsgId: MMSG-26573]
Action.c(4): Error -35196: HTTP Status-Code=429 (Retry With) for "https://support.mozilla.org/kb/captive-portal"  	[MsgId: MERR-35196]
End auto log messages stack.	[MsgId: MMSG-10544]

Start auto log messages stack - Iteration 776.	[MsgId: MMSG-10545]
Starting action Action.	[MsgId: MMSG-15919]
Action.c(4): web_url("canonical.html") started  	[MsgId: MMSG-26355]
Action.c(4): Detected non-resource "https://support.mozilla.org/kb/captive-portal" in "http://detectportal.firefox.com/canonical.html"  	[MsgId: MMSG-26573]
Action.c(4): Error -35196: HTTP Status-Code=429 (Retry With) for "https://support.mozilla.org/kb/captive-portal"  	[MsgId: MERR-35196]
End auto log messages stack.	[MsgId: MMSG-10544]

Start auto log messages stack - Iteration 777.	[MsgId: MMSG-10545]
Starting action Action.	[MsgId: MMSG-15919]
Action.c(4): web_url("canonical.html") started  	[MsgId: MMSG-26355]
Action.c(4): Detected non-resource "https://support.mozilla.org/kb/captive-portal" in "http://detectportal.firefox.com/canonical.html"  	[MsgId: MMSG-26573]
Action.c(4): Error -35196: HTTP Status-Code=429 (Retry With) for "https://support.mozilla.org/kb/captive-portal"  	[MsgId: MERR-35196]
End auto log messages stack.	[MsgId: MMSG-10544]

Start auto log messages stack - Iteration 778.	[MsgId: MMSG-10545]
Starting action Action.	[MsgId: MMSG-15919]
Action.c(4): web_url("canonical.html") started  	[MsgId: MMSG-26355]
Action.c(4): Detected non-resource "https://support.mozilla.org/kb/captive-portal" in "http://detectportal.firefox.com/canonical.html"  	[MsgId: MMSG-26573]
Action.c(4): Error -35196: HTTP Status-Code=429 (Retry With) for "https://support.mozilla.org/kb/captive-portal"  	[MsgId: MERR-35196]
End auto log messages stack.	[MsgId: MMSG-10544]

Start auto log messages stack - Iteration 779.	[MsgId: MMSG-10545]
Starting action Action.	[MsgId: MMSG-15919]
Action.c(4): web_url("canonical.html") started  	[MsgId: MMSG-26355]
Action.c(4): Detected non-resource "https://support.mozilla.org/kb/captive-portal" in "http://detectportal.firefox.com/canonical.html"  	[MsgId: MMSG-26573]
Action.c(4): Error -35196: HTTP Status-Code=429 (Retry With) for "https://support.mozilla.org/kb/captive-portal"  	[MsgId: MERR-35196]
End auto log messages stack.	[MsgId: MMSG-10544]

Start auto log messages stack - Iteration 780.	[MsgId: MMSG-10545]
Starting action Action.	[MsgId: MMSG-15919]
Action.c(4): web_url("canonical.html") started  	[MsgId: MMSG-26355]
Action.c(4): Detected non-resource "https://support.mozilla.org/kb/captive-portal" in "http://detectportal.firefox.com/canonical.html"  	[MsgId: MMSG-26573]
Action.c(4): Error -35196: HTTP Status-Code=429 (Retry With) for "https://support.mozilla.org/kb/captive-portal"  	[MsgId: MERR-35196]
End auto log messages stack.	[MsgId: MMSG-10544]

Start auto log messages stack - Iteration 781.	[MsgId: MMSG-10545]
Starting action Action.	[MsgId: MMSG-15919]
Action.c(4): web_url("canonical.html") started  	[MsgId: MMSG-26355]
Action.c(4): Detected non-resource "https://support.mozilla.org/kb/captive-portal" in "http://detectportal.firefox.com/canonical.html"  	[MsgId: MMSG-26573]
Action.c(4): Error -35196: HTTP Status-Code=429 (Retry With) for "https://support.mozilla.org/kb/captive-portal"  	[MsgId: MERR-35196]
End auto log messages stack.	[MsgId: MMSG-10544]

Start auto log messages stack - Iteration 782.	[MsgId: MMSG-10545]
Starting action Action.	[MsgId: MMSG-15919]
Action.c(4): web_url("canonical.html") started  	[MsgId: MMSG-26355]
Action.c(4): Detected non-resource "https://support.mozilla.org/kb/captive-portal" in "http://detectportal.firefox.com/canonical.html"  	[MsgId: MMSG-26573]
Action.c(4): Error -35196: HTTP Status-Code=429 (Retry With) for "https://support.mozilla.org/kb/captive-portal"  	[MsgId: MERR-35196]
End auto log messages stack.	[MsgId: MMSG-10544]

Start auto log messages stack - Iteration 783.	[MsgId: MMSG-10545]
Starting action Action.	[MsgId: MMSG-15919]
Action.c(4): web_url("canonical.html") started  	[MsgId: MMSG-26355]
Action.c(4): Detected non-resource "https://support.mozilla.org/kb/captive-portal" in "http://detectportal.firefox.com/canonical.html"  	[MsgId: MMSG-26573]
Action.c(4): Error -35196: HTTP Status-Code=429 (Retry With) for "https://support.mozilla.org/kb/captive-portal"  	[MsgId: MERR-35196]
End auto log messages stack.	[MsgId: MMSG-10544]

Start auto log messages stack - Iteration 784.	[MsgId: MMSG-10545]
Starting action Action.	[MsgId: MMSG-15919]
Action.c(4): web_url("canonical.html") started  	[MsgId: MMSG-26355]
Action.c(4): Detected non-resource "https://support.mozilla.org/kb/captive-portal" in "http://detectportal.firefox.com/canonical.html"  	[MsgId: MMSG-26573]
Action.c(4): Error -35196: HTTP Status-Code=429 (Retry With) for "https://support.mozilla.org/kb/captive-portal"  	[MsgId: MERR-35196]
End auto log messages stack.	[MsgId: MMSG-10544]

Start auto log messages stack - Iteration 785.	[MsgId: MMSG-10545]
Starting action Action.	[MsgId: MMSG-15919]
Action.c(4): web_url("canonical.html") started  	[MsgId: MMSG-26355]
Action.c(4): Detected non-resource "https://support.mozilla.org/kb/captive-portal" in "http://detectportal.firefox.com/canonical.html"  	[MsgId: MMSG-26573]
Action.c(4): Error -35196: HTTP Status-Code=429 (Retry With) for "https://support.mozilla.org/kb/captive-portal"  	[MsgId: MERR-35196]
End auto log messages stack.	[MsgId: MMSG-10544]

Start auto log messages stack - Iteration 786.	[MsgId: MMSG-10545]
Starting action Action.	[MsgId: MMSG-15919]
Action.c(4): web_url("canonical.html") started  	[MsgId: MMSG-26355]
Action.c(4): Detected non-resource "https://support.mozilla.org/kb/captive-portal" in "http://detectportal.firefox.com/canonical.html"  	[MsgId: MMSG-26573]
Action.c(4): Error -35196: HTTP Status-Code=429 (Retry With) for "https://support.mozilla.org/kb/captive-portal"  	[MsgId: MERR-35196]
End auto log messages stack.	[MsgId: MMSG-10544]

Start auto log messages stack - Iteration 787.	[MsgId: MMSG-10545]
Starting action Action.	[MsgId: MMSG-15919]
Action.c(4): web_url("canonical.html") started  	[MsgId: MMSG-26355]
Action.c(4): Detected non-resource "https://support.mozilla.org/kb/captive-portal" in "http://detectportal.firefox.com/canonical.html"  	[MsgId: MMSG-26573]
Action.c(4): Error -35196: HTTP Status-Code=429 (Retry With) for "https://support.mozilla.org/kb/captive-portal"  	[MsgId: MERR-35196]
End auto log messages stack.	[MsgId: MMSG-10544]

Start auto log messages stack - Iteration 788.	[MsgId: MMSG-10545]
Starting action Action.	[MsgId: MMSG-15919]
Action.c(4): web_url("canonical.html") started  	[MsgId: MMSG-26355]
Action.c(4): Detected non-resource "https://support.mozilla.org/kb/captive-portal" in "http://detectportal.firefox.com/canonical.html"  	[MsgId: MMSG-26573]
Action.c(4): Error -35196: HTTP Status-Code=429 (Retry With) for "https://support.mozilla.org/kb/captive-portal"  	[MsgId: MERR-35196]
End auto log messages stack.	[MsgId: MMSG-10544]

Start auto log messages stack - Iteration 789.	[MsgId: MMSG-10545]
Starting action Action.	[MsgId: MMSG-15919]
Action.c(4): web_url("canonical.html") started  	[MsgId: MMSG-26355]
Action.c(4): Detected non-resource "https://support.mozilla.org/kb/captive-portal" in "http://detectportal.firefox.com/canonical.html"  	[MsgId: MMSG-26573]
Action.c(4): Error -35196: HTTP Status-Code=429 (Retry With) for "https://support.mozilla.org/kb/captive-portal"  	[MsgId: MERR-35196]
End auto log messages stack.	[MsgId: MMSG-10544]

Start auto log messages stack - Iteration 790.	[MsgId: MMSG-10545]
Starting action Action.	[MsgId: MMSG-15919]
Action.c(4): web_url("canonical.html") started  	[MsgId: MMSG-26355]
Action.c(4): Detected non-resource "https://support.mozilla.org/kb/captive-portal" in "http://detectportal.firefox.com/canonical.html"  	[MsgId: MMSG-26573]
Action.c(4): Error -35196: HTTP Status-Code=429 (Retry With) for "https://support.mozilla.org/kb/captive-portal"  	[MsgId: MERR-35196]
End auto log messages stack.	[MsgId: MMSG-10544]

Start auto log messages stack - Iteration 791.	[MsgId: MMSG-10545]
Starting action Action.	[MsgId: MMSG-15919]
Action.c(4): web_url("canonical.html") started  	[MsgId: MMSG-26355]
Action.c(4): Detected non-resource "https://support.mozilla.org/kb/captive-portal" in "http://detectportal.firefox.com/canonical.html"  	[MsgId: MMSG-26573]
Action.c(4): Error -35196: HTTP Status-Code=429 (Retry With) for "https://support.mozilla.org/kb/captive-portal"  	[MsgId: MERR-35196]
End auto log messages stack.	[MsgId: MMSG-10544]

Start auto log messages stack - Iteration 792.	[MsgId: MMSG-10545]
Starting action Action.	[MsgId: MMSG-15919]
Action.c(4): web_url("canonical.html") started  	[MsgId: MMSG-26355]
Action.c(4): Detected non-resource "https://support.mozilla.org/kb/captive-portal" in "http://detectportal.firefox.com/canonical.html"  	[MsgId: MMSG-26573]
Action.c(4): Error -35196: HTTP Status-Code=429 (Retry With) for "https://support.mozilla.org/kb/captive-portal"  	[MsgId: MERR-35196]
End auto log messages stack.	[MsgId: MMSG-10544]

Start auto log messages stack - Iteration 793.	[MsgId: MMSG-10545]
Starting action Action.	[MsgId: MMSG-15919]
Action.c(4): web_url("canonical.html") started  	[MsgId: MMSG-26355]
Action.c(4): Detected non-resource "https://support.mozilla.org/kb/captive-portal" in "http://detectportal.firefox.com/canonical.html"  	[MsgId: MMSG-26573]
Action.c(4): Error -35196: HTTP Status-Code=429 (Retry With) for "https://support.mozilla.org/kb/captive-portal"  	[MsgId: MERR-35196]
End auto log messages stack.	[MsgId: MMSG-10544]

Start auto log messages stack - Iteration 794.	[MsgId: MMSG-10545]
Starting action Action.	[MsgId: MMSG-15919]
Action.c(4): web_url("canonical.html") started  	[MsgId: MMSG-26355]
Action.c(4): Detected non-resource "https://support.mozilla.org/kb/captive-portal" in "http://detectportal.firefox.com/canonical.html"  	[MsgId: MMSG-26573]
Action.c(4): Error -35196: HTTP Status-Code=429 (Retry With) for "https://support.mozilla.org/kb/captive-portal"  	[MsgId: MERR-35196]
End auto log messages stack.	[MsgId: MMSG-10544]

Start auto log messages stack - Iteration 795.	[MsgId: MMSG-10545]
Starting action Action.	[MsgId: MMSG-15919]
Action.c(4): web_url("canonical.html") started  	[MsgId: MMSG-26355]
Action.c(4): Detected non-resource "https://support.mozilla.org/kb/captive-portal" in "http://detectportal.firefox.com/canonical.html"  	[MsgId: MMSG-26573]
Action.c(4): Error -35196: HTTP Status-Code=429 (Retry With) for "https://support.mozilla.org/kb/captive-portal"  	[MsgId: MERR-35196]
End auto log messages stack.	[MsgId: MMSG-10544]

Start auto log messages stack - Iteration 796.	[MsgId: MMSG-10545]
Starting action Action.	[MsgId: MMSG-15919]
Action.c(4): web_url("canonical.html") started  	[MsgId: MMSG-26355]
Action.c(4): Detected non-resource "https://support.mozilla.org/kb/captive-portal" in "http://detectportal.firefox.com/canonical.html"  	[MsgId: MMSG-26573]
Action.c(4): Error -35196: HTTP Status-Code=429 (Retry With) for "https://support.mozilla.org/kb/captive-portal"  	[MsgId: MERR-35196]
End auto log messages stack.	[MsgId: MMSG-10544]

Start auto log messages stack - Iteration 797.	[MsgId: MMSG-10545]
Starting action Action.	[MsgId: MMSG-15919]
Action.c(4): web_url("canonical.html") started  	[MsgId: MMSG-26355]
Action.c(4): Detected non-resource "https://support.mozilla.org/kb/captive-portal" in "http://detectportal.firefox.com/canonical.html"  	[MsgId: MMSG-26573]
Action.c(4): Error -35196: HTTP Status-Code=429 (Retry With) for "https://support.mozilla.org/kb/captive-portal"  	[MsgId: MERR-35196]
End auto log messages stack.	[MsgId: MMSG-10544]

Start auto log messages stack - Iteration 798.	[MsgId: MMSG-10545]
Starting action Action.	[MsgId: MMSG-15919]
Action.c(4): web_url("canonical.html") started  	[MsgId: MMSG-26355]
Action.c(4): Detected non-resource "https://support.mozilla.org/kb/captive-portal" in "http://detectportal.firefox.com/canonical.html"  	[MsgId: MMSG-26573]
Action.c(4): Error -35196: HTTP Status-Code=429 (Retry With) for "https://support.mozilla.org/kb/captive-portal"  	[MsgId: MERR-35196]
End auto log messages stack.	[MsgId: MMSG-10544]

Start auto log messages stack - Iteration 799.	[MsgId: MMSG-10545]
Starting action Action.	[MsgId: MMSG-15919]
Action.c(4): web_url("canonical.html") started  	[MsgId: MMSG-26355]
Action.c(4): Detected non-resource "https://support.mozilla.org/kb/captive-portal" in "http://detectportal.firefox.com/canonical.html"  	[MsgId: MMSG-26573]
Action.c(4): Error -35196: HTTP Status-Code=429 (Retry With) for "https://support.mozilla.org/kb/captive-portal"  	[MsgId: MERR-35196]
End auto log messages stack.	[MsgId: MMSG-10544]

Start auto log messages stack - Iteration 800.	[MsgId: MMSG-10545]
Starting action Action.	[MsgId: MMSG-15919]
Action.c(4): web_url("canonical.html") started  	[MsgId: MMSG-26355]
Action.c(4): Detected non-resource "https://support.mozilla.org/kb/captive-portal" in "http://detectportal.firefox.com/canonical.html"  	[MsgId: MMSG-26573]
Action.c(4): Error -35196: HTTP Status-Code=429 (Retry With) for "https://support.mozilla.org/kb/captive-portal"  	[MsgId: MERR-35196]
End auto log messages stack.	[MsgId: MMSG-10544]

Start auto log messages stack - Iteration 801.	[MsgId: MMSG-10545]
Starting action Action.	[MsgId: MMSG-15919]
Action.c(4): web_url("canonical.html") started  	[MsgId: MMSG-26355]
Action.c(4): Detected non-resource "https://support.mozilla.org/kb/captive-portal" in "http://detectportal.firefox.com/canonical.html"  	[MsgId: MMSG-26573]
Action.c(4): Error -35196: HTTP Status-Code=429 (Retry With) for "https://support.mozilla.org/kb/captive-portal"  	[MsgId: MERR-35196]
End auto log messages stack.	[MsgId: MMSG-10544]

Start auto log messages stack - Iteration 802.	[MsgId: MMSG-10545]
Starting action Action.	[MsgId: MMSG-15919]
Action.c(4): web_url("canonical.html") started  	[MsgId: MMSG-26355]
Action.c(4): Detected non-resource "https://support.mozilla.org/kb/captive-portal" in "http://detectportal.firefox.com/canonical.html"  	[MsgId: MMSG-26573]
Action.c(4): Error -35196: HTTP Status-Code=429 (Retry With) for "https://support.mozilla.org/kb/captive-portal"  	[MsgId: MERR-35196]
End auto log messages stack.	[MsgId: MMSG-10544]

Start auto log messages stack - Iteration 803.	[MsgId: MMSG-10545]
Starting action Action.	[MsgId: MMSG-15919]
Action.c(4): web_url("canonical.html") started  	[MsgId: MMSG-26355]
Action.c(4): Detected non-resource "https://support.mozilla.org/kb/captive-portal" in "http://detectportal.firefox.com/canonical.html"  	[MsgId: MMSG-26573]
Action.c(4): Error -35196: HTTP Status-Code=429 (Retry With) for "https://support.mozilla.org/kb/captive-portal"  	[MsgId: MERR-35196]
End auto log messages stack.	[MsgId: MMSG-10544]

Start auto log messages stack - Iteration 804.	[MsgId: MMSG-10545]
Starting action Action.	[MsgId: MMSG-15919]
Action.c(4): web_url("canonical.html") started  	[MsgId: MMSG-26355]
Action.c(4): Detected non-resource "https://support.mozilla.org/kb/captive-portal" in "http://detectportal.firefox.com/canonical.html"  	[MsgId: MMSG-26573]
Action.c(4): Error -35196: HTTP Status-Code=429 (Retry With) for "https://support.mozilla.org/kb/captive-portal"  	[MsgId: MERR-35196]
End auto log messages stack.	[MsgId: MMSG-10544]

Start auto log messages stack - Iteration 805.	[MsgId: MMSG-10545]
Starting action Action.	[MsgId: MMSG-15919]
Action.c(4): web_url("canonical.html") started  	[MsgId: MMSG-26355]
Action.c(4): Detected non-resource "https://support.mozilla.org/kb/captive-portal" in "http://detectportal.firefox.com/canonical.html"  	[MsgId: MMSG-26573]
Action.c(4): Error -35196: HTTP Status-Code=429 (Retry With) for "https://support.mozilla.org/kb/captive-portal"  	[MsgId: MERR-35196]
End auto log messages stack.	[MsgId: MMSG-10544]

Start auto log messages stack - Iteration 806.	[MsgId: MMSG-10545]
Starting action Action.	[MsgId: MMSG-15919]
Action.c(4): web_url("canonical.html") started  	[MsgId: MMSG-26355]
Action.c(4): Detected non-resource "https://support.mozilla.org/kb/captive-portal" in "http://detectportal.firefox.com/canonical.html"  	[MsgId: MMSG-26573]
Action.c(4): Error -35196: HTTP Status-Code=429 (Retry With) for "https://support.mozilla.org/kb/captive-portal"  	[MsgId: MERR-35196]
End auto log messages stack.	[MsgId: MMSG-10544]

Start auto log messages stack - Iteration 807.	[MsgId: MMSG-10545]
Starting action Action.	[MsgId: MMSG-15919]
Action.c(4): web_url("canonical.html") started  	[MsgId: MMSG-26355]
Action.c(4): Detected non-resource "https://support.mozilla.org/kb/captive-portal" in "http://detectportal.firefox.com/canonical.html"  	[MsgId: MMSG-26573]
Action.c(4): Error -35196: HTTP Status-Code=429 (Retry With) for "https://support.mozilla.org/kb/captive-portal"  	[MsgId: MERR-35196]
End auto log messages stack.	[MsgId: MMSG-10544]

Start auto log messages stack - Iteration 808.	[MsgId: MMSG-10545]
Starting action Action.	[MsgId: MMSG-15919]
Action.c(4): web_url("canonical.html") started  	[MsgId: MMSG-26355]
Action.c(4): Detected non-resource "https://support.mozilla.org/kb/captive-portal" in "http://detectportal.firefox.com/canonical.html"  	[MsgId: MMSG-26573]
Action.c(4): Error -35196: HTTP Status-Code=429 (Retry With) for "https://support.mozilla.org/kb/captive-portal"  	[MsgId: MERR-35196]
End auto log messages stack.	[MsgId: MMSG-10544]

Start auto log messages stack - Iteration 809.	[MsgId: MMSG-10545]
Starting action Action.	[MsgId: MMSG-15919]
Action.c(4): web_url("canonical.html") started  	[MsgId: MMSG-26355]
Action.c(4): Detected non-resource "https://support.mozilla.org/kb/captive-portal" in "http://detectportal.firefox.com/canonical.html"  	[MsgId: MMSG-26573]
Action.c(4): Error -35196: HTTP Status-Code=429 (Retry With) for "https://support.mozilla.org/kb/captive-portal"  	[MsgId: MERR-35196]
End auto log messages stack.	[MsgId: MMSG-10544]

Start auto log messages stack - Iteration 810.	[MsgId: MMSG-10545]
Starting action Action.	[MsgId: MMSG-15919]
Action.c(4): web_url("canonical.html") started  	[MsgId: MMSG-26355]
Action.c(4): Detected non-resource "https://support.mozilla.org/kb/captive-portal" in "http://detectportal.firefox.com/canonical.html"  	[MsgId: MMSG-26573]
Action.c(4): Error -35196: HTTP Status-Code=429 (Retry With) for "https://support.mozilla.org/kb/captive-portal"  	[MsgId: MERR-35196]
End auto log messages stack.	[MsgId: MMSG-10544]

Start auto log messages stack - Iteration 811.	[MsgId: MMSG-10545]
Starting action Action.	[MsgId: MMSG-15919]
Action.c(4): web_url("canonical.html") started  	[MsgId: MMSG-26355]
Action.c(4): Detected non-resource "https://support.mozilla.org/kb/captive-portal" in "http://detectportal.firefox.com/canonical.html"  	[MsgId: MMSG-26573]
Action.c(4): Error -35196: HTTP Status-Code=429 (Retry With) for "https://support.mozilla.org/kb/captive-portal"  	[MsgId: MERR-35196]
End auto log messages stack.	[MsgId: MMSG-10544]

Start auto log messages stack - Iteration 812.	[MsgId: MMSG-10545]
Starting action Action.	[MsgId: MMSG-15919]
Action.c(4): web_url("canonical.html") started  	[MsgId: MMSG-26355]
Action.c(4): Detected non-resource "https://support.mozilla.org/kb/captive-portal" in "http://detectportal.firefox.com/canonical.html"  	[MsgId: MMSG-26573]
Action.c(4): Error -35196: HTTP Status-Code=429 (Retry With) for "https://support.mozilla.org/kb/captive-portal"  	[MsgId: MERR-35196]
End auto log messages stack.	[MsgId: MMSG-10544]

Start auto log messages stack - Iteration 813.	[MsgId: MMSG-10545]
Starting action Action.	[MsgId: MMSG-15919]
Action.c(4): web_url("canonical.html") started  	[MsgId: MMSG-26355]
Action.c(4): Detected non-resource "https://support.mozilla.org/kb/captive-portal" in "http://detectportal.firefox.com/canonical.html"  	[MsgId: MMSG-26573]
Action.c(4): Error -35196: HTTP Status-Code=429 (Retry With) for "https://support.mozilla.org/kb/captive-portal"  	[MsgId: MERR-35196]
End auto log messages stack.	[MsgId: MMSG-10544]

Start auto log messages stack - Iteration 814.	[MsgId: MMSG-10545]
Starting action Action.	[MsgId: MMSG-15919]
Action.c(4): web_url("canonical.html") started  	[MsgId: MMSG-26355]
Action.c(4): Detected non-resource "https://support.mozilla.org/kb/captive-portal" in "http://detectportal.firefox.com/canonical.html"  	[MsgId: MMSG-26573]
Action.c(4): Error -35196: HTTP Status-Code=429 (Retry With) for "https://support.mozilla.org/kb/captive-portal"  	[MsgId: MERR-35196]
End auto log messages stack.	[MsgId: MMSG-10544]

Start auto log messages stack - Iteration 815.	[MsgId: MMSG-10545]
Starting action Action.	[MsgId: MMSG-15919]
Action.c(4): web_url("canonical.html") started  	[MsgId: MMSG-26355]
Action.c(4): Detected non-resource "https://support.mozilla.org/kb/captive-portal" in "http://detectportal.firefox.com/canonical.html"  	[MsgId: MMSG-26573]
Action.c(4): Error -35196: HTTP Status-Code=429 (Retry With) for "https://support.mozilla.org/kb/captive-portal"  	[MsgId: MERR-35196]
End auto log messages stack.	[MsgId: MMSG-10544]

Start auto log messages stack - Iteration 816.	[MsgId: MMSG-10545]
Starting action Action.	[MsgId: MMSG-15919]
Action.c(4): web_url("canonical.html") started  	[MsgId: MMSG-26355]
Action.c(4): Detected non-resource "https://support.mozilla.org/kb/captive-portal" in "http://detectportal.firefox.com/canonical.html"  	[MsgId: MMSG-26573]
Action.c(4): Error -35196: HTTP Status-Code=429 (Retry With) for "https://support.mozilla.org/kb/captive-portal"  	[MsgId: MERR-35196]
End auto log messages stack.	[MsgId: MMSG-10544]

Start auto log messages stack - Iteration 817.	[MsgId: MMSG-10545]
Starting action Action.	[MsgId: MMSG-15919]
Action.c(4): web_url("canonical.html") started  	[MsgId: MMSG-26355]
Action.c(4): Detected non-resource "https://support.mozilla.org/kb/captive-portal" in "http://detectportal.firefox.com/canonical.html"  	[MsgId: MMSG-26573]
Action.c(4): Error -35196: HTTP Status-Code=429 (Retry With) for "https://support.mozilla.org/kb/captive-portal"  	[MsgId: MERR-35196]
End auto log messages stack.	[MsgId: MMSG-10544]

Start auto log messages stack - Iteration 818.	[MsgId: MMSG-10545]
Starting action Action.	[MsgId: MMSG-15919]
Action.c(4): web_url("canonical.html") started  	[MsgId: MMSG-26355]
Action.c(4): Detected non-resource "https://support.mozilla.org/kb/captive-portal" in "http://detectportal.firefox.com/canonical.html"  	[MsgId: MMSG-26573]
Action.c(4): Error -35196: HTTP Status-Code=429 (Retry With) for "https://support.mozilla.org/kb/captive-portal"  	[MsgId: MERR-35196]
End auto log messages stack.	[MsgId: MMSG-10544]

Start auto log messages stack - Iteration 819.	[MsgId: MMSG-10545]
Starting action Action.	[MsgId: MMSG-15919]
Action.c(4): web_url("canonical.html") started  	[MsgId: MMSG-26355]
Action.c(4): Detected non-resource "https://support.mozilla.org/kb/captive-portal" in "http://detectportal.firefox.com/canonical.html"  	[MsgId: MMSG-26573]
Action.c(4): Error -35196: HTTP Status-Code=429 (Retry With) for "https://support.mozilla.org/kb/captive-portal"  	[MsgId: MERR-35196]
End auto log messages stack.	[MsgId: MMSG-10544]

Start auto log messages stack - Iteration 820.	[MsgId: MMSG-10545]
Starting action Action.	[MsgId: MMSG-15919]
Action.c(4): web_url("canonical.html") started  	[MsgId: MMSG-26355]
Action.c(4): Detected non-resource "https://support.mozilla.org/kb/captive-portal" in "http://detectportal.firefox.com/canonical.html"  	[MsgId: MMSG-26573]
Action.c(4): Error -35196: HTTP Status-Code=429 (Retry With) for "https://support.mozilla.org/kb/captive-portal"  	[MsgId: MERR-35196]
End auto log messages stack.	[MsgId: MMSG-10544]

Start auto log messages stack - Iteration 821.	[MsgId: MMSG-10545]
Starting action Action.	[MsgId: MMSG-15919]
Action.c(4): web_url("canonical.html") started  	[MsgId: MMSG-26355]
Action.c(4): Detected non-resource "https://support.mozilla.org/kb/captive-portal" in "http://detectportal.firefox.com/canonical.html"  	[MsgId: MMSG-26573]
Action.c(4): Error -35196: HTTP Status-Code=429 (Retry With) for "https://support.mozilla.org/kb/captive-portal"  	[MsgId: MERR-35196]
End auto log messages stack.	[MsgId: MMSG-10544]

Start auto log messages stack - Iteration 822.	[MsgId: MMSG-10545]
Starting action Action.	[MsgId: MMSG-15919]
Action.c(4): web_url("canonical.html") started  	[MsgId: MMSG-26355]
Action.c(4): Detected non-resource "https://support.mozilla.org/kb/captive-portal" in "http://detectportal.firefox.com/canonical.html"  	[MsgId: MMSG-26573]
Action.c(4): Error -35196: HTTP Status-Code=429 (Retry With) for "https://support.mozilla.org/kb/captive-portal"  	[MsgId: MERR-35196]
End auto log messages stack.	[MsgId: MMSG-10544]

Start auto log messages stack - Iteration 823.	[MsgId: MMSG-10545]
Starting action Action.	[MsgId: MMSG-15919]
Action.c(4): web_url("canonical.html") started  	[MsgId: MMSG-26355]
Action.c(4): Detected non-resource "https://support.mozilla.org/kb/captive-portal" in "http://detectportal.firefox.com/canonical.html"  	[MsgId: MMSG-26573]
Action.c(4): Error -35196: HTTP Status-Code=429 (Retry With) for "https://support.mozilla.org/kb/captive-portal"  	[MsgId: MERR-35196]
End auto log messages stack.	[MsgId: MMSG-10544]

Start auto log messages stack - Iteration 824.	[MsgId: MMSG-10545]
Starting action Action.	[MsgId: MMSG-15919]
Action.c(4): web_url("canonical.html") started  	[MsgId: MMSG-26355]
Action.c(4): Detected non-resource "https://support.mozilla.org/kb/captive-portal" in "http://detectportal.firefox.com/canonical.html"  	[MsgId: MMSG-26573]
Action.c(4): Error -35196: HTTP Status-Code=429 (Retry With) for "https://support.mozilla.org/kb/captive-portal"  	[MsgId: MERR-35196]
End auto log messages stack.	[MsgId: MMSG-10544]

Start auto log messages stack - Iteration 825.	[MsgId: MMSG-10545]
Starting action Action.	[MsgId: MMSG-15919]
Action.c(4): web_url("canonical.html") started  	[MsgId: MMSG-26355]
Action.c(4): Detected non-resource "https://support.mozilla.org/kb/captive-portal" in "http://detectportal.firefox.com/canonical.html"  	[MsgId: MMSG-26573]
Action.c(4): Error -35196: HTTP Status-Code=429 (Retry With) for "https://support.mozilla.org/kb/captive-portal"  	[MsgId: MERR-35196]
End auto log messages stack.	[MsgId: MMSG-10544]

Start auto log messages stack - Iteration 826.	[MsgId: MMSG-10545]
Starting action Action.	[MsgId: MMSG-15919]
Action.c(4): web_url("canonical.html") started  	[MsgId: MMSG-26355]
Action.c(4): Detected non-resource "https://support.mozilla.org/kb/captive-portal" in "http://detectportal.firefox.com/canonical.html"  	[MsgId: MMSG-26573]
Action.c(4): Error -35196: HTTP Status-Code=429 (Retry With) for "https://support.mozilla.org/kb/captive-portal"  	[MsgId: MERR-35196]
End auto log messages stack.	[MsgId: MMSG-10544]

Start auto log messages stack - Iteration 827.	[MsgId: MMSG-10545]
Starting action Action.	[MsgId: MMSG-15919]
Action.c(4): web_url("canonical.html") started  	[MsgId: MMSG-26355]
Action.c(4): Detected non-resource "https://support.mozilla.org/kb/captive-portal" in "http://detectportal.firefox.com/canonical.html"  	[MsgId: MMSG-26573]
Action.c(4): Error -35196: HTTP Status-Code=429 (Retry With) for "https://support.mozilla.org/kb/captive-portal"  	[MsgId: MERR-35196]
End auto log messages stack.	[MsgId: MMSG-10544]

Start auto log messages stack - Iteration 828.	[MsgId: MMSG-10545]
Starting action Action.	[MsgId: MMSG-15919]
Action.c(4): web_url("canonical.html") started  	[MsgId: MMSG-26355]
Action.c(4): Detected non-resource "https://support.mozilla.org/kb/captive-portal" in "http://detectportal.firefox.com/canonical.html"  	[MsgId: MMSG-26573]
Action.c(4): Error -35196: HTTP Status-Code=429 (Retry With) for "https://support.mozilla.org/kb/captive-portal"  	[MsgId: MERR-35196]
End auto log messages stack.	[MsgId: MMSG-10544]

Start auto log messages stack - Iteration 829.	[MsgId: MMSG-10545]
Starting action Action.	[MsgId: MMSG-15919]
Action.c(4): web_url("canonical.html") started  	[MsgId: MMSG-26355]
Action.c(4): Detected non-resource "https://support.mozilla.org/kb/captive-portal" in "http://detectportal.firefox.com/canonical.html"  	[MsgId: MMSG-26573]
Action.c(4): Error -35196: HTTP Status-Code=429 (Retry With) for "https://support.mozilla.org/kb/captive-portal"  	[MsgId: MERR-35196]
End auto log messages stack.	[MsgId: MMSG-10544]

Start auto log messages stack - Iteration 830.	[MsgId: MMSG-10545]
Starting action Action.	[MsgId: MMSG-15919]
Action.c(4): web_url("canonical.html") started  	[MsgId: MMSG-26355]
Action.c(4): Detected non-resource "https://support.mozilla.org/kb/captive-portal" in "http://detectportal.firefox.com/canonical.html"  	[MsgId: MMSG-26573]
Action.c(4): Error -35196: HTTP Status-Code=429 (Retry With) for "https://support.mozilla.org/kb/captive-portal"  	[MsgId: MERR-35196]
End auto log messages stack.	[MsgId: MMSG-10544]

Start auto log messages stack - Iteration 831.	[MsgId: MMSG-10545]
Starting action Action.	[MsgId: MMSG-15919]
Action.c(4): web_url("canonical.html") started  	[MsgId: MMSG-26355]
Action.c(4): Detected non-resource "https://support.mozilla.org/kb/captive-portal" in "http://detectportal.firefox.com/canonical.html"  	[MsgId: MMSG-26573]
Action.c(4): Error -35196: HTTP Status-Code=429 (Retry With) for "https://support.mozilla.org/kb/captive-portal"  	[MsgId: MERR-35196]
End auto log messages stack.	[MsgId: MMSG-10544]

Start auto log messages stack - Iteration 832.	[MsgId: MMSG-10545]
Starting action Action.	[MsgId: MMSG-15919]
Action.c(4): web_url("canonical.html") started  	[MsgId: MMSG-26355]
Action.c(4): Detected non-resource "https://support.mozilla.org/kb/captive-portal" in "http://detectportal.firefox.com/canonical.html"  	[MsgId: MMSG-26573]
Action.c(4): Error -35196: HTTP Status-Code=429 (Retry With) for "https://support.mozilla.org/kb/captive-portal"  	[MsgId: MERR-35196]
End auto log messages stack.	[MsgId: MMSG-10544]

Start auto log messages stack - Iteration 833.	[MsgId: MMSG-10545]
Starting action Action.	[MsgId: MMSG-15919]
Action.c(4): web_url("canonical.html") started  	[MsgId: MMSG-26355]
Action.c(4): Detected non-resource "https://support.mozilla.org/kb/captive-portal" in "http://detectportal.firefox.com/canonical.html"  	[MsgId: MMSG-26573]
Action.c(4): Error -35196: HTTP Status-Code=429 (Retry With) for "https://support.mozilla.org/kb/captive-portal"  	[MsgId: MERR-35196]
End auto log messages stack.	[MsgId: MMSG-10544]

Start auto log messages stack - Iteration 834.	[MsgId: MMSG-10545]
Starting action Action.	[MsgId: MMSG-15919]
Action.c(4): web_url("canonical.html") started  	[MsgId: MMSG-26355]
Action.c(4): Detected non-resource "https://support.mozilla.org/kb/captive-portal" in "http://detectportal.firefox.com/canonical.html"  	[MsgId: MMSG-26573]
Action.c(4): Error -35196: HTTP Status-Code=429 (Retry With) for "https://support.mozilla.org/kb/captive-portal"  	[MsgId: MERR-35196]
End auto log messages stack.	[MsgId: MMSG-10544]

Start auto log messages stack - Iteration 835.	[MsgId: MMSG-10545]
Starting action Action.	[MsgId: MMSG-15919]
Action.c(4): web_url("canonical.html") started  	[MsgId: MMSG-26355]
Action.c(4): Detected non-resource "https://support.mozilla.org/kb/captive-portal" in "http://detectportal.firefox.com/canonical.html"  	[MsgId: MMSG-26573]
Action.c(4): Error -35196: HTTP Status-Code=429 (Retry With) for "https://support.mozilla.org/kb/captive-portal"  	[MsgId: MERR-35196]
End auto log messages stack.	[MsgId: MMSG-10544]

Start auto log messages stack - Iteration 836.	[MsgId: MMSG-10545]
Starting action Action.	[MsgId: MMSG-15919]
Action.c(4): web_url("canonical.html") started  	[MsgId: MMSG-26355]
Action.c(4): Detected non-resource "https://support.mozilla.org/kb/captive-portal" in "http://detectportal.firefox.com/canonical.html"  	[MsgId: MMSG-26573]
Action.c(4): Error -35196: HTTP Status-Code=429 (Retry With) for "https://support.mozilla.org/kb/captive-portal"  	[MsgId: MERR-35196]
End auto log messages stack.	[MsgId: MMSG-10544]

Start auto log messages stack - Iteration 837.	[MsgId: MMSG-10545]
Starting action Action.	[MsgId: MMSG-15919]
Action.c(4): web_url("canonical.html") started  	[MsgId: MMSG-26355]
Action.c(4): Detected non-resource "https://support.mozilla.org/kb/captive-portal" in "http://detectportal.firefox.com/canonical.html"  	[MsgId: MMSG-26573]
Action.c(4): Error -35196: HTTP Status-Code=429 (Retry With) for "https://support.mozilla.org/kb/captive-portal"  	[MsgId: MERR-35196]
End auto log messages stack.	[MsgId: MMSG-10544]

Start auto log messages stack - Iteration 838.	[MsgId: MMSG-10545]
Starting action Action.	[MsgId: MMSG-15919]
Action.c(4): web_url("canonical.html") started  	[MsgId: MMSG-26355]
Action.c(4): Detected non-resource "https://support.mozilla.org/kb/captive-portal" in "http://detectportal.firefox.com/canonical.html"  	[MsgId: MMSG-26573]
Action.c(4): Error -35196: HTTP Status-Code=429 (Retry With) for "https://support.mozilla.org/kb/captive-portal"  	[MsgId: MERR-35196]
End auto log messages stack.	[MsgId: MMSG-10544]

Start auto log messages stack - Iteration 839.	[MsgId: MMSG-10545]
Starting action Action.	[MsgId: MMSG-15919]
Action.c(4): web_url("canonical.html") started  	[MsgId: MMSG-26355]
Action.c(4): Detected non-resource "https://support.mozilla.org/kb/captive-portal" in "http://detectportal.firefox.com/canonical.html"  	[MsgId: MMSG-26573]
Action.c(4): Error -35196: HTTP Status-Code=429 (Retry With) for "https://support.mozilla.org/kb/captive-portal"  	[MsgId: MERR-35196]
End auto log messages stack.	[MsgId: MMSG-10544]

Start auto log messages stack - Iteration 840.	[MsgId: MMSG-10545]
Starting action Action.	[MsgId: MMSG-15919]
Action.c(4): web_url("canonical.html") started  	[MsgId: MMSG-26355]
Action.c(4): Detected non-resource "https://support.mozilla.org/kb/captive-portal" in "http://detectportal.firefox.com/canonical.html"  	[MsgId: MMSG-26573]
Action.c(4): Error -35196: HTTP Status-Code=429 (Retry With) for "https://support.mozilla.org/kb/captive-portal"  	[MsgId: MERR-35196]
End auto log messages stack.	[MsgId: MMSG-10544]

Start auto log messages stack - Iteration 841.	[MsgId: MMSG-10545]
Starting action Action.	[MsgId: MMSG-15919]
Action.c(4): web_url("canonical.html") started  	[MsgId: MMSG-26355]
Action.c(4): Detected non-resource "https://support.mozilla.org/kb/captive-portal" in "http://detectportal.firefox.com/canonical.html"  	[MsgId: MMSG-26573]
Action.c(4): Error -35196: HTTP Status-Code=429 (Retry With) for "https://support.mozilla.org/kb/captive-portal"  	[MsgId: MERR-35196]
End auto log messages stack.	[MsgId: MMSG-10544]

Start auto log messages stack - Iteration 842.	[MsgId: MMSG-10545]
Starting action Action.	[MsgId: MMSG-15919]
Action.c(4): web_url("canonical.html") started  	[MsgId: MMSG-26355]
Action.c(4): Detected non-resource "https://support.mozilla.org/kb/captive-portal" in "http://detectportal.firefox.com/canonical.html"  	[MsgId: MMSG-26573]
Action.c(4): Error -35196: HTTP Status-Code=429 (Retry With) for "https://support.mozilla.org/kb/captive-portal"  	[MsgId: MERR-35196]
End auto log messages stack.	[MsgId: MMSG-10544]

Start auto log messages stack - Iteration 843.	[MsgId: MMSG-10545]
Starting action Action.	[MsgId: MMSG-15919]
Action.c(4): web_url("canonical.html") started  	[MsgId: MMSG-26355]
Action.c(4): Detected non-resource "https://support.mozilla.org/kb/captive-portal" in "http://detectportal.firefox.com/canonical.html"  	[MsgId: MMSG-26573]
Action.c(4): Error -35196: HTTP Status-Code=429 (Retry With) for "https://support.mozilla.org/kb/captive-portal"  	[MsgId: MERR-35196]
End auto log messages stack.	[MsgId: MMSG-10544]

Start auto log messages stack - Iteration 844.	[MsgId: MMSG-10545]
Starting action Action.	[MsgId: MMSG-15919]
Action.c(4): web_url("canonical.html") started  	[MsgId: MMSG-26355]
Action.c(4): Detected non-resource "https://support.mozilla.org/kb/captive-portal" in "http://detectportal.firefox.com/canonical.html"  	[MsgId: MMSG-26573]
Action.c(4): Error -35196: HTTP Status-Code=429 (Retry With) for "https://support.mozilla.org/kb/captive-portal"  	[MsgId: MERR-35196]
End auto log messages stack.	[MsgId: MMSG-10544]

Start auto log messages stack - Iteration 845.	[MsgId: MMSG-10545]
Starting action Action.	[MsgId: MMSG-15919]
Action.c(4): web_url("canonical.html") started  	[MsgId: MMSG-26355]
Action.c(4): Detected non-resource "https://support.mozilla.org/kb/captive-portal" in "http://detectportal.firefox.com/canonical.html"  	[MsgId: MMSG-26573]
Action.c(4): Error -35196: HTTP Status-Code=429 (Retry With) for "https://support.mozilla.org/kb/captive-portal"  	[MsgId: MERR-35196]
End auto log messages stack.	[MsgId: MMSG-10544]

Start auto log messages stack - Iteration 846.	[MsgId: MMSG-10545]
Starting action Action.	[MsgId: MMSG-15919]
Action.c(4): web_url("canonical.html") started  	[MsgId: MMSG-26355]
Action.c(4): Detected non-resource "https://support.mozilla.org/kb/captive-portal" in "http://detectportal.firefox.com/canonical.html"  	[MsgId: MMSG-26573]
Action.c(4): Error -35196: HTTP Status-Code=429 (Retry With) for "https://support.mozilla.org/kb/captive-portal"  	[MsgId: MERR-35196]
End auto log messages stack.	[MsgId: MMSG-10544]

Start auto log messages stack - Iteration 847.	[MsgId: MMSG-10545]
Starting action Action.	[MsgId: MMSG-15919]
Action.c(4): web_url("canonical.html") started  	[MsgId: MMSG-26355]
Action.c(4): Detected non-resource "https://support.mozilla.org/kb/captive-portal" in "http://detectportal.firefox.com/canonical.html"  	[MsgId: MMSG-26573]
Action.c(4): Error -35196: HTTP Status-Code=429 (Retry With) for "https://support.mozilla.org/kb/captive-portal"  	[MsgId: MERR-35196]
End auto log messages stack.	[MsgId: MMSG-10544]

Start auto log messages stack - Iteration 848.	[MsgId: MMSG-10545]
Starting action Action.	[MsgId: MMSG-15919]
Action.c(4): web_url("canonical.html") started  	[MsgId: MMSG-26355]
Action.c(4): Detected non-resource "https://support.mozilla.org/kb/captive-portal" in "http://detectportal.firefox.com/canonical.html"  	[MsgId: MMSG-26573]
Action.c(4): Error -35196: HTTP Status-Code=429 (Retry With) for "https://support.mozilla.org/kb/captive-portal"  	[MsgId: MERR-35196]
End auto log messages stack.	[MsgId: MMSG-10544]

Start auto log messages stack - Iteration 849.	[MsgId: MMSG-10545]
Starting action Action.	[MsgId: MMSG-15919]
Action.c(4): web_url("canonical.html") started  	[MsgId: MMSG-26355]
Action.c(4): Detected non-resource "https://support.mozilla.org/kb/captive-portal" in "http://detectportal.firefox.com/canonical.html"  	[MsgId: MMSG-26573]
Action.c(4): Error -35196: HTTP Status-Code=429 (Retry With) for "https://support.mozilla.org/kb/captive-portal"  	[MsgId: MERR-35196]
End auto log messages stack.	[MsgId: MMSG-10544]

Start auto log messages stack - Iteration 850.	[MsgId: MMSG-10545]
Starting action Action.	[MsgId: MMSG-15919]
Action.c(4): web_url("canonical.html") started  	[MsgId: MMSG-26355]
Action.c(4): Detected non-resource "https://support.mozilla.org/kb/captive-portal" in "http://detectportal.firefox.com/canonical.html"  	[MsgId: MMSG-26573]
Action.c(4): Error -35196: HTTP Status-Code=429 (Retry With) for "https://support.mozilla.org/kb/captive-portal"  	[MsgId: MERR-35196]
End auto log messages stack.	[MsgId: MMSG-10544]

Start auto log messages stack - Iteration 851.	[MsgId: MMSG-10545]
Starting action Action.	[MsgId: MMSG-15919]
Action.c(4): web_url("canonical.html") started  	[MsgId: MMSG-26355]
Action.c(4): Detected non-resource "https://support.mozilla.org/kb/captive-portal" in "http://detectportal.firefox.com/canonical.html"  	[MsgId: MMSG-26573]
Action.c(4): Error -35196: HTTP Status-Code=429 (Retry With) for "https://support.mozilla.org/kb/captive-portal"  	[MsgId: MERR-35196]
End auto log messages stack.	[MsgId: MMSG-10544]

Start auto log messages stack - Iteration 852.	[MsgId: MMSG-10545]
Starting action Action.	[MsgId: MMSG-15919]
Action.c(4): web_url("canonical.html") started  	[MsgId: MMSG-26355]
Action.c(4): Detected non-resource "https://support.mozilla.org/kb/captive-portal" in "http://detectportal.firefox.com/canonical.html"  	[MsgId: MMSG-26573]
Action.c(4): Error -35196: HTTP Status-Code=429 (Retry With) for "https://support.mozilla.org/kb/captive-portal"  	[MsgId: MERR-35196]
End auto log messages stack.	[MsgId: MMSG-10544]

Start auto log messages stack - Iteration 853.	[MsgId: MMSG-10545]
Starting action Action.	[MsgId: MMSG-15919]
Action.c(4): web_url("canonical.html") started  	[MsgId: MMSG-26355]
Action.c(4): Detected non-resource "https://support.mozilla.org/kb/captive-portal" in "http://detectportal.firefox.com/canonical.html"  	[MsgId: MMSG-26573]
Action.c(4): Error -35196: HTTP Status-Code=429 (Retry With) for "https://support.mozilla.org/kb/captive-portal"  	[MsgId: MERR-35196]
End auto log messages stack.	[MsgId: MMSG-10544]

Start auto log messages stack - Iteration 854.	[MsgId: MMSG-10545]
Starting action Action.	[MsgId: MMSG-15919]
Action.c(4): web_url("canonical.html") started  	[MsgId: MMSG-26355]
Action.c(4): Detected non-resource "https://support.mozilla.org/kb/captive-portal" in "http://detectportal.firefox.com/canonical.html"  	[MsgId: MMSG-26573]
Action.c(4): Error -35196: HTTP Status-Code=429 (Retry With) for "https://support.mozilla.org/kb/captive-portal"  	[MsgId: MERR-35196]
End auto log messages stack.	[MsgId: MMSG-10544]

Start auto log messages stack - Iteration 855.	[MsgId: MMSG-10545]
Starting action Action.	[MsgId: MMSG-15919]
Action.c(4): web_url("canonical.html") started  	[MsgId: MMSG-26355]
Action.c(4): Detected non-resource "https://support.mozilla.org/kb/captive-portal" in "http://detectportal.firefox.com/canonical.html"  	[MsgId: MMSG-26573]
Action.c(4): Error -35196: HTTP Status-Code=429 (Retry With) for "https://support.mozilla.org/kb/captive-portal"  	[MsgId: MERR-35196]
End auto log messages stack.	[MsgId: MMSG-10544]

Start auto log messages stack - Iteration 856.	[MsgId: MMSG-10545]
Starting action Action.	[MsgId: MMSG-15919]
Action.c(4): web_url("canonical.html") started  	[MsgId: MMSG-26355]
Action.c(4): Detected non-resource "https://support.mozilla.org/kb/captive-portal" in "http://detectportal.firefox.com/canonical.html"  	[MsgId: MMSG-26573]
Action.c(4): Error -35196: HTTP Status-Code=429 (Retry With) for "https://support.mozilla.org/kb/captive-portal"  	[MsgId: MERR-35196]
End auto log messages stack.	[MsgId: MMSG-10544]

Start auto log messages stack - Iteration 857.	[MsgId: MMSG-10545]
Starting action Action.	[MsgId: MMSG-15919]
Action.c(4): web_url("canonical.html") started  	[MsgId: MMSG-26355]
Action.c(4): Detected non-resource "https://support.mozilla.org/kb/captive-portal" in "http://detectportal.firefox.com/canonical.html"  	[MsgId: MMSG-26573]
Action.c(4): Error -35196: HTTP Status-Code=429 (Retry With) for "https://support.mozilla.org/kb/captive-portal"  	[MsgId: MERR-35196]
End auto log messages stack.	[MsgId: MMSG-10544]

Start auto log messages stack - Iteration 858.	[MsgId: MMSG-10545]
Starting action Action.	[MsgId: MMSG-15919]
Action.c(4): web_url("canonical.html") started  	[MsgId: MMSG-26355]
Action.c(4): Detected non-resource "https://support.mozilla.org/kb/captive-portal" in "http://detectportal.firefox.com/canonical.html"  	[MsgId: MMSG-26573]
Action.c(4): Error -35196: HTTP Status-Code=429 (Retry With) for "https://support.mozilla.org/kb/captive-portal"  	[MsgId: MERR-35196]
End auto log messages stack.	[MsgId: MMSG-10544]

Start auto log messages stack - Iteration 859.	[MsgId: MMSG-10545]
Starting action Action.	[MsgId: MMSG-15919]
Action.c(4): web_url("canonical.html") started  	[MsgId: MMSG-26355]
Action.c(4): Detected non-resource "https://support.mozilla.org/kb/captive-portal" in "http://detectportal.firefox.com/canonical.html"  	[MsgId: MMSG-26573]
Action.c(4): Error -35196: HTTP Status-Code=429 (Retry With) for "https://support.mozilla.org/kb/captive-portal"  	[MsgId: MERR-35196]
End auto log messages stack.	[MsgId: MMSG-10544]

Start auto log messages stack - Iteration 860.	[MsgId: MMSG-10545]
Starting action Action.	[MsgId: MMSG-15919]
Action.c(4): web_url("canonical.html") started  	[MsgId: MMSG-26355]
Action.c(4): Detected non-resource "https://support.mozilla.org/kb/captive-portal" in "http://detectportal.firefox.com/canonical.html"  	[MsgId: MMSG-26573]
Action.c(4): Error -35196: HTTP Status-Code=429 (Retry With) for "https://support.mozilla.org/kb/captive-portal"  	[MsgId: MERR-35196]
End auto log messages stack.	[MsgId: MMSG-10544]

Start auto log messages stack - Iteration 861.	[MsgId: MMSG-10545]
Starting action Action.	[MsgId: MMSG-15919]
Action.c(4): web_url("canonical.html") started  	[MsgId: MMSG-26355]
Action.c(4): Detected non-resource "https://support.mozilla.org/kb/captive-portal" in "http://detectportal.firefox.com/canonical.html"  	[MsgId: MMSG-26573]
Action.c(4): Error -35196: HTTP Status-Code=429 (Retry With) for "https://support.mozilla.org/kb/captive-portal"  	[MsgId: MERR-35196]
End auto log messages stack.	[MsgId: MMSG-10544]

Start auto log messages stack - Iteration 862.	[MsgId: MMSG-10545]
Starting action Action.	[MsgId: MMSG-15919]
Action.c(4): web_url("canonical.html") started  	[MsgId: MMSG-26355]
Action.c(4): Detected non-resource "https://support.mozilla.org/kb/captive-portal" in "http://detectportal.firefox.com/canonical.html"  	[MsgId: MMSG-26573]
Action.c(4): Error -35196: HTTP Status-Code=429 (Retry With) for "https://support.mozilla.org/kb/captive-portal"  	[MsgId: MERR-35196]
End auto log messages stack.	[MsgId: MMSG-10544]

Start auto log messages stack - Iteration 863.	[MsgId: MMSG-10545]
Starting action Action.	[MsgId: MMSG-15919]
Action.c(4): web_url("canonical.html") started  	[MsgId: MMSG-26355]
Action.c(4): Detected non-resource "https://support.mozilla.org/kb/captive-portal" in "http://detectportal.firefox.com/canonical.html"  	[MsgId: MMSG-26573]
Action.c(4): Error -35196: HTTP Status-Code=429 (Retry With) for "https://support.mozilla.org/kb/captive-portal"  	[MsgId: MERR-35196]
End auto log messages stack.	[MsgId: MMSG-10544]

Start auto log messages stack - Iteration 864.	[MsgId: MMSG-10545]
Starting action Action.	[MsgId: MMSG-15919]
Action.c(4): web_url("canonical.html") started  	[MsgId: MMSG-26355]
Action.c(4): Detected non-resource "https://support.mozilla.org/kb/captive-portal" in "http://detectportal.firefox.com/canonical.html"  	[MsgId: MMSG-26573]
Action.c(4): Error -35196: HTTP Status-Code=429 (Retry With) for "https://support.mozilla.org/kb/captive-portal"  	[MsgId: MERR-35196]
End auto log messages stack.	[MsgId: MMSG-10544]

Start auto log messages stack - Iteration 865.	[MsgId: MMSG-10545]
Starting action Action.	[MsgId: MMSG-15919]
Action.c(4): web_url("canonical.html") started  	[MsgId: MMSG-26355]
Action.c(4): Detected non-resource "https://support.mozilla.org/kb/captive-portal" in "http://detectportal.firefox.com/canonical.html"  	[MsgId: MMSG-26573]
Action.c(4): Error -35196: HTTP Status-Code=429 (Retry With) for "https://support.mozilla.org/kb/captive-portal"  	[MsgId: MERR-35196]
End auto log messages stack.	[MsgId: MMSG-10544]

Start auto log messages stack - Iteration 866.	[MsgId: MMSG-10545]
Starting action Action.	[MsgId: MMSG-15919]
Action.c(4): web_url("canonical.html") started  	[MsgId: MMSG-26355]
Action.c(4): Detected non-resource "https://support.mozilla.org/kb/captive-portal" in "http://detectportal.firefox.com/canonical.html"  	[MsgId: MMSG-26573]
Action.c(4): Error -35196: HTTP Status-Code=429 (Retry With) for "https://support.mozilla.org/kb/captive-portal"  	[MsgId: MERR-35196]
End auto log messages stack.	[MsgId: MMSG-10544]

Start auto log messages stack - Iteration 867.	[MsgId: MMSG-10545]
Starting action Action.	[MsgId: MMSG-15919]
Action.c(4): web_url("canonical.html") started  	[MsgId: MMSG-26355]
Action.c(4): Detected non-resource "https://support.mozilla.org/kb/captive-portal" in "http://detectportal.firefox.com/canonical.html"  	[MsgId: MMSG-26573]
Action.c(4): Error -35196: HTTP Status-Code=429 (Retry With) for "https://support.mozilla.org/kb/captive-portal"  	[MsgId: MERR-35196]
End auto log messages stack.	[MsgId: MMSG-10544]

Start auto log messages stack - Iteration 868.	[MsgId: MMSG-10545]
Starting action Action.	[MsgId: MMSG-15919]
Action.c(4): web_url("canonical.html") started  	[MsgId: MMSG-26355]
Action.c(4): Detected non-resource "https://support.mozilla.org/kb/captive-portal" in "http://detectportal.firefox.com/canonical.html"  	[MsgId: MMSG-26573]
Action.c(4): Error -35196: HTTP Status-Code=429 (Retry With) for "https://support.mozilla.org/kb/captive-portal"  	[MsgId: MERR-35196]
End auto log messages stack.	[MsgId: MMSG-10544]

Start auto log messages stack - Iteration 869.	[MsgId: MMSG-10545]
Starting action Action.	[MsgId: MMSG-15919]
Action.c(4): web_url("canonical.html") started  	[MsgId: MMSG-26355]
Action.c(4): Detected non-resource "https://support.mozilla.org/kb/captive-portal" in "http://detectportal.firefox.com/canonical.html"  	[MsgId: MMSG-26573]
Action.c(4): Error -35196: HTTP Status-Code=429 (Retry With) for "https://support.mozilla.org/kb/captive-portal"  	[MsgId: MERR-35196]
End auto log messages stack.	[MsgId: MMSG-10544]

Start auto log messages stack - Iteration 870.	[MsgId: MMSG-10545]
Starting action Action.	[MsgId: MMSG-15919]
Action.c(4): web_url("canonical.html") started  	[MsgId: MMSG-26355]
Action.c(4): Detected non-resource "https://support.mozilla.org/kb/captive-portal" in "http://detectportal.firefox.com/canonical.html"  	[MsgId: MMSG-26573]
Action.c(4): Error -35196: HTTP Status-Code=429 (Retry With) for "https://support.mozilla.org/kb/captive-portal"  	[MsgId: MERR-35196]
End auto log messages stack.	[MsgId: MMSG-10544]

Start auto log messages stack - Iteration 871.	[MsgId: MMSG-10545]
Starting action Action.	[MsgId: MMSG-15919]
Action.c(4): web_url("canonical.html") started  	[MsgId: MMSG-26355]
Action.c(4): Detected non-resource "https://support.mozilla.org/kb/captive-portal" in "http://detectportal.firefox.com/canonical.html"  	[MsgId: MMSG-26573]
Action.c(4): Error -35196: HTTP Status-Code=429 (Retry With) for "https://support.mozilla.org/kb/captive-portal"  	[MsgId: MERR-35196]
End auto log messages stack.	[MsgId: MMSG-10544]

Start auto log messages stack - Iteration 872.	[MsgId: MMSG-10545]
Starting action Action.	[MsgId: MMSG-15919]
Action.c(4): web_url("canonical.html") started  	[MsgId: MMSG-26355]
Action.c(4): Detected non-resource "https://support.mozilla.org/kb/captive-portal" in "http://detectportal.firefox.com/canonical.html"  	[MsgId: MMSG-26573]
Action.c(4): Error -35196: HTTP Status-Code=429 (Retry With) for "https://support.mozilla.org/kb/captive-portal"  	[MsgId: MERR-35196]
End auto log messages stack.	[MsgId: MMSG-10544]

Start auto log messages stack - Iteration 873.	[MsgId: MMSG-10545]
Starting action Action.	[MsgId: MMSG-15919]
Action.c(4): web_url("canonical.html") started  	[MsgId: MMSG-26355]
Action.c(4): Detected non-resource "https://support.mozilla.org/kb/captive-portal" in "http://detectportal.firefox.com/canonical.html"  	[MsgId: MMSG-26573]
Action.c(4): Error -35196: HTTP Status-Code=429 (Retry With) for "https://support.mozilla.org/kb/captive-portal"  	[MsgId: MERR-35196]
End auto log messages stack.	[MsgId: MMSG-10544]

Start auto log messages stack - Iteration 874.	[MsgId: MMSG-10545]
Starting action Action.	[MsgId: MMSG-15919]
Action.c(4): web_url("canonical.html") started  	[MsgId: MMSG-26355]
Action.c(4): Detected non-resource "https://support.mozilla.org/kb/captive-portal" in "http://detectportal.firefox.com/canonical.html"  	[MsgId: MMSG-26573]
Action.c(4): Error -35196: HTTP Status-Code=429 (Retry With) for "https://support.mozilla.org/kb/captive-portal"  	[MsgId: MERR-35196]
End auto log messages stack.	[MsgId: MMSG-10544]

Start auto log messages stack - Iteration 875.	[MsgId: MMSG-10545]
Starting action Action.	[MsgId: MMSG-15919]
Action.c(4): web_url("canonical.html") started  	[MsgId: MMSG-26355]
Action.c(4): Detected non-resource "https://support.mozilla.org/kb/captive-portal" in "http://detectportal.firefox.com/canonical.html"  	[MsgId: MMSG-26573]
Action.c(4): Error -35196: HTTP Status-Code=429 (Retry With) for "https://support.mozilla.org/kb/captive-portal"  	[MsgId: MERR-35196]
End auto log messages stack.	[MsgId: MMSG-10544]

Start auto log messages stack - Iteration 876.	[MsgId: MMSG-10545]
Starting action Action.	[MsgId: MMSG-15919]
Action.c(4): web_url("canonical.html") started  	[MsgId: MMSG-26355]
Action.c(4): Detected non-resource "https://support.mozilla.org/kb/captive-portal" in "http://detectportal.firefox.com/canonical.html"  	[MsgId: MMSG-26573]
Action.c(4): Error -35196: HTTP Status-Code=429 (Retry With) for "https://support.mozilla.org/kb/captive-portal"  	[MsgId: MERR-35196]
End auto log messages stack.	[MsgId: MMSG-10544]

Start auto log messages stack - Iteration 877.	[MsgId: MMSG-10545]
Starting action Action.	[MsgId: MMSG-15919]
Action.c(4): web_url("canonical.html") started  	[MsgId: MMSG-26355]
Action.c(4): Detected non-resource "https://support.mozilla.org/kb/captive-portal" in "http://detectportal.firefox.com/canonical.html"  	[MsgId: MMSG-26573]
Action.c(4): Error -35196: HTTP Status-Code=429 (Retry With) for "https://support.mozilla.org/kb/captive-portal"  	[MsgId: MERR-35196]
End auto log messages stack.	[MsgId: MMSG-10544]

Start auto log messages stack - Iteration 878.	[MsgId: MMSG-10545]
Starting action Action.	[MsgId: MMSG-15919]
Action.c(4): web_url("canonical.html") started  	[MsgId: MMSG-26355]
Action.c(4): Detected non-resource "https://support.mozilla.org/kb/captive-portal" in "http://detectportal.firefox.com/canonical.html"  	[MsgId: MMSG-26573]
Action.c(4): Error -35196: HTTP Status-Code=429 (Retry With) for "https://support.mozilla.org/kb/captive-portal"  	[MsgId: MERR-35196]
End auto log messages stack.	[MsgId: MMSG-10544]

Start auto log messages stack - Iteration 879.	[MsgId: MMSG-10545]
Starting action Action.	[MsgId: MMSG-15919]
Action.c(4): web_url("canonical.html") started  	[MsgId: MMSG-26355]
Action.c(4): Detected non-resource "https://support.mozilla.org/kb/captive-portal" in "http://detectportal.firefox.com/canonical.html"  	[MsgId: MMSG-26573]
Action.c(4): Error -35196: HTTP Status-Code=429 (Retry With) for "https://support.mozilla.org/kb/captive-portal"  	[MsgId: MERR-35196]
End auto log messages stack.	[MsgId: MMSG-10544]

Start auto log messages stack - Iteration 880.	[MsgId: MMSG-10545]
Starting action Action.	[MsgId: MMSG-15919]
Action.c(4): web_url("canonical.html") started  	[MsgId: MMSG-26355]
Action.c(4): Detected non-resource "https://support.mozilla.org/kb/captive-portal" in "http://detectportal.firefox.com/canonical.html"  	[MsgId: MMSG-26573]
Action.c(4): Error -35196: HTTP Status-Code=429 (Retry With) for "https://support.mozilla.org/kb/captive-portal"  	[MsgId: MERR-35196]
End auto log messages stack.	[MsgId: MMSG-10544]

Start auto log messages stack - Iteration 881.	[MsgId: MMSG-10545]
Starting action Action.	[MsgId: MMSG-15919]
Action.c(4): web_url("canonical.html") started  	[MsgId: MMSG-26355]
Action.c(4): Detected non-resource "https://support.mozilla.org/kb/captive-portal" in "http://detectportal.firefox.com/canonical.html"  	[MsgId: MMSG-26573]
Action.c(4): Error -35196: HTTP Status-Code=429 (Retry With) for "https://support.mozilla.org/kb/captive-portal"  	[MsgId: MERR-35196]
End auto log messages stack.	[MsgId: MMSG-10544]

Start auto log messages stack - Iteration 882.	[MsgId: MMSG-10545]
Starting action Action.	[MsgId: MMSG-15919]
Action.c(4): web_url("canonical.html") started  	[MsgId: MMSG-26355]
Action.c(4): Detected non-resource "https://support.mozilla.org/kb/captive-portal" in "http://detectportal.firefox.com/canonical.html"  	[MsgId: MMSG-26573]
Action.c(4): Error -35196: HTTP Status-Code=429 (Retry With) for "https://support.mozilla.org/kb/captive-portal"  	[MsgId: MERR-35196]
End auto log messages stack.	[MsgId: MMSG-10544]

Start auto log messages stack - Iteration 883.	[MsgId: MMSG-10545]
Starting action Action.	[MsgId: MMSG-15919]
Action.c(4): web_url("canonical.html") started  	[MsgId: MMSG-26355]
Action.c(4): Detected non-resource "https://support.mozilla.org/kb/captive-portal" in "http://detectportal.firefox.com/canonical.html"  	[MsgId: MMSG-26573]
Action.c(4): Error -35196: HTTP Status-Code=429 (Retry With) for "https://support.mozilla.org/kb/captive-portal"  	[MsgId: MERR-35196]
End auto log messages stack.	[MsgId: MMSG-10544]

Start auto log messages stack - Iteration 884.	[MsgId: MMSG-10545]
Starting action Action.	[MsgId: MMSG-15919]
Action.c(4): web_url("canonical.html") started  	[MsgId: MMSG-26355]
Action.c(4): Detected non-resource "https://support.mozilla.org/kb/captive-portal" in "http://detectportal.firefox.com/canonical.html"  	[MsgId: MMSG-26573]
Action.c(4): Error -35196: HTTP Status-Code=429 (Retry With) for "https://support.mozilla.org/kb/captive-portal"  	[MsgId: MERR-35196]
End auto log messages stack.	[MsgId: MMSG-10544]

Start auto log messages stack - Iteration 885.	[MsgId: MMSG-10545]
Starting action Action.	[MsgId: MMSG-15919]
Action.c(4): web_url("canonical.html") started  	[MsgId: MMSG-26355]
Action.c(4): Detected non-resource "https://support.mozilla.org/kb/captive-portal" in "http://detectportal.firefox.com/canonical.html"  	[MsgId: MMSG-26573]
Action.c(4): Error -35196: HTTP Status-Code=429 (Retry With) for "https://support.mozilla.org/kb/captive-portal"  	[MsgId: MERR-35196]
End auto log messages stack.	[MsgId: MMSG-10544]

Start auto log messages stack - Iteration 886.	[MsgId: MMSG-10545]
Starting action Action.	[MsgId: MMSG-15919]
Action.c(4): web_url("canonical.html") started  	[MsgId: MMSG-26355]
Action.c(4): Detected non-resource "https://support.mozilla.org/kb/captive-portal" in "http://detectportal.firefox.com/canonical.html"  	[MsgId: MMSG-26573]
Action.c(4): Error -35196: HTTP Status-Code=429 (Retry With) for "https://support.mozilla.org/kb/captive-portal"  	[MsgId: MERR-35196]
End auto log messages stack.	[MsgId: MMSG-10544]

Start auto log messages stack - Iteration 887.	[MsgId: MMSG-10545]
Starting action Action.	[MsgId: MMSG-15919]
Action.c(4): web_url("canonical.html") started  	[MsgId: MMSG-26355]
Action.c(4): Detected non-resource "https://support.mozilla.org/kb/captive-portal" in "http://detectportal.firefox.com/canonical.html"  	[MsgId: MMSG-26573]
Action.c(4): Error -35196: HTTP Status-Code=429 (Retry With) for "https://support.mozilla.org/kb/captive-portal"  	[MsgId: MERR-35196]
End auto log messages stack.	[MsgId: MMSG-10544]

Start auto log messages stack - Iteration 888.	[MsgId: MMSG-10545]
Starting action Action.	[MsgId: MMSG-15919]
Action.c(4): web_url("canonical.html") started  	[MsgId: MMSG-26355]
Action.c(4): Detected non-resource "https://support.mozilla.org/kb/captive-portal" in "http://detectportal.firefox.com/canonical.html"  	[MsgId: MMSG-26573]
Action.c(4): Error -35196: HTTP Status-Code=429 (Retry With) for "https://support.mozilla.org/kb/captive-portal"  	[MsgId: MERR-35196]
End auto log messages stack.	[MsgId: MMSG-10544]

Start auto log messages stack - Iteration 889.	[MsgId: MMSG-10545]
Starting action Action.	[MsgId: MMSG-15919]
Action.c(4): web_url("canonical.html") started  	[MsgId: MMSG-26355]
Action.c(4): Detected non-resource "https://support.mozilla.org/kb/captive-portal" in "http://detectportal.firefox.com/canonical.html"  	[MsgId: MMSG-26573]
Action.c(4): Error -35196: HTTP Status-Code=429 (Retry With) for "https://support.mozilla.org/kb/captive-portal"  	[MsgId: MERR-35196]
End auto log messages stack.	[MsgId: MMSG-10544]

Start auto log messages stack - Iteration 890.	[MsgId: MMSG-10545]
Starting action Action.	[MsgId: MMSG-15919]
Action.c(4): web_url("canonical.html") started  	[MsgId: MMSG-26355]
Action.c(4): Detected non-resource "https://support.mozilla.org/kb/captive-portal" in "http://detectportal.firefox.com/canonical.html"  	[MsgId: MMSG-26573]
Action.c(4): Error -35196: HTTP Status-Code=429 (Retry With) for "https://support.mozilla.org/kb/captive-portal"  	[MsgId: MERR-35196]
End auto log messages stack.	[MsgId: MMSG-10544]

Start auto log messages stack - Iteration 891.	[MsgId: MMSG-10545]
Starting action Action.	[MsgId: MMSG-15919]
Action.c(4): web_url("canonical.html") started  	[MsgId: MMSG-26355]
Action.c(4): Detected non-resource "https://support.mozilla.org/kb/captive-portal" in "http://detectportal.firefox.com/canonical.html"  	[MsgId: MMSG-26573]
Action.c(4): Error -35196: HTTP Status-Code=429 (Retry With) for "https://support.mozilla.org/kb/captive-portal"  	[MsgId: MERR-35196]
End auto log messages stack.	[MsgId: MMSG-10544]

Start auto log messages stack - Iteration 892.	[MsgId: MMSG-10545]
Starting action Action.	[MsgId: MMSG-15919]
Action.c(4): web_url("canonical.html") started  	[MsgId: MMSG-26355]
Action.c(4): Detected non-resource "https://support.mozilla.org/kb/captive-portal" in "http://detectportal.firefox.com/canonical.html"  	[MsgId: MMSG-26573]
Action.c(4): Error -35196: HTTP Status-Code=429 (Retry With) for "https://support.mozilla.org/kb/captive-portal"  	[MsgId: MERR-35196]
End auto log messages stack.	[MsgId: MMSG-10544]

Start auto log messages stack - Iteration 893.	[MsgId: MMSG-10545]
Starting action Action.	[MsgId: MMSG-15919]
Action.c(4): web_url("canonical.html") started  	[MsgId: MMSG-26355]
Action.c(4): Detected non-resource "https://support.mozilla.org/kb/captive-portal" in "http://detectportal.firefox.com/canonical.html"  	[MsgId: MMSG-26573]
Action.c(4): Error -35196: HTTP Status-Code=429 (Retry With) for "https://support.mozilla.org/kb/captive-portal"  	[MsgId: MERR-35196]
End auto log messages stack.	[MsgId: MMSG-10544]

Start auto log messages stack - Iteration 894.	[MsgId: MMSG-10545]
Starting action Action.	[MsgId: MMSG-15919]
Action.c(4): web_url("canonical.html") started  	[MsgId: MMSG-26355]
Action.c(4): Detected non-resource "https://support.mozilla.org/kb/captive-portal" in "http://detectportal.firefox.com/canonical.html"  	[MsgId: MMSG-26573]
Action.c(4): Error -35196: HTTP Status-Code=429 (Retry With) for "https://support.mozilla.org/kb/captive-portal"  	[MsgId: MERR-35196]
End auto log messages stack.	[MsgId: MMSG-10544]

Start auto log messages stack - Iteration 895.	[MsgId: MMSG-10545]
Starting action Action.	[MsgId: MMSG-15919]
Action.c(4): web_url("canonical.html") started  	[MsgId: MMSG-26355]
Action.c(4): Detected non-resource "https://support.mozilla.org/kb/captive-portal" in "http://detectportal.firefox.com/canonical.html"  	[MsgId: MMSG-26573]
Action.c(4): Error -35196: HTTP Status-Code=429 (Retry With) for "https://support.mozilla.org/kb/captive-portal"  	[MsgId: MERR-35196]
End auto log messages stack.	[MsgId: MMSG-10544]

Start auto log messages stack - Iteration 896.	[MsgId: MMSG-10545]
Starting action Action.	[MsgId: MMSG-15919]
Action.c(4): web_url("canonical.html") started  	[MsgId: MMSG-26355]
Action.c(4): Detected non-resource "https://support.mozilla.org/kb/captive-portal" in "http://detectportal.firefox.com/canonical.html"  	[MsgId: MMSG-26573]
Action.c(4): Error -35196: HTTP Status-Code=429 (Retry With) for "https://support.mozilla.org/kb/captive-portal"  	[MsgId: MERR-35196]
End auto log messages stack.	[MsgId: MMSG-10544]

Start auto log messages stack - Iteration 897.	[MsgId: MMSG-10545]
Starting action Action.	[MsgId: MMSG-15919]
Action.c(4): web_url("canonical.html") started  	[MsgId: MMSG-26355]
Action.c(4): Detected non-resource "https://support.mozilla.org/kb/captive-portal" in "http://detectportal.firefox.com/canonical.html"  	[MsgId: MMSG-26573]
Action.c(4): Error -35196: HTTP Status-Code=429 (Retry With) for "https://support.mozilla.org/kb/captive-portal"  	[MsgId: MERR-35196]
End auto log messages stack.	[MsgId: MMSG-10544]

Start auto log messages stack - Iteration 898.	[MsgId: MMSG-10545]
Starting action Action.	[MsgId: MMSG-15919]
Action.c(4): web_url("canonical.html") started  	[MsgId: MMSG-26355]
Action.c(4): Detected non-resource "https://support.mozilla.org/kb/captive-portal" in "http://detectportal.firefox.com/canonical.html"  	[MsgId: MMSG-26573]
Action.c(4): Error -35196: HTTP Status-Code=429 (Retry With) for "https://support.mozilla.org/kb/captive-portal"  	[MsgId: MERR-35196]
End auto log messages stack.	[MsgId: MMSG-10544]

Start auto log messages stack - Iteration 899.	[MsgId: MMSG-10545]
Starting action Action.	[MsgId: MMSG-15919]
Action.c(4): web_url("canonical.html") started  	[MsgId: MMSG-26355]
Action.c(4): Detected non-resource "https://support.mozilla.org/kb/captive-portal" in "http://detectportal.firefox.com/canonical.html"  	[MsgId: MMSG-26573]
Action.c(4): Error -35196: HTTP Status-Code=429 (Retry With) for "https://support.mozilla.org/kb/captive-portal"  	[MsgId: MERR-35196]
End auto log messages stack.	[MsgId: MMSG-10544]

Start auto log messages stack - Iteration 900.	[MsgId: MMSG-10545]
Starting action Action.	[MsgId: MMSG-15919]
Action.c(4): web_url("canonical.html") started  	[MsgId: MMSG-26355]
Action.c(4): Detected non-resource "https://support.mozilla.org/kb/captive-portal" in "http://detectportal.firefox.com/canonical.html"  	[MsgId: MMSG-26573]
Action.c(4): Error -35196: HTTP Status-Code=429 (Retry With) for "https://support.mozilla.org/kb/captive-portal"  	[MsgId: MERR-35196]
End auto log messages stack.	[MsgId: MMSG-10544]

Start auto log messages stack - Iteration 901.	[MsgId: MMSG-10545]
Starting action Action.	[MsgId: MMSG-15919]
Action.c(4): web_url("canonical.html") started  	[MsgId: MMSG-26355]
Action.c(4): Detected non-resource "https://support.mozilla.org/kb/captive-portal" in "http://detectportal.firefox.com/canonical.html"  	[MsgId: MMSG-26573]
Action.c(4): Error -35196: HTTP Status-Code=429 (Retry With) for "https://support.mozilla.org/kb/captive-portal"  	[MsgId: MERR-35196]
End auto log messages stack.	[MsgId: MMSG-10544]

Start auto log messages stack - Iteration 902.	[MsgId: MMSG-10545]
Starting action Action.	[MsgId: MMSG-15919]
Action.c(4): web_url("canonical.html") started  	[MsgId: MMSG-26355]
Action.c(4): Detected non-resource "https://support.mozilla.org/kb/captive-portal" in "http://detectportal.firefox.com/canonical.html"  	[MsgId: MMSG-26573]
Action.c(4): Error -35196: HTTP Status-Code=429 (Retry With) for "https://support.mozilla.org/kb/captive-portal"  	[MsgId: MERR-35196]
End auto log messages stack.	[MsgId: MMSG-10544]

Start auto log messages stack - Iteration 903.	[MsgId: MMSG-10545]
Starting action Action.	[MsgId: MMSG-15919]
Action.c(4): web_url("canonical.html") started  	[MsgId: MMSG-26355]
Action.c(4): Detected non-resource "https://support.mozilla.org/kb/captive-portal" in "http://detectportal.firefox.com/canonical.html"  	[MsgId: MMSG-26573]
Action.c(4): Error -35196: HTTP Status-Code=429 (Retry With) for "https://support.mozilla.org/kb/captive-portal"  	[MsgId: MERR-35196]
End auto log messages stack.	[MsgId: MMSG-10544]

Start auto log messages stack - Iteration 904.	[MsgId: MMSG-10545]
Starting action Action.	[MsgId: MMSG-15919]
Action.c(4): web_url("canonical.html") started  	[MsgId: MMSG-26355]
Action.c(4): Detected non-resource "https://support.mozilla.org/kb/captive-portal" in "http://detectportal.firefox.com/canonical.html"  	[MsgId: MMSG-26573]
Action.c(4): Error -35196: HTTP Status-Code=429 (Retry With) for "https://support.mozilla.org/kb/captive-portal"  	[MsgId: MERR-35196]
End auto log messages stack.	[MsgId: MMSG-10544]

Start auto log messages stack - Iteration 905.	[MsgId: MMSG-10545]
Starting action Action.	[MsgId: MMSG-15919]
Action.c(4): web_url("canonical.html") started  	[MsgId: MMSG-26355]
Action.c(4): Detected non-resource "https://support.mozilla.org/kb/captive-portal" in "http://detectportal.firefox.com/canonical.html"  	[MsgId: MMSG-26573]
Action.c(4): Error -35196: HTTP Status-Code=429 (Retry With) for "https://support.mozilla.org/kb/captive-portal"  	[MsgId: MERR-35196]
End auto log messages stack.	[MsgId: MMSG-10544]

Start auto log messages stack - Iteration 906.	[MsgId: MMSG-10545]
Starting action Action.	[MsgId: MMSG-15919]
Action.c(4): web_url("canonical.html") started  	[MsgId: MMSG-26355]
Action.c(4): Detected non-resource "https://support.mozilla.org/kb/captive-portal" in "http://detectportal.firefox.com/canonical.html"  	[MsgId: MMSG-26573]
Action.c(4): Error -35196: HTTP Status-Code=429 (Retry With) for "https://support.mozilla.org/kb/captive-portal"  	[MsgId: MERR-35196]
End auto log messages stack.	[MsgId: MMSG-10544]

Start auto log messages stack - Iteration 907.	[MsgId: MMSG-10545]
Starting action Action.	[MsgId: MMSG-15919]
Action.c(4): web_url("canonical.html") started  	[MsgId: MMSG-26355]
Action.c(4): Detected non-resource "https://support.mozilla.org/kb/captive-portal" in "http://detectportal.firefox.com/canonical.html"  	[MsgId: MMSG-26573]
Action.c(4): Error -35196: HTTP Status-Code=429 (Retry With) for "https://support.mozilla.org/kb/captive-portal"  	[MsgId: MERR-35196]
End auto log messages stack.	[MsgId: MMSG-10544]

Start auto log messages stack - Iteration 908.	[MsgId: MMSG-10545]
Starting action Action.	[MsgId: MMSG-15919]
Action.c(4): web_url("canonical.html") started  	[MsgId: MMSG-26355]
Action.c(4): Detected non-resource "https://support.mozilla.org/kb/captive-portal" in "http://detectportal.firefox.com/canonical.html"  	[MsgId: MMSG-26573]
Action.c(4): Error -35196: HTTP Status-Code=429 (Retry With) for "https://support.mozilla.org/kb/captive-portal"  	[MsgId: MERR-35196]
End auto log messages stack.	[MsgId: MMSG-10544]

Start auto log messages stack - Iteration 909.	[MsgId: MMSG-10545]
Starting action Action.	[MsgId: MMSG-15919]
Action.c(4): web_url("canonical.html") started  	[MsgId: MMSG-26355]
Action.c(4): Detected non-resource "https://support.mozilla.org/kb/captive-portal" in "http://detectportal.firefox.com/canonical.html"  	[MsgId: MMSG-26573]
Action.c(4): Error -35196: HTTP Status-Code=429 (Retry With) for "https://support.mozilla.org/kb/captive-portal"  	[MsgId: MERR-35196]
End auto log messages stack.	[MsgId: MMSG-10544]

Start auto log messages stack - Iteration 910.	[MsgId: MMSG-10545]
Starting action Action.	[MsgId: MMSG-15919]
Action.c(4): web_url("canonical.html") started  	[MsgId: MMSG-26355]
Action.c(4): Detected non-resource "https://support.mozilla.org/kb/captive-portal" in "http://detectportal.firefox.com/canonical.html"  	[MsgId: MMSG-26573]
Action.c(4): Error -35196: HTTP Status-Code=429 (Retry With) for "https://support.mozilla.org/kb/captive-portal"  	[MsgId: MERR-35196]
End auto log messages stack.	[MsgId: MMSG-10544]

Start auto log messages stack - Iteration 911.	[MsgId: MMSG-10545]
Starting action Action.	[MsgId: MMSG-15919]
Action.c(4): web_url("canonical.html") started  	[MsgId: MMSG-26355]
Action.c(4): Detected non-resource "https://support.mozilla.org/kb/captive-portal" in "http://detectportal.firefox.com/canonical.html"  	[MsgId: MMSG-26573]
Action.c(4): Error -35196: HTTP Status-Code=429 (Retry With) for "https://support.mozilla.org/kb/captive-portal"  	[MsgId: MERR-35196]
End auto log messages stack.	[MsgId: MMSG-10544]

Start auto log messages stack - Iteration 912.	[MsgId: MMSG-10545]
Starting action Action.	[MsgId: MMSG-15919]
Action.c(4): web_url("canonical.html") started  	[MsgId: MMSG-26355]
Action.c(4): Detected non-resource "https://support.mozilla.org/kb/captive-portal" in "http://detectportal.firefox.com/canonical.html"  	[MsgId: MMSG-26573]
Action.c(4): Error -35196: HTTP Status-Code=429 (Retry With) for "https://support.mozilla.org/kb/captive-portal"  	[MsgId: MERR-35196]
End auto log messages stack.	[MsgId: MMSG-10544]

Start auto log messages stack - Iteration 913.	[MsgId: MMSG-10545]
Starting action Action.	[MsgId: MMSG-15919]
Action.c(4): web_url("canonical.html") started  	[MsgId: MMSG-26355]
Action.c(4): Detected non-resource "https://support.mozilla.org/kb/captive-portal" in "http://detectportal.firefox.com/canonical.html"  	[MsgId: MMSG-26573]
Action.c(4): Error -35196: HTTP Status-Code=429 (Retry With) for "https://support.mozilla.org/kb/captive-portal"  	[MsgId: MERR-35196]
End auto log messages stack.	[MsgId: MMSG-10544]

Start auto log messages stack - Iteration 914.	[MsgId: MMSG-10545]
Starting action Action.	[MsgId: MMSG-15919]
Action.c(4): web_url("canonical.html") started  	[MsgId: MMSG-26355]
Action.c(4): Detected non-resource "https://support.mozilla.org/kb/captive-portal" in "http://detectportal.firefox.com/canonical.html"  	[MsgId: MMSG-26573]
Action.c(4): Error -35196: HTTP Status-Code=429 (Retry With) for "https://support.mozilla.org/kb/captive-portal"  	[MsgId: MERR-35196]
End auto log messages stack.	[MsgId: MMSG-10544]

Start auto log messages stack - Iteration 915.	[MsgId: MMSG-10545]
Starting action Action.	[MsgId: MMSG-15919]
Action.c(4): web_url("canonical.html") started  	[MsgId: MMSG-26355]
Action.c(4): Detected non-resource "https://support.mozilla.org/kb/captive-portal" in "http://detectportal.firefox.com/canonical.html"  	[MsgId: MMSG-26573]
Action.c(4): Error -35196: HTTP Status-Code=429 (Retry With) for "https://support.mozilla.org/kb/captive-portal"  	[MsgId: MERR-35196]
End auto log messages stack.	[MsgId: MMSG-10544]

Start auto log messages stack - Iteration 916.	[MsgId: MMSG-10545]
Starting action Action.	[MsgId: MMSG-15919]
Action.c(4): web_url("canonical.html") started  	[MsgId: MMSG-26355]
Action.c(4): Detected non-resource "https://support.mozilla.org/kb/captive-portal" in "http://detectportal.firefox.com/canonical.html"  	[MsgId: MMSG-26573]
Action.c(4): Error -35196: HTTP Status-Code=429 (Retry With) for "https://support.mozilla.org/kb/captive-portal"  	[MsgId: MERR-35196]
End auto log messages stack.	[MsgId: MMSG-10544]

Start auto log messages stack - Iteration 917.	[MsgId: MMSG-10545]
Starting action Action.	[MsgId: MMSG-15919]
Action.c(4): web_url("canonical.html") started  	[MsgId: MMSG-26355]
Action.c(4): Detected non-resource "https://support.mozilla.org/kb/captive-portal" in "http://detectportal.firefox.com/canonical.html"  	[MsgId: MMSG-26573]
Action.c(4): Error -35196: HTTP Status-Code=429 (Retry With) for "https://support.mozilla.org/kb/captive-portal"  	[MsgId: MERR-35196]
End auto log messages stack.	[MsgId: MMSG-10544]

Start auto log messages stack - Iteration 918.	[MsgId: MMSG-10545]
Starting action Action.	[MsgId: MMSG-15919]
Action.c(4): web_url("canonical.html") started  	[MsgId: MMSG-26355]
Action.c(4): Detected non-resource "https://support.mozilla.org/kb/captive-portal" in "http://detectportal.firefox.com/canonical.html"  	[MsgId: MMSG-26573]
Action.c(4): Error -35196: HTTP Status-Code=429 (Retry With) for "https://support.mozilla.org/kb/captive-portal"  	[MsgId: MERR-35196]
End auto log messages stack.	[MsgId: MMSG-10544]

Start auto log messages stack - Iteration 919.	[MsgId: MMSG-10545]
Starting action Action.	[MsgId: MMSG-15919]
Action.c(4): web_url("canonical.html") started  	[MsgId: MMSG-26355]
Action.c(4): Detected non-resource "https://support.mozilla.org/kb/captive-portal" in "http://detectportal.firefox.com/canonical.html"  	[MsgId: MMSG-26573]
Action.c(4): Error -35196: HTTP Status-Code=429 (Retry With) for "https://support.mozilla.org/kb/captive-portal"  	[MsgId: MERR-35196]
End auto log messages stack.	[MsgId: MMSG-10544]

Start auto log messages stack - Iteration 920.	[MsgId: MMSG-10545]
Starting action Action.	[MsgId: MMSG-15919]
Action.c(4): web_url("canonical.html") started  	[MsgId: MMSG-26355]
Action.c(4): Detected non-resource "https://support.mozilla.org/kb/captive-portal" in "http://detectportal.firefox.com/canonical.html"  	[MsgId: MMSG-26573]
Action.c(4): Error -35196: HTTP Status-Code=429 (Retry With) for "https://support.mozilla.org/kb/captive-portal"  	[MsgId: MERR-35196]
End auto log messages stack.	[MsgId: MMSG-10544]

Start auto log messages stack - Iteration 921.	[MsgId: MMSG-10545]
Starting action Action.	[MsgId: MMSG-15919]
Action.c(4): web_url("canonical.html") started  	[MsgId: MMSG-26355]
Action.c(4): Detected non-resource "https://support.mozilla.org/kb/captive-portal" in "http://detectportal.firefox.com/canonical.html"  	[MsgId: MMSG-26573]
Action.c(4): Error -35196: HTTP Status-Code=429 (Retry With) for "https://support.mozilla.org/kb/captive-portal"  	[MsgId: MERR-35196]
End auto log messages stack.	[MsgId: MMSG-10544]

Start auto log messages stack - Iteration 922.	[MsgId: MMSG-10545]
Starting action Action.	[MsgId: MMSG-15919]
Action.c(4): web_url("canonical.html") started  	[MsgId: MMSG-26355]
Action.c(4): Detected non-resource "https://support.mozilla.org/kb/captive-portal" in "http://detectportal.firefox.com/canonical.html"  	[MsgId: MMSG-26573]
Action.c(4): Error -35196: HTTP Status-Code=429 (Retry With) for "https://support.mozilla.org/kb/captive-portal"  	[MsgId: MERR-35196]
End auto log messages stack.	[MsgId: MMSG-10544]

Start auto log messages stack - Iteration 923.	[MsgId: MMSG-10545]
Starting action Action.	[MsgId: MMSG-15919]
Action.c(4): web_url("canonical.html") started  	[MsgId: MMSG-26355]
Action.c(4): Detected non-resource "https://support.mozilla.org/kb/captive-portal" in "http://detectportal.firefox.com/canonical.html"  	[MsgId: MMSG-26573]
Action.c(4): Error -35196: HTTP Status-Code=429 (Retry With) for "https://support.mozilla.org/kb/captive-portal"  	[MsgId: MERR-35196]
End auto log messages stack.	[MsgId: MMSG-10544]

Start auto log messages stack - Iteration 924.	[MsgId: MMSG-10545]
Starting action Action.	[MsgId: MMSG-15919]
Action.c(4): web_url("canonical.html") started  	[MsgId: MMSG-26355]
Action.c(4): Detected non-resource "https://support.mozilla.org/kb/captive-portal" in "http://detectportal.firefox.com/canonical.html"  	[MsgId: MMSG-26573]
Action.c(4): Error -35196: HTTP Status-Code=429 (Retry With) for "https://support.mozilla.org/kb/captive-portal"  	[MsgId: MERR-35196]
End auto log messages stack.	[MsgId: MMSG-10544]

Start auto log messages stack - Iteration 925.	[MsgId: MMSG-10545]
Starting action Action.	[MsgId: MMSG-15919]
Action.c(4): web_url("canonical.html") started  	[MsgId: MMSG-26355]
Action.c(4): Detected non-resource "https://support.mozilla.org/kb/captive-portal" in "http://detectportal.firefox.com/canonical.html"  	[MsgId: MMSG-26573]
Action.c(4): Error -35196: HTTP Status-Code=429 (Retry With) for "https://support.mozilla.org/kb/captive-portal"  	[MsgId: MERR-35196]
End auto log messages stack.	[MsgId: MMSG-10544]

Start auto log messages stack - Iteration 926.	[MsgId: MMSG-10545]
Starting action Action.	[MsgId: MMSG-15919]
Action.c(4): web_url("canonical.html") started  	[MsgId: MMSG-26355]
Action.c(4): Detected non-resource "https://support.mozilla.org/kb/captive-portal" in "http://detectportal.firefox.com/canonical.html"  	[MsgId: MMSG-26573]
Action.c(4): Error -35196: HTTP Status-Code=429 (Retry With) for "https://support.mozilla.org/kb/captive-portal"  	[MsgId: MERR-35196]
End auto log messages stack.	[MsgId: MMSG-10544]

Start auto log messages stack - Iteration 927.	[MsgId: MMSG-10545]
Starting action Action.	[MsgId: MMSG-15919]
Action.c(4): web_url("canonical.html") started  	[MsgId: MMSG-26355]
Action.c(4): Detected non-resource "https://support.mozilla.org/kb/captive-portal" in "http://detectportal.firefox.com/canonical.html"  	[MsgId: MMSG-26573]
Action.c(4): Error -35196: HTTP Status-Code=429 (Retry With) for "https://support.mozilla.org/kb/captive-portal"  	[MsgId: MERR-35196]
End auto log messages stack.	[MsgId: MMSG-10544]

Start auto log messages stack - Iteration 928.	[MsgId: MMSG-10545]
Starting action Action.	[MsgId: MMSG-15919]
Action.c(4): web_url("canonical.html") started  	[MsgId: MMSG-26355]
Action.c(4): Detected non-resource "https://support.mozilla.org/kb/captive-portal" in "http://detectportal.firefox.com/canonical.html"  	[MsgId: MMSG-26573]
Action.c(4): Error -35196: HTTP Status-Code=429 (Retry With) for "https://support.mozilla.org/kb/captive-portal"  	[MsgId: MERR-35196]
End auto log messages stack.	[MsgId: MMSG-10544]

Start auto log messages stack - Iteration 929.	[MsgId: MMSG-10545]
Starting action Action.	[MsgId: MMSG-15919]
Action.c(4): web_url("canonical.html") started  	[MsgId: MMSG-26355]
Action.c(4): Detected non-resource "https://support.mozilla.org/kb/captive-portal" in "http://detectportal.firefox.com/canonical.html"  	[MsgId: MMSG-26573]
Action.c(4): Error -35196: HTTP Status-Code=429 (Retry With) for "https://support.mozilla.org/kb/captive-portal"  	[MsgId: MERR-35196]
End auto log messages stack.	[MsgId: MMSG-10544]

Start auto log messages stack - Iteration 930.	[MsgId: MMSG-10545]
Starting action Action.	[MsgId: MMSG-15919]
Action.c(4): web_url("canonical.html") started  	[MsgId: MMSG-26355]
Action.c(4): Detected non-resource "https://support.mozilla.org/kb/captive-portal" in "http://detectportal.firefox.com/canonical.html"  	[MsgId: MMSG-26573]
Action.c(4): Error -35196: HTTP Status-Code=429 (Retry With) for "https://support.mozilla.org/kb/captive-portal"  	[MsgId: MERR-35196]
End auto log messages stack.	[MsgId: MMSG-10544]

Start auto log messages stack - Iteration 931.	[MsgId: MMSG-10545]
Starting action Action.	[MsgId: MMSG-15919]
Action.c(4): web_url("canonical.html") started  	[MsgId: MMSG-26355]
Action.c(4): Detected non-resource "https://support.mozilla.org/kb/captive-portal" in "http://detectportal.firefox.com/canonical.html"  	[MsgId: MMSG-26573]
Action.c(4): Error -35196: HTTP Status-Code=429 (Retry With) for "https://support.mozilla.org/kb/captive-portal"  	[MsgId: MERR-35196]
End auto log messages stack.	[MsgId: MMSG-10544]

Start auto log messages stack - Iteration 932.	[MsgId: MMSG-10545]
Starting action Action.	[MsgId: MMSG-15919]
Action.c(4): web_url("canonical.html") started  	[MsgId: MMSG-26355]
Action.c(4): Detected non-resource "https://support.mozilla.org/kb/captive-portal" in "http://detectportal.firefox.com/canonical.html"  	[MsgId: MMSG-26573]
Action.c(4): Error -35196: HTTP Status-Code=429 (Retry With) for "https://support.mozilla.org/kb/captive-portal"  	[MsgId: MERR-35196]
End auto log messages stack.	[MsgId: MMSG-10544]

Start auto log messages stack - Iteration 933.	[MsgId: MMSG-10545]
Starting action Action.	[MsgId: MMSG-15919]
Action.c(4): web_url("canonical.html") started  	[MsgId: MMSG-26355]
Action.c(4): Detected non-resource "https://support.mozilla.org/kb/captive-portal" in "http://detectportal.firefox.com/canonical.html"  	[MsgId: MMSG-26573]
Action.c(4): Error -35196: HTTP Status-Code=429 (Retry With) for "https://support.mozilla.org/kb/captive-portal"  	[MsgId: MERR-35196]
End auto log messages stack.	[MsgId: MMSG-10544]

Start auto log messages stack - Iteration 934.	[MsgId: MMSG-10545]
Starting action Action.	[MsgId: MMSG-15919]
Action.c(4): web_url("canonical.html") started  	[MsgId: MMSG-26355]
Action.c(4): Detected non-resource "https://support.mozilla.org/kb/captive-portal" in "http://detectportal.firefox.com/canonical.html"  	[MsgId: MMSG-26573]
Action.c(4): Error -35196: HTTP Status-Code=429 (Retry With) for "https://support.mozilla.org/kb/captive-portal"  	[MsgId: MERR-35196]
End auto log messages stack.	[MsgId: MMSG-10544]

Start auto log messages stack - Iteration 935.	[MsgId: MMSG-10545]
Starting action Action.	[MsgId: MMSG-15919]
Action.c(4): web_url("canonical.html") started  	[MsgId: MMSG-26355]
Action.c(4): Detected non-resource "https://support.mozilla.org/kb/captive-portal" in "http://detectportal.firefox.com/canonical.html"  	[MsgId: MMSG-26573]
Action.c(4): Error -35196: HTTP Status-Code=429 (Retry With) for "https://support.mozilla.org/kb/captive-portal"  	[MsgId: MERR-35196]
End auto log messages stack.	[MsgId: MMSG-10544]

Start auto log messages stack - Iteration 936.	[MsgId: MMSG-10545]
Starting action Action.	[MsgId: MMSG-15919]
Action.c(4): web_url("canonical.html") started  	[MsgId: MMSG-26355]
Action.c(4): Detected non-resource "https://support.mozilla.org/kb/captive-portal" in "http://detectportal.firefox.com/canonical.html"  	[MsgId: MMSG-26573]
Action.c(4): Error -35196: HTTP Status-Code=429 (Retry With) for "https://support.mozilla.org/kb/captive-portal"  	[MsgId: MERR-35196]
End auto log messages stack.	[MsgId: MMSG-10544]

Start auto log messages stack - Iteration 937.	[MsgId: MMSG-10545]
Starting action Action.	[MsgId: MMSG-15919]
Action.c(4): web_url("canonical.html") started  	[MsgId: MMSG-26355]
Action.c(4): Detected non-resource "https://support.mozilla.org/kb/captive-portal" in "http://detectportal.firefox.com/canonical.html"  	[MsgId: MMSG-26573]
Action.c(4): Error -35196: HTTP Status-Code=429 (Retry With) for "https://support.mozilla.org/kb/captive-portal"  	[MsgId: MERR-35196]
End auto log messages stack.	[MsgId: MMSG-10544]

Start auto log messages stack - Iteration 938.	[MsgId: MMSG-10545]
Starting action Action.	[MsgId: MMSG-15919]
Action.c(4): web_url("canonical.html") started  	[MsgId: MMSG-26355]
Action.c(4): Detected non-resource "https://support.mozilla.org/kb/captive-portal" in "http://detectportal.firefox.com/canonical.html"  	[MsgId: MMSG-26573]
Action.c(4): Error -35196: HTTP Status-Code=429 (Retry With) for "https://support.mozilla.org/kb/captive-portal"  	[MsgId: MERR-35196]
End auto log messages stack.	[MsgId: MMSG-10544]

Start auto log messages stack - Iteration 939.	[MsgId: MMSG-10545]
Starting action Action.	[MsgId: MMSG-15919]
Action.c(4): web_url("canonical.html") started  	[MsgId: MMSG-26355]
Action.c(4): Detected non-resource "https://support.mozilla.org/kb/captive-portal" in "http://detectportal.firefox.com/canonical.html"  	[MsgId: MMSG-26573]
Action.c(4): Error -35196: HTTP Status-Code=429 (Retry With) for "https://support.mozilla.org/kb/captive-portal"  	[MsgId: MERR-35196]
End auto log messages stack.	[MsgId: MMSG-10544]

Start auto log messages stack - Iteration 940.	[MsgId: MMSG-10545]
Starting action Action.	[MsgId: MMSG-15919]
Action.c(4): web_url("canonical.html") started  	[MsgId: MMSG-26355]
Action.c(4): Detected non-resource "https://support.mozilla.org/kb/captive-portal" in "http://detectportal.firefox.com/canonical.html"  	[MsgId: MMSG-26573]
Action.c(4): Error -35196: HTTP Status-Code=429 (Retry With) for "https://support.mozilla.org/kb/captive-portal"  	[MsgId: MERR-35196]
End auto log messages stack.	[MsgId: MMSG-10544]

Start auto log messages stack - Iteration 941.	[MsgId: MMSG-10545]
Starting action Action.	[MsgId: MMSG-15919]
Action.c(4): web_url("canonical.html") started  	[MsgId: MMSG-26355]
Action.c(4): Detected non-resource "https://support.mozilla.org/kb/captive-portal" in "http://detectportal.firefox.com/canonical.html"  	[MsgId: MMSG-26573]
Action.c(4): Error -35196: HTTP Status-Code=429 (Retry With) for "https://support.mozilla.org/kb/captive-portal"  	[MsgId: MERR-35196]
End auto log messages stack.	[MsgId: MMSG-10544]

Start auto log messages stack - Iteration 942.	[MsgId: MMSG-10545]
Starting action Action.	[MsgId: MMSG-15919]
Action.c(4): web_url("canonical.html") started  	[MsgId: MMSG-26355]
Action.c(4): Detected non-resource "https://support.mozilla.org/kb/captive-portal" in "http://detectportal.firefox.com/canonical.html"  	[MsgId: MMSG-26573]
Action.c(4): Error -35196: HTTP Status-Code=429 (Retry With) for "https://support.mozilla.org/kb/captive-portal"  	[MsgId: MERR-35196]
End auto log messages stack.	[MsgId: MMSG-10544]

Start auto log messages stack - Iteration 943.	[MsgId: MMSG-10545]
Starting action Action.	[MsgId: MMSG-15919]
Action.c(4): web_url("canonical.html") started  	[MsgId: MMSG-26355]
Action.c(4): Detected non-resource "https://support.mozilla.org/kb/captive-portal" in "http://detectportal.firefox.com/canonical.html"  	[MsgId: MMSG-26573]
Action.c(4): Error -35196: HTTP Status-Code=429 (Retry With) for "https://support.mozilla.org/kb/captive-portal"  	[MsgId: MERR-35196]
End auto log messages stack.	[MsgId: MMSG-10544]

Start auto log messages stack - Iteration 944.	[MsgId: MMSG-10545]
Starting action Action.	[MsgId: MMSG-15919]
Action.c(4): web_url("canonical.html") started  	[MsgId: MMSG-26355]
Action.c(4): Detected non-resource "https://support.mozilla.org/kb/captive-portal" in "http://detectportal.firefox.com/canonical.html"  	[MsgId: MMSG-26573]
Action.c(4): Error -35196: HTTP Status-Code=429 (Retry With) for "https://support.mozilla.org/kb/captive-portal"  	[MsgId: MERR-35196]
End auto log messages stack.	[MsgId: MMSG-10544]

Start auto log messages stack - Iteration 945.	[MsgId: MMSG-10545]
Starting action Action.	[MsgId: MMSG-15919]
Action.c(4): web_url("canonical.html") started  	[MsgId: MMSG-26355]
Action.c(4): Detected non-resource "https://support.mozilla.org/kb/captive-portal" in "http://detectportal.firefox.com/canonical.html"  	[MsgId: MMSG-26573]
Action.c(4): Error -35196: HTTP Status-Code=429 (Retry With) for "https://support.mozilla.org/kb/captive-portal"  	[MsgId: MERR-35196]
End auto log messages stack.	[MsgId: MMSG-10544]

Start auto log messages stack - Iteration 946.	[MsgId: MMSG-10545]
Starting action Action.	[MsgId: MMSG-15919]
Action.c(4): web_url("canonical.html") started  	[MsgId: MMSG-26355]
Action.c(4): Detected non-resource "https://support.mozilla.org/kb/captive-portal" in "http://detectportal.firefox.com/canonical.html"  	[MsgId: MMSG-26573]
Action.c(4): Error -35196: HTTP Status-Code=429 (Retry With) for "https://support.mozilla.org/kb/captive-portal"  	[MsgId: MERR-35196]
End auto log messages stack.	[MsgId: MMSG-10544]

Start auto log messages stack - Iteration 947.	[MsgId: MMSG-10545]
Starting action Action.	[MsgId: MMSG-15919]
Action.c(4): web_url("canonical.html") started  	[MsgId: MMSG-26355]
Action.c(4): Detected non-resource "https://support.mozilla.org/kb/captive-portal" in "http://detectportal.firefox.com/canonical.html"  	[MsgId: MMSG-26573]
Action.c(4): Error -35196: HTTP Status-Code=429 (Retry With) for "https://support.mozilla.org/kb/captive-portal"  	[MsgId: MERR-35196]
End auto log messages stack.	[MsgId: MMSG-10544]

Start auto log messages stack - Iteration 948.	[MsgId: MMSG-10545]
Starting action Action.	[MsgId: MMSG-15919]
Action.c(4): web_url("canonical.html") started  	[MsgId: MMSG-26355]
Action.c(4): Detected non-resource "https://support.mozilla.org/kb/captive-portal" in "http://detectportal.firefox.com/canonical.html"  	[MsgId: MMSG-26573]
Action.c(4): Error -35196: HTTP Status-Code=429 (Retry With) for "https://support.mozilla.org/kb/captive-portal"  	[MsgId: MERR-35196]
End auto log messages stack.	[MsgId: MMSG-10544]

Start auto log messages stack - Iteration 949.	[MsgId: MMSG-10545]
Starting action Action.	[MsgId: MMSG-15919]
Action.c(4): web_url("canonical.html") started  	[MsgId: MMSG-26355]
Action.c(4): Detected non-resource "https://support.mozilla.org/kb/captive-portal" in "http://detectportal.firefox.com/canonical.html"  	[MsgId: MMSG-26573]
Action.c(4): Error -35196: HTTP Status-Code=429 (Retry With) for "https://support.mozilla.org/kb/captive-portal"  	[MsgId: MERR-35196]
End auto log messages stack.	[MsgId: MMSG-10544]

Start auto log messages stack - Iteration 950.	[MsgId: MMSG-10545]
Starting action Action.	[MsgId: MMSG-15919]
Action.c(4): web_url("canonical.html") started  	[MsgId: MMSG-26355]
Action.c(4): Detected non-resource "https://support.mozilla.org/kb/captive-portal" in "http://detectportal.firefox.com/canonical.html"  	[MsgId: MMSG-26573]
Action.c(4): Error -35196: HTTP Status-Code=429 (Retry With) for "https://support.mozilla.org/kb/captive-portal"  	[MsgId: MERR-35196]
End auto log messages stack.	[MsgId: MMSG-10544]

Start auto log messages stack - Iteration 951.	[MsgId: MMSG-10545]
Starting action Action.	[MsgId: MMSG-15919]
Action.c(4): web_url("canonical.html") started  	[MsgId: MMSG-26355]
Action.c(4): Detected non-resource "https://support.mozilla.org/kb/captive-portal" in "http://detectportal.firefox.com/canonical.html"  	[MsgId: MMSG-26573]
Action.c(4): Error -35196: HTTP Status-Code=429 (Retry With) for "https://support.mozilla.org/kb/captive-portal"  	[MsgId: MERR-35196]
End auto log messages stack.	[MsgId: MMSG-10544]

Start auto log messages stack - Iteration 952.	[MsgId: MMSG-10545]
Starting action Action.	[MsgId: MMSG-15919]
Action.c(4): web_url("canonical.html") started  	[MsgId: MMSG-26355]
Action.c(4): Detected non-resource "https://support.mozilla.org/kb/captive-portal" in "http://detectportal.firefox.com/canonical.html"  	[MsgId: MMSG-26573]
Action.c(4): Error -35196: HTTP Status-Code=429 (Retry With) for "https://support.mozilla.org/kb/captive-portal"  	[MsgId: MERR-35196]
End auto log messages stack.	[MsgId: MMSG-10544]

Start auto log messages stack - Iteration 953.	[MsgId: MMSG-10545]
Starting action Action.	[MsgId: MMSG-15919]
Action.c(4): web_url("canonical.html") started  	[MsgId: MMSG-26355]
Action.c(4): Detected non-resource "https://support.mozilla.org/kb/captive-portal" in "http://detectportal.firefox.com/canonical.html"  	[MsgId: MMSG-26573]
Action.c(4): Error -35196: HTTP Status-Code=429 (Retry With) for "https://support.mozilla.org/kb/captive-portal"  	[MsgId: MERR-35196]
End auto log messages stack.	[MsgId: MMSG-10544]

Start auto log messages stack - Iteration 954.	[MsgId: MMSG-10545]
Starting action Action.	[MsgId: MMSG-15919]
Action.c(4): web_url("canonical.html") started  	[MsgId: MMSG-26355]
Action.c(4): Detected non-resource "https://support.mozilla.org/kb/captive-portal" in "http://detectportal.firefox.com/canonical.html"  	[MsgId: MMSG-26573]
Action.c(4): Error -35196: HTTP Status-Code=429 (Retry With) for "https://support.mozilla.org/kb/captive-portal"  	[MsgId: MERR-35196]
End auto log messages stack.	[MsgId: MMSG-10544]

Start auto log messages stack - Iteration 955.	[MsgId: MMSG-10545]
Starting action Action.	[MsgId: MMSG-15919]
Action.c(4): web_url("canonical.html") started  	[MsgId: MMSG-26355]
Action.c(4): Detected non-resource "https://support.mozilla.org/kb/captive-portal" in "http://detectportal.firefox.com/canonical.html"  	[MsgId: MMSG-26573]
Action.c(4): Error -35196: HTTP Status-Code=429 (Retry With) for "https://support.mozilla.org/kb/captive-portal"  	[MsgId: MERR-35196]
End auto log messages stack.	[MsgId: MMSG-10544]

Start auto log messages stack - Iteration 956.	[MsgId: MMSG-10545]
Starting action Action.	[MsgId: MMSG-15919]
Action.c(4): web_url("canonical.html") started  	[MsgId: MMSG-26355]
Action.c(4): Detected non-resource "https://support.mozilla.org/kb/captive-portal" in "http://detectportal.firefox.com/canonical.html"  	[MsgId: MMSG-26573]
Action.c(4): Error -35196: HTTP Status-Code=429 (Retry With) for "https://support.mozilla.org/kb/captive-portal"  	[MsgId: MERR-35196]
End auto log messages stack.	[MsgId: MMSG-10544]

Start auto log messages stack - Iteration 957.	[MsgId: MMSG-10545]
Starting action Action.	[MsgId: MMSG-15919]
Action.c(4): web_url("canonical.html") started  	[MsgId: MMSG-26355]
Action.c(4): Detected non-resource "https://support.mozilla.org/kb/captive-portal" in "http://detectportal.firefox.com/canonical.html"  	[MsgId: MMSG-26573]
Action.c(4): Error -35196: HTTP Status-Code=429 (Retry With) for "https://support.mozilla.org/kb/captive-portal"  	[MsgId: MERR-35196]
End auto log messages stack.	[MsgId: MMSG-10544]

Start auto log messages stack - Iteration 958.	[MsgId: MMSG-10545]
Starting action Action.	[MsgId: MMSG-15919]
Action.c(4): web_url("canonical.html") started  	[MsgId: MMSG-26355]
Action.c(4): Detected non-resource "https://support.mozilla.org/kb/captive-portal" in "http://detectportal.firefox.com/canonical.html"  	[MsgId: MMSG-26573]
Action.c(4): Error -35196: HTTP Status-Code=429 (Retry With) for "https://support.mozilla.org/kb/captive-portal"  	[MsgId: MERR-35196]
End auto log messages stack.	[MsgId: MMSG-10544]

Start auto log messages stack - Iteration 959.	[MsgId: MMSG-10545]
Starting action Action.	[MsgId: MMSG-15919]
Action.c(4): web_url("canonical.html") started  	[MsgId: MMSG-26355]
Action.c(4): Detected non-resource "https://support.mozilla.org/kb/captive-portal" in "http://detectportal.firefox.com/canonical.html"  	[MsgId: MMSG-26573]
Action.c(4): Error -35196: HTTP Status-Code=429 (Retry With) for "https://support.mozilla.org/kb/captive-portal"  	[MsgId: MERR-35196]
End auto log messages stack.	[MsgId: MMSG-10544]

Start auto log messages stack - Iteration 960.	[MsgId: MMSG-10545]
Starting action Action.	[MsgId: MMSG-15919]
Action.c(4): web_url("canonical.html") started  	[MsgId: MMSG-26355]
Action.c(4): Detected non-resource "https://support.mozilla.org/kb/captive-portal" in "http://detectportal.firefox.com/canonical.html"  	[MsgId: MMSG-26573]
Action.c(4): Error -35196: HTTP Status-Code=429 (Retry With) for "https://support.mozilla.org/kb/captive-portal"  	[MsgId: MERR-35196]
End auto log messages stack.	[MsgId: MMSG-10544]

Start auto log messages stack - Iteration 961.	[MsgId: MMSG-10545]
Starting action Action.	[MsgId: MMSG-15919]
Action.c(4): web_url("canonical.html") started  	[MsgId: MMSG-26355]
Action.c(4): Detected non-resource "https://support.mozilla.org/kb/captive-portal" in "http://detectportal.firefox.com/canonical.html"  	[MsgId: MMSG-26573]
Action.c(4): Error -35196: HTTP Status-Code=429 (Retry With) for "https://support.mozilla.org/kb/captive-portal"  	[MsgId: MERR-35196]
End auto log messages stack.	[MsgId: MMSG-10544]

Start auto log messages stack - Iteration 962.	[MsgId: MMSG-10545]
Starting action Action.	[MsgId: MMSG-15919]
Action.c(4): web_url("canonical.html") started  	[MsgId: MMSG-26355]
Action.c(4): Detected non-resource "https://support.mozilla.org/kb/captive-portal" in "http://detectportal.firefox.com/canonical.html"  	[MsgId: MMSG-26573]
Action.c(4): Error -35196: HTTP Status-Code=429 (Retry With) for "https://support.mozilla.org/kb/captive-portal"  	[MsgId: MERR-35196]
End auto log messages stack.	[MsgId: MMSG-10544]

Start auto log messages stack - Iteration 963.	[MsgId: MMSG-10545]
Starting action Action.	[MsgId: MMSG-15919]
Action.c(4): web_url("canonical.html") started  	[MsgId: MMSG-26355]
Action.c(4): Detected non-resource "https://support.mozilla.org/kb/captive-portal" in "http://detectportal.firefox.com/canonical.html"  	[MsgId: MMSG-26573]
Action.c(4): Error -35196: HTTP Status-Code=429 (Retry With) for "https://support.mozilla.org/kb/captive-portal"  	[MsgId: MERR-35196]
End auto log messages stack.	[MsgId: MMSG-10544]

Start auto log messages stack - Iteration 964.	[MsgId: MMSG-10545]
Starting action Action.	[MsgId: MMSG-15919]
Action.c(4): web_url("canonical.html") started  	[MsgId: MMSG-26355]
Action.c(4): Detected non-resource "https://support.mozilla.org/kb/captive-portal" in "http://detectportal.firefox.com/canonical.html"  	[MsgId: MMSG-26573]
Action.c(4): Error -35196: HTTP Status-Code=429 (Retry With) for "https://support.mozilla.org/kb/captive-portal"  	[MsgId: MERR-35196]
End auto log messages stack.	[MsgId: MMSG-10544]

Start auto log messages stack - Iteration 965.	[MsgId: MMSG-10545]
Starting action Action.	[MsgId: MMSG-15919]
Action.c(4): web_url("canonical.html") started  	[MsgId: MMSG-26355]
Action.c(4): Detected non-resource "https://support.mozilla.org/kb/captive-portal" in "http://detectportal.firefox.com/canonical.html"  	[MsgId: MMSG-26573]
Action.c(4): Error -35196: HTTP Status-Code=429 (Retry With) for "https://support.mozilla.org/kb/captive-portal"  	[MsgId: MERR-35196]
End auto log messages stack.	[MsgId: MMSG-10544]

Start auto log messages stack - Iteration 966.	[MsgId: MMSG-10545]
Starting action Action.	[MsgId: MMSG-15919]
Action.c(4): web_url("canonical.html") started  	[MsgId: MMSG-26355]
Action.c(4): Detected non-resource "https://support.mozilla.org/kb/captive-portal" in "http://detectportal.firefox.com/canonical.html"  	[MsgId: MMSG-26573]
Action.c(4): Error -35196: HTTP Status-Code=429 (Retry With) for "https://support.mozilla.org/kb/captive-portal"  	[MsgId: MERR-35196]
End auto log messages stack.	[MsgId: MMSG-10544]

Start auto log messages stack - Iteration 967.	[MsgId: MMSG-10545]
Starting action Action.	[MsgId: MMSG-15919]
Action.c(4): web_url("canonical.html") started  	[MsgId: MMSG-26355]
Action.c(4): Detected non-resource "https://support.mozilla.org/kb/captive-portal" in "http://detectportal.firefox.com/canonical.html"  	[MsgId: MMSG-26573]
Action.c(4): Error -35196: HTTP Status-Code=429 (Retry With) for "https://support.mozilla.org/kb/captive-portal"  	[MsgId: MERR-35196]
End auto log messages stack.	[MsgId: MMSG-10544]

Start auto log messages stack - Iteration 968.	[MsgId: MMSG-10545]
Starting action Action.	[MsgId: MMSG-15919]
Action.c(4): web_url("canonical.html") started  	[MsgId: MMSG-26355]
Action.c(4): Detected non-resource "https://support.mozilla.org/kb/captive-portal" in "http://detectportal.firefox.com/canonical.html"  	[MsgId: MMSG-26573]
Action.c(4): Error -35196: HTTP Status-Code=429 (Retry With) for "https://support.mozilla.org/kb/captive-portal"  	[MsgId: MERR-35196]
End auto log messages stack.	[MsgId: MMSG-10544]

Start auto log messages stack - Iteration 969.	[MsgId: MMSG-10545]
Starting action Action.	[MsgId: MMSG-15919]
Action.c(4): web_url("canonical.html") started  	[MsgId: MMSG-26355]
Action.c(4): Detected non-resource "https://support.mozilla.org/kb/captive-portal" in "http://detectportal.firefox.com/canonical.html"  	[MsgId: MMSG-26573]
Action.c(4): Error -35196: HTTP Status-Code=429 (Retry With) for "https://support.mozilla.org/kb/captive-portal"  	[MsgId: MERR-35196]
End auto log messages stack.	[MsgId: MMSG-10544]

Start auto log messages stack - Iteration 970.	[MsgId: MMSG-10545]
Starting action Action.	[MsgId: MMSG-15919]
Action.c(4): web_url("canonical.html") started  	[MsgId: MMSG-26355]
Action.c(4): Detected non-resource "https://support.mozilla.org/kb/captive-portal" in "http://detectportal.firefox.com/canonical.html"  	[MsgId: MMSG-26573]
Action.c(4): Error -35196: HTTP Status-Code=429 (Retry With) for "https://support.mozilla.org/kb/captive-portal"  	[MsgId: MERR-35196]
End auto log messages stack.	[MsgId: MMSG-10544]

Start auto log messages stack - Iteration 971.	[MsgId: MMSG-10545]
Starting action Action.	[MsgId: MMSG-15919]
Action.c(4): web_url("canonical.html") started  	[MsgId: MMSG-26355]
Action.c(4): Detected non-resource "https://support.mozilla.org/kb/captive-portal" in "http://detectportal.firefox.com/canonical.html"  	[MsgId: MMSG-26573]
Action.c(4): Error -35196: HTTP Status-Code=429 (Retry With) for "https://support.mozilla.org/kb/captive-portal"  	[MsgId: MERR-35196]
End auto log messages stack.	[MsgId: MMSG-10544]

Start auto log messages stack - Iteration 972.	[MsgId: MMSG-10545]
Starting action Action.	[MsgId: MMSG-15919]
Action.c(4): web_url("canonical.html") started  	[MsgId: MMSG-26355]
Action.c(4): Detected non-resource "https://support.mozilla.org/kb/captive-portal" in "http://detectportal.firefox.com/canonical.html"  	[MsgId: MMSG-26573]
Action.c(4): Error -35196: HTTP Status-Code=429 (Retry With) for "https://support.mozilla.org/kb/captive-portal"  	[MsgId: MERR-35196]
End auto log messages stack.	[MsgId: MMSG-10544]

Start auto log messages stack - Iteration 973.	[MsgId: MMSG-10545]
Starting action Action.	[MsgId: MMSG-15919]
Action.c(4): web_url("canonical.html") started  	[MsgId: MMSG-26355]
Action.c(4): Detected non-resource "https://support.mozilla.org/kb/captive-portal" in "http://detectportal.firefox.com/canonical.html"  	[MsgId: MMSG-26573]
Action.c(4): Error -35196: HTTP Status-Code=429 (Retry With) for "https://support.mozilla.org/kb/captive-portal"  	[MsgId: MERR-35196]
End auto log messages stack.	[MsgId: MMSG-10544]

Start auto log messages stack - Iteration 974.	[MsgId: MMSG-10545]
Starting action Action.	[MsgId: MMSG-15919]
Action.c(4): web_url("canonical.html") started  	[MsgId: MMSG-26355]
Action.c(4): Detected non-resource "https://support.mozilla.org/kb/captive-portal" in "http://detectportal.firefox.com/canonical.html"  	[MsgId: MMSG-26573]
Action.c(4): Error -35196: HTTP Status-Code=429 (Retry With) for "https://support.mozilla.org/kb/captive-portal"  	[MsgId: MERR-35196]
End auto log messages stack.	[MsgId: MMSG-10544]

Start auto log messages stack - Iteration 975.	[MsgId: MMSG-10545]
Starting action Action.	[MsgId: MMSG-15919]
Action.c(4): web_url("canonical.html") started  	[MsgId: MMSG-26355]
Action.c(4): Detected non-resource "https://support.mozilla.org/kb/captive-portal" in "http://detectportal.firefox.com/canonical.html"  	[MsgId: MMSG-26573]
Action.c(4): Error -35196: HTTP Status-Code=429 (Retry With) for "https://support.mozilla.org/kb/captive-portal"  	[MsgId: MERR-35196]
End auto log messages stack.	[MsgId: MMSG-10544]

Start auto log messages stack - Iteration 976.	[MsgId: MMSG-10545]
Starting action Action.	[MsgId: MMSG-15919]
Action.c(4): web_url("canonical.html") started  	[MsgId: MMSG-26355]
Action.c(4): Detected non-resource "https://support.mozilla.org/kb/captive-portal" in "http://detectportal.firefox.com/canonical.html"  	[MsgId: MMSG-26573]
Action.c(4): Error -35196: HTTP Status-Code=429 (Retry With) for "https://support.mozilla.org/kb/captive-portal"  	[MsgId: MERR-35196]
End auto log messages stack.	[MsgId: MMSG-10544]

Start auto log messages stack - Iteration 977.	[MsgId: MMSG-10545]
Starting action Action.	[MsgId: MMSG-15919]
Action.c(4): web_url("canonical.html") started  	[MsgId: MMSG-26355]
Action.c(4): Detected non-resource "https://support.mozilla.org/kb/captive-portal" in "http://detectportal.firefox.com/canonical.html"  	[MsgId: MMSG-26573]
Action.c(4): Error -35196: HTTP Status-Code=429 (Retry With) for "https://support.mozilla.org/kb/captive-portal"  	[MsgId: MERR-35196]
End auto log messages stack.	[MsgId: MMSG-10544]

Start auto log messages stack - Iteration 978.	[MsgId: MMSG-10545]
Starting action Action.	[MsgId: MMSG-15919]
Action.c(4): web_url("canonical.html") started  	[MsgId: MMSG-26355]
Action.c(4): Detected non-resource "https://support.mozilla.org/kb/captive-portal" in "http://detectportal.firefox.com/canonical.html"  	[MsgId: MMSG-26573]
Action.c(4): Error -35196: HTTP Status-Code=429 (Retry With) for "https://support.mozilla.org/kb/captive-portal"  	[MsgId: MERR-35196]
End auto log messages stack.	[MsgId: MMSG-10544]

Start auto log messages stack - Iteration 979.	[MsgId: MMSG-10545]
Starting action Action.	[MsgId: MMSG-15919]
Action.c(4): web_url("canonical.html") started  	[MsgId: MMSG-26355]
Action.c(4): Detected non-resource "https://support.mozilla.org/kb/captive-portal" in "http://detectportal.firefox.com/canonical.html"  	[MsgId: MMSG-26573]
Action.c(4): Error -35196: HTTP Status-Code=429 (Retry With) for "https://support.mozilla.org/kb/captive-portal"  	[MsgId: MERR-35196]
End auto log messages stack.	[MsgId: MMSG-10544]

Start auto log messages stack - Iteration 980.	[MsgId: MMSG-10545]
Starting action Action.	[MsgId: MMSG-15919]
Action.c(4): web_url("canonical.html") started  	[MsgId: MMSG-26355]
Action.c(4): Detected non-resource "https://support.mozilla.org/kb/captive-portal" in "http://detectportal.firefox.com/canonical.html"  	[MsgId: MMSG-26573]
Action.c(4): Error -35196: HTTP Status-Code=429 (Retry With) for "https://support.mozilla.org/kb/captive-portal"  	[MsgId: MERR-35196]
End auto log messages stack.	[MsgId: MMSG-10544]

Start auto log messages stack - Iteration 981.	[MsgId: MMSG-10545]
Starting action Action.	[MsgId: MMSG-15919]
Action.c(4): web_url("canonical.html") started  	[MsgId: MMSG-26355]
Action.c(4): Detected non-resource "https://support.mozilla.org/kb/captive-portal" in "http://detectportal.firefox.com/canonical.html"  	[MsgId: MMSG-26573]
Action.c(4): Error -35196: HTTP Status-Code=429 (Retry With) for "https://support.mozilla.org/kb/captive-portal"  	[MsgId: MERR-35196]
End auto log messages stack.	[MsgId: MMSG-10544]

Start auto log messages stack - Iteration 982.	[MsgId: MMSG-10545]
Starting action Action.	[MsgId: MMSG-15919]
Action.c(4): web_url("canonical.html") started  	[MsgId: MMSG-26355]
Action.c(4): Detected non-resource "https://support.mozilla.org/kb/captive-portal" in "http://detectportal.firefox.com/canonical.html"  	[MsgId: MMSG-26573]
Action.c(4): Error -35196: HTTP Status-Code=429 (Retry With) for "https://support.mozilla.org/kb/captive-portal"  	[MsgId: MERR-35196]
End auto log messages stack.	[MsgId: MMSG-10544]

Start auto log messages stack - Iteration 983.	[MsgId: MMSG-10545]
Starting action Action.	[MsgId: MMSG-15919]
Action.c(4): web_url("canonical.html") started  	[MsgId: MMSG-26355]
Action.c(4): Detected non-resource "https://support.mozilla.org/kb/captive-portal" in "http://detectportal.firefox.com/canonical.html"  	[MsgId: MMSG-26573]
Action.c(4): Error -35196: HTTP Status-Code=429 (Retry With) for "https://support.mozilla.org/kb/captive-portal"  	[MsgId: MERR-35196]
End auto log messages stack.	[MsgId: MMSG-10544]

Start auto log messages stack - Iteration 984.	[MsgId: MMSG-10545]
Starting action Action.	[MsgId: MMSG-15919]
Action.c(4): web_url("canonical.html") started  	[MsgId: MMSG-26355]
Action.c(4): Detected non-resource "https://support.mozilla.org/kb/captive-portal" in "http://detectportal.firefox.com/canonical.html"  	[MsgId: MMSG-26573]
Action.c(4): Error -35196: HTTP Status-Code=429 (Retry With) for "https://support.mozilla.org/kb/captive-portal"  	[MsgId: MERR-35196]
End auto log messages stack.	[MsgId: MMSG-10544]

Start auto log messages stack - Iteration 985.	[MsgId: MMSG-10545]
Starting action Action.	[MsgId: MMSG-15919]
Action.c(4): web_url("canonical.html") started  	[MsgId: MMSG-26355]
Action.c(4): Detected non-resource "https://support.mozilla.org/kb/captive-portal" in "http://detectportal.firefox.com/canonical.html"  	[MsgId: MMSG-26573]
Action.c(4): Error -35196: HTTP Status-Code=429 (Retry With) for "https://support.mozilla.org/kb/captive-portal"  	[MsgId: MERR-35196]
End auto log messages stack.	[MsgId: MMSG-10544]

Start auto log messages stack - Iteration 986.	[MsgId: MMSG-10545]
Starting action Action.	[MsgId: MMSG-15919]
Action.c(4): web_url("canonical.html") started  	[MsgId: MMSG-26355]
Action.c(4): Detected non-resource "https://support.mozilla.org/kb/captive-portal" in "http://detectportal.firefox.com/canonical.html"  	[MsgId: MMSG-26573]
Action.c(4): Error -35196: HTTP Status-Code=429 (Retry With) for "https://support.mozilla.org/kb/captive-portal"  	[MsgId: MERR-35196]
End auto log messages stack.	[MsgId: MMSG-10544]

Start auto log messages stack - Iteration 987.	[MsgId: MMSG-10545]
Starting action Action.	[MsgId: MMSG-15919]
Action.c(4): web_url("canonical.html") started  	[MsgId: MMSG-26355]
Action.c(4): Detected non-resource "https://support.mozilla.org/kb/captive-portal" in "http://detectportal.firefox.com/canonical.html"  	[MsgId: MMSG-26573]
Action.c(4): Error -35196: HTTP Status-Code=429 (Retry With) for "https://support.mozilla.org/kb/captive-portal"  	[MsgId: MERR-35196]
End auto log messages stack.	[MsgId: MMSG-10544]

Start auto log messages stack - Iteration 988.	[MsgId: MMSG-10545]
Starting action Action.	[MsgId: MMSG-15919]
Action.c(4): web_url("canonical.html") started  	[MsgId: MMSG-26355]
Action.c(4): Detected non-resource "https://support.mozilla.org/kb/captive-portal" in "http://detectportal.firefox.com/canonical.html"  	[MsgId: MMSG-26573]
Action.c(4): Error -35196: HTTP Status-Code=429 (Retry With) for "https://support.mozilla.org/kb/captive-portal"  	[MsgId: MERR-35196]
End auto log messages stack.	[MsgId: MMSG-10544]

Start auto log messages stack - Iteration 989.	[MsgId: MMSG-10545]
Starting action Action.	[MsgId: MMSG-15919]
Action.c(4): web_url("canonical.html") started  	[MsgId: MMSG-26355]
Action.c(4): Detected non-resource "https://support.mozilla.org/kb/captive-portal" in "http://detectportal.firefox.com/canonical.html"  	[MsgId: MMSG-26573]
Action.c(4): Error -35196: HTTP Status-Code=429 (Retry With) for "https://support.mozilla.org/kb/captive-portal"  	[MsgId: MERR-35196]
End auto log messages stack.	[MsgId: MMSG-10544]

Start auto log messages stack - Iteration 990.	[MsgId: MMSG-10545]
Starting action Action.	[MsgId: MMSG-15919]
Action.c(4): web_url("canonical.html") started  	[MsgId: MMSG-26355]
Action.c(4): Detected non-resource "https://support.mozilla.org/kb/captive-portal" in "http://detectportal.firefox.com/canonical.html"  	[MsgId: MMSG-26573]
Action.c(4): Error -35196: HTTP Status-Code=429 (Retry With) for "https://support.mozilla.org/kb/captive-portal"  	[MsgId: MERR-35196]
End auto log messages stack.	[MsgId: MMSG-10544]

Start auto log messages stack - Iteration 991.	[MsgId: MMSG-10545]
Starting action Action.	[MsgId: MMSG-15919]
Action.c(4): web_url("canonical.html") started  	[MsgId: MMSG-26355]
Action.c(4): Detected non-resource "https://support.mozilla.org/kb/captive-portal" in "http://detectportal.firefox.com/canonical.html"  	[MsgId: MMSG-26573]
Action.c(4): Error -35196: HTTP Status-Code=429 (Retry With) for "https://support.mozilla.org/kb/captive-portal"  	[MsgId: MERR-35196]
End auto log messages stack.	[MsgId: MMSG-10544]

Start auto log messages stack - Iteration 992.	[MsgId: MMSG-10545]
Starting action Action.	[MsgId: MMSG-15919]
Action.c(4): web_url("canonical.html") started  	[MsgId: MMSG-26355]
Action.c(4): Detected non-resource "https://support.mozilla.org/kb/captive-portal" in "http://detectportal.firefox.com/canonical.html"  	[MsgId: MMSG-26573]
Action.c(4): Error -35196: HTTP Status-Code=429 (Retry With) for "https://support.mozilla.org/kb/captive-portal"  	[MsgId: MERR-35196]
End auto log messages stack.	[MsgId: MMSG-10544]

Start auto log messages stack - Iteration 993.	[MsgId: MMSG-10545]
Starting action Action.	[MsgId: MMSG-15919]
Action.c(4): web_url("canonical.html") started  	[MsgId: MMSG-26355]
Action.c(4): Detected non-resource "https://support.mozilla.org/kb/captive-portal" in "http://detectportal.firefox.com/canonical.html"  	[MsgId: MMSG-26573]
Action.c(4): Error -35196: HTTP Status-Code=429 (Retry With) for "https://support.mozilla.org/kb/captive-portal"  	[MsgId: MERR-35196]
End auto log messages stack.	[MsgId: MMSG-10544]

Start auto log messages stack - Iteration 994.	[MsgId: MMSG-10545]
Starting action Action.	[MsgId: MMSG-15919]
Action.c(4): web_url("canonical.html") started  	[MsgId: MMSG-26355]
Action.c(4): Detected non-resource "https://support.mozilla.org/kb/captive-portal" in "http://detectportal.firefox.com/canonical.html"  	[MsgId: MMSG-26573]
Action.c(4): Error -35196: HTTP Status-Code=429 (Retry With) for "https://support.mozilla.org/kb/captive-portal"  	[MsgId: MERR-35196]
End auto log messages stack.	[MsgId: MMSG-10544]

Start auto log messages stack - Iteration 995.	[MsgId: MMSG-10545]
Starting action Action.	[MsgId: MMSG-15919]
Action.c(4): web_url("canonical.html") started  	[MsgId: MMSG-26355]
Action.c(4): Detected non-resource "https://support.mozilla.org/kb/captive-portal" in "http://detectportal.firefox.com/canonical.html"  	[MsgId: MMSG-26573]
Action.c(4): Error -35196: HTTP Status-Code=429 (Retry With) for "https://support.mozilla.org/kb/captive-portal"  	[MsgId: MERR-35196]
End auto log messages stack.	[MsgId: MMSG-10544]

Start auto log messages stack - Iteration 996.	[MsgId: MMSG-10545]
Starting action Action.	[MsgId: MMSG-15919]
Action.c(4): web_url("canonical.html") started  	[MsgId: MMSG-26355]
Action.c(4): Detected non-resource "https://support.mozilla.org/kb/captive-portal" in "http://detectportal.firefox.com/canonical.html"  	[MsgId: MMSG-26573]
Action.c(4): Error -35196: HTTP Status-Code=429 (Retry With) for "https://support.mozilla.org/kb/captive-portal"  	[MsgId: MERR-35196]
End auto log messages stack.	[MsgId: MMSG-10544]

Start auto log messages stack - Iteration 997.	[MsgId: MMSG-10545]
Starting action Action.	[MsgId: MMSG-15919]
Action.c(4): web_url("canonical.html") started  	[MsgId: MMSG-26355]
Action.c(4): Detected non-resource "https://support.mozilla.org/kb/captive-portal" in "http://detectportal.firefox.com/canonical.html"  	[MsgId: MMSG-26573]
Action.c(4): Error -35196: HTTP Status-Code=429 (Retry With) for "https://support.mozilla.org/kb/captive-portal"  	[MsgId: MERR-35196]
End auto log messages stack.	[MsgId: MMSG-10544]

Start auto log messages stack - Iteration 998.	[MsgId: MMSG-10545]
Starting action Action.	[MsgId: MMSG-15919]
Action.c(4): web_url("canonical.html") started  	[MsgId: MMSG-26355]
Action.c(4): Detected non-resource "https://support.mozilla.org/kb/captive-portal" in "http://detectportal.firefox.com/canonical.html"  	[MsgId: MMSG-26573]
Action.c(4): Error -35196: HTTP Status-Code=429 (Retry With) for "https://support.mozilla.org/kb/captive-portal"  	[MsgId: MERR-35196]
End auto log messages stack.	[MsgId: MMSG-10544]

Start auto log messages stack - Iteration 999.	[MsgId: MMSG-10545]
Starting action Action.	[MsgId: MMSG-15919]
Action.c(4): web_url("canonical.html") started  	[MsgId: MMSG-26355]
Action.c(4): Detected non-resource "https://support.mozilla.org/kb/captive-portal" in "http://detectportal.firefox.com/canonical.html"  	[MsgId: MMSG-26573]
Action.c(4): Error -35196: HTTP Status-Code=429 (Retry With) for "https://support.mozilla.org/kb/captive-portal"  	[MsgId: MERR-35196]
End auto log messages stack.	[MsgId: MMSG-10544]

Start auto log messages stack - Iteration 1000.	[MsgId: MMSG-10545]
Starting action Action.	[MsgId: MMSG-15919]
Action.c(4): web_url("canonical.html") started  	[MsgId: MMSG-26355]
Action.c(4): Detected non-resource "https://support.mozilla.org/kb/captive-portal" in "http://detectportal.firefox.com/canonical.html"  	[MsgId: MMSG-26573]
Action.c(4): Error -35196: HTTP Status-Code=429 (Retry With) for "https://support.mozilla.org/kb/captive-portal"  	[MsgId: MERR-35196]
End auto log messages stack.	[MsgId: MMSG-10544]

Start auto log messages stack - Iteration 1001.	[MsgId: MMSG-10545]
Starting action Action.	[MsgId: MMSG-15919]
Action.c(4): web_url("canonical.html") started  	[MsgId: MMSG-26355]
Action.c(4): Detected non-resource "https://support.mozilla.org/kb/captive-portal" in "http://detectportal.firefox.com/canonical.html"  	[MsgId: MMSG-26573]
Action.c(4): Error -35196: HTTP Status-Code=429 (Retry With) for "https://support.mozilla.org/kb/captive-portal"  	[MsgId: MERR-35196]
End auto log messages stack.	[MsgId: MMSG-10544]

Start auto log messages stack - Iteration 1002.	[MsgId: MMSG-10545]
Starting action Action.	[MsgId: MMSG-15919]
Action.c(4): web_url("canonical.html") started  	[MsgId: MMSG-26355]
Action.c(4): Detected non-resource "https://support.mozilla.org/kb/captive-portal" in "http://detectportal.firefox.com/canonical.html"  	[MsgId: MMSG-26573]
Action.c(4): Error -35196: HTTP Status-Code=429 (Retry With) for "https://support.mozilla.org/kb/captive-portal"  	[MsgId: MERR-35196]
End auto log messages stack.	[MsgId: MMSG-10544]

Start auto log messages stack - Iteration 1003.	[MsgId: MMSG-10545]
Starting action Action.	[MsgId: MMSG-15919]
Action.c(4): web_url("canonical.html") started  	[MsgId: MMSG-26355]
Action.c(4): Detected non-resource "https://support.mozilla.org/kb/captive-portal" in "http://detectportal.firefox.com/canonical.html"  	[MsgId: MMSG-26573]
Action.c(4): Error -35196: HTTP Status-Code=429 (Retry With) for "https://support.mozilla.org/kb/captive-portal"  	[MsgId: MERR-35196]
End auto log messages stack.	[MsgId: MMSG-10544]

Start auto log messages stack - Iteration 1004.	[MsgId: MMSG-10545]
Starting action Action.	[MsgId: MMSG-15919]
Action.c(4): web_url("canonical.html") started  	[MsgId: MMSG-26355]
Action.c(4): Detected non-resource "https://support.mozilla.org/kb/captive-portal" in "http://detectportal.firefox.com/canonical.html"  	[MsgId: MMSG-26573]
Action.c(4): Error -35196: HTTP Status-Code=429 (Retry With) for "https://support.mozilla.org/kb/captive-portal"  	[MsgId: MERR-35196]
End auto log messages stack.	[MsgId: MMSG-10544]

Start auto log messages stack - Iteration 1005.	[MsgId: MMSG-10545]
Starting action Action.	[MsgId: MMSG-15919]
Action.c(4): web_url("canonical.html") started  	[MsgId: MMSG-26355]
Action.c(4): Detected non-resource "https://support.mozilla.org/kb/captive-portal" in "http://detectportal.firefox.com/canonical.html"  	[MsgId: MMSG-26573]
Action.c(4): Error -35196: HTTP Status-Code=429 (Retry With) for "https://support.mozilla.org/kb/captive-portal"  	[MsgId: MERR-35196]
End auto log messages stack.	[MsgId: MMSG-10544]

Start auto log messages stack - Iteration 1006.	[MsgId: MMSG-10545]
Starting action Action.	[MsgId: MMSG-15919]
Action.c(4): web_url("canonical.html") started  	[MsgId: MMSG-26355]
Action.c(4): Detected non-resource "https://support.mozilla.org/kb/captive-portal" in "http://detectportal.firefox.com/canonical.html"  	[MsgId: MMSG-26573]
Action.c(4): Error -35196: HTTP Status-Code=429 (Retry With) for "https://support.mozilla.org/kb/captive-portal"  	[MsgId: MERR-35196]
End auto log messages stack.	[MsgId: MMSG-10544]

Start auto log messages stack - Iteration 1007.	[MsgId: MMSG-10545]
Starting action Action.	[MsgId: MMSG-15919]
Action.c(4): web_url("canonical.html") started  	[MsgId: MMSG-26355]
Action.c(4): Detected non-resource "https://support.mozilla.org/kb/captive-portal" in "http://detectportal.firefox.com/canonical.html"  	[MsgId: MMSG-26573]
Action.c(4): Error -35196: HTTP Status-Code=429 (Retry With) for "https://support.mozilla.org/kb/captive-portal"  	[MsgId: MERR-35196]
End auto log messages stack.	[MsgId: MMSG-10544]

Start auto log messages stack - Iteration 1008.	[MsgId: MMSG-10545]
Starting action Action.	[MsgId: MMSG-15919]
Action.c(4): web_url("canonical.html") started  	[MsgId: MMSG-26355]
Action.c(4): Detected non-resource "https://support.mozilla.org/kb/captive-portal" in "http://detectportal.firefox.com/canonical.html"  	[MsgId: MMSG-26573]
Action.c(4): Error -35196: HTTP Status-Code=429 (Retry With) for "https://support.mozilla.org/kb/captive-portal"  	[MsgId: MERR-35196]
End auto log messages stack.	[MsgId: MMSG-10544]

Start auto log messages stack - Iteration 1009.	[MsgId: MMSG-10545]
Starting action Action.	[MsgId: MMSG-15919]
Action.c(4): web_url("canonical.html") started  	[MsgId: MMSG-26355]
Action.c(4): Detected non-resource "https://support.mozilla.org/kb/captive-portal" in "http://detectportal.firefox.com/canonical.html"  	[MsgId: MMSG-26573]
Action.c(4): Error -35196: HTTP Status-Code=429 (Retry With) for "https://support.mozilla.org/kb/captive-portal"  	[MsgId: MERR-35196]
End auto log messages stack.	[MsgId: MMSG-10544]

Start auto log messages stack - Iteration 1010.	[MsgId: MMSG-10545]
Starting action Action.	[MsgId: MMSG-15919]
Action.c(4): web_url("canonical.html") started  	[MsgId: MMSG-26355]
Action.c(4): Detected non-resource "https://support.mozilla.org/kb/captive-portal" in "http://detectportal.firefox.com/canonical.html"  	[MsgId: MMSG-26573]
Action.c(4): Error -35196: HTTP Status-Code=429 (Retry With) for "https://support.mozilla.org/kb/captive-portal"  	[MsgId: MERR-35196]
End auto log messages stack.	[MsgId: MMSG-10544]

Start auto log messages stack - Iteration 1011.	[MsgId: MMSG-10545]
Starting action Action.	[MsgId: MMSG-15919]
Action.c(4): web_url("canonical.html") started  	[MsgId: MMSG-26355]
Action.c(4): Detected non-resource "https://support.mozilla.org/kb/captive-portal" in "http://detectportal.firefox.com/canonical.html"  	[MsgId: MMSG-26573]
Action.c(4): Error -35196: HTTP Status-Code=429 (Retry With) for "https://support.mozilla.org/kb/captive-portal"  	[MsgId: MERR-35196]
End auto log messages stack.	[MsgId: MMSG-10544]

Start auto log messages stack - Iteration 1012.	[MsgId: MMSG-10545]
Starting action Action.	[MsgId: MMSG-15919]
Action.c(4): web_url("canonical.html") started  	[MsgId: MMSG-26355]
Action.c(4): Detected non-resource "https://support.mozilla.org/kb/captive-portal" in "http://detectportal.firefox.com/canonical.html"  	[MsgId: MMSG-26573]
Action.c(4): Error -35196: HTTP Status-Code=429 (Retry With) for "https://support.mozilla.org/kb/captive-portal"  	[MsgId: MERR-35196]
End auto log messages stack.	[MsgId: MMSG-10544]

Start auto log messages stack - Iteration 1013.	[MsgId: MMSG-10545]
Starting action Action.	[MsgId: MMSG-15919]
Action.c(4): web_url("canonical.html") started  	[MsgId: MMSG-26355]
Action.c(4): Detected non-resource "https://support.mozilla.org/kb/captive-portal" in "http://detectportal.firefox.com/canonical.html"  	[MsgId: MMSG-26573]
Action.c(4): Error -35196: HTTP Status-Code=429 (Retry With) for "https://support.mozilla.org/kb/captive-portal"  	[MsgId: MERR-35196]
End auto log messages stack.	[MsgId: MMSG-10544]

Start auto log messages stack - Iteration 1014.	[MsgId: MMSG-10545]
Starting action Action.	[MsgId: MMSG-15919]
Action.c(4): web_url("canonical.html") started  	[MsgId: MMSG-26355]
Action.c(4): Detected non-resource "https://support.mozilla.org/kb/captive-portal" in "http://detectportal.firefox.com/canonical.html"  	[MsgId: MMSG-26573]
Action.c(4): Error -35196: HTTP Status-Code=429 (Retry With) for "https://support.mozilla.org/kb/captive-portal"  	[MsgId: MERR-35196]
End auto log messages stack.	[MsgId: MMSG-10544]

Start auto log messages stack - Iteration 1015.	[MsgId: MMSG-10545]
Starting action Action.	[MsgId: MMSG-15919]
Action.c(4): web_url("canonical.html") started  	[MsgId: MMSG-26355]
Action.c(4): Detected non-resource "https://support.mozilla.org/kb/captive-portal" in "http://detectportal.firefox.com/canonical.html"  	[MsgId: MMSG-26573]
Action.c(4): Error -35196: HTTP Status-Code=429 (Retry With) for "https://support.mozilla.org/kb/captive-portal"  	[MsgId: MERR-35196]
End auto log messages stack.	[MsgId: MMSG-10544]

Start auto log messages stack - Iteration 1016.	[MsgId: MMSG-10545]
Starting action Action.	[MsgId: MMSG-15919]
Action.c(4): web_url("canonical.html") started  	[MsgId: MMSG-26355]
Action.c(4): Detected non-resource "https://support.mozilla.org/kb/captive-portal" in "http://detectportal.firefox.com/canonical.html"  	[MsgId: MMSG-26573]
Action.c(4): Error -35196: HTTP Status-Code=429 (Retry With) for "https://support.mozilla.org/kb/captive-portal"  	[MsgId: MERR-35196]
End auto log messages stack.	[MsgId: MMSG-10544]

Start auto log messages stack - Iteration 1017.	[MsgId: MMSG-10545]
Starting action Action.	[MsgId: MMSG-15919]
Action.c(4): web_url("canonical.html") started  	[MsgId: MMSG-26355]
Action.c(4): Detected non-resource "https://support.mozilla.org/kb/captive-portal" in "http://detectportal.firefox.com/canonical.html"  	[MsgId: MMSG-26573]
Action.c(4): Error -35196: HTTP Status-Code=429 (Retry With) for "https://support.mozilla.org/kb/captive-portal"  	[MsgId: MERR-35196]
End auto log messages stack.	[MsgId: MMSG-10544]

Start auto log messages stack - Iteration 1018.	[MsgId: MMSG-10545]
Starting action Action.	[MsgId: MMSG-15919]
Action.c(4): web_url("canonical.html") started  	[MsgId: MMSG-26355]
Action.c(4): Detected non-resource "https://support.mozilla.org/kb/captive-portal" in "http://detectportal.firefox.com/canonical.html"  	[MsgId: MMSG-26573]
Action.c(4): Error -35196: HTTP Status-Code=429 (Retry With) for "https://support.mozilla.org/kb/captive-portal"  	[MsgId: MERR-35196]
End auto log messages stack.	[MsgId: MMSG-10544]

Start auto log messages stack - Iteration 1019.	[MsgId: MMSG-10545]
Starting action Action.	[MsgId: MMSG-15919]
Action.c(4): web_url("canonical.html") started  	[MsgId: MMSG-26355]
Action.c(4): Detected non-resource "https://support.mozilla.org/kb/captive-portal" in "http://detectportal.firefox.com/canonical.html"  	[MsgId: MMSG-26573]
Action.c(4): Error -35196: HTTP Status-Code=429 (Retry With) for "https://support.mozilla.org/kb/captive-portal"  	[MsgId: MERR-35196]
End auto log messages stack.	[MsgId: MMSG-10544]

Start auto log messages stack - Iteration 1020.	[MsgId: MMSG-10545]
Starting action Action.	[MsgId: MMSG-15919]
Action.c(4): web_url("canonical.html") started  	[MsgId: MMSG-26355]
Action.c(4): Detected non-resource "https://support.mozilla.org/kb/captive-portal" in "http://detectportal.firefox.com/canonical.html"  	[MsgId: MMSG-26573]
Action.c(4): Error -35196: HTTP Status-Code=429 (Retry With) for "https://support.mozilla.org/kb/captive-portal"  	[MsgId: MERR-35196]
End auto log messages stack.	[MsgId: MMSG-10544]

Start auto log messages stack - Iteration 1021.	[MsgId: MMSG-10545]
Starting action Action.	[MsgId: MMSG-15919]
Action.c(4): web_url("canonical.html") started  	[MsgId: MMSG-26355]
Action.c(4): Detected non-resource "https://support.mozilla.org/kb/captive-portal" in "http://detectportal.firefox.com/canonical.html"  	[MsgId: MMSG-26573]
Action.c(4): Error -35196: HTTP Status-Code=429 (Retry With) for "https://support.mozilla.org/kb/captive-portal"  	[MsgId: MERR-35196]
End auto log messages stack.	[MsgId: MMSG-10544]

Start auto log messages stack - Iteration 1022.	[MsgId: MMSG-10545]
Starting action Action.	[MsgId: MMSG-15919]
Action.c(4): web_url("canonical.html") started  	[MsgId: MMSG-26355]
Action.c(4): Detected non-resource "https://support.mozilla.org/kb/captive-portal" in "http://detectportal.firefox.com/canonical.html"  	[MsgId: MMSG-26573]
Action.c(4): Error -35196: HTTP Status-Code=429 (Retry With) for "https://support.mozilla.org/kb/captive-portal"  	[MsgId: MERR-35196]
End auto log messages stack.	[MsgId: MMSG-10544]

Start auto log messages stack - Iteration 1023.	[MsgId: MMSG-10545]
Starting action Action.	[MsgId: MMSG-15919]
Action.c(4): web_url("canonical.html") started  	[MsgId: MMSG-26355]
Action.c(4): Detected non-resource "https://support.mozilla.org/kb/captive-portal" in "http://detectportal.firefox.com/canonical.html"  	[MsgId: MMSG-26573]
Action.c(4): Error -35196: HTTP Status-Code=429 (Retry With) for "https://support.mozilla.org/kb/captive-portal"  	[MsgId: MERR-35196]
End auto log messages stack.	[MsgId: MMSG-10544]

Start auto log messages stack - Iteration 1024.	[MsgId: MMSG-10545]
Starting action Action.	[MsgId: MMSG-15919]
Action.c(4): web_url("canonical.html") started  	[MsgId: MMSG-26355]
Action.c(4): Detected non-resource "https://support.mozilla.org/kb/captive-portal" in "http://detectportal.firefox.com/canonical.html"  	[MsgId: MMSG-26573]
Action.c(4): Error -35196: HTTP Status-Code=429 (Retry With) for "https://support.mozilla.org/kb/captive-portal"  	[MsgId: MERR-35196]
End auto log messages stack.	[MsgId: MMSG-10544]

Start auto log messages stack - Iteration 1025.	[MsgId: MMSG-10545]
Starting action Action.	[MsgId: MMSG-15919]
Action.c(4): web_url("canonical.html") started  	[MsgId: MMSG-26355]
Action.c(4): Detected non-resource "https://support.mozilla.org/kb/captive-portal" in "http://detectportal.firefox.com/canonical.html"  	[MsgId: MMSG-26573]
Action.c(4): Error -35196: HTTP Status-Code=429 (Retry With) for "https://support.mozilla.org/kb/captive-portal"  	[MsgId: MERR-35196]
End auto log messages stack.	[MsgId: MMSG-10544]

Start auto log messages stack - Iteration 1026.	[MsgId: MMSG-10545]
Starting action Action.	[MsgId: MMSG-15919]
Action.c(4): web_url("canonical.html") started  	[MsgId: MMSG-26355]
Action.c(4): Detected non-resource "https://support.mozilla.org/kb/captive-portal" in "http://detectportal.firefox.com/canonical.html"  	[MsgId: MMSG-26573]
Action.c(4): Error -35196: HTTP Status-Code=429 (Retry With) for "https://support.mozilla.org/kb/captive-portal"  	[MsgId: MERR-35196]
End auto log messages stack.	[MsgId: MMSG-10544]

Start auto log messages stack - Iteration 1027.	[MsgId: MMSG-10545]
Starting action Action.	[MsgId: MMSG-15919]
Action.c(4): web_url("canonical.html") started  	[MsgId: MMSG-26355]
Action.c(4): Detected non-resource "https://support.mozilla.org/kb/captive-portal" in "http://detectportal.firefox.com/canonical.html"  	[MsgId: MMSG-26573]
Action.c(4): Error -35196: HTTP Status-Code=429 (Retry With) for "https://support.mozilla.org/kb/captive-portal"  	[MsgId: MERR-35196]
End auto log messages stack.	[MsgId: MMSG-10544]

Start auto log messages stack - Iteration 1028.	[MsgId: MMSG-10545]
Starting action Action.	[MsgId: MMSG-15919]
Action.c(4): web_url("canonical.html") started  	[MsgId: MMSG-26355]
Action.c(4): Detected non-resource "https://support.mozilla.org/kb/captive-portal" in "http://detectportal.firefox.com/canonical.html"  	[MsgId: MMSG-26573]
Action.c(4): Error -35196: HTTP Status-Code=429 (Retry With) for "https://support.mozilla.org/kb/captive-portal"  	[MsgId: MERR-35196]
End auto log messages stack.	[MsgId: MMSG-10544]

Start auto log messages stack - Iteration 1029.	[MsgId: MMSG-10545]
Starting action Action.	[MsgId: MMSG-15919]
Action.c(4): web_url("canonical.html") started  	[MsgId: MMSG-26355]
Action.c(4): Detected non-resource "https://support.mozilla.org/kb/captive-portal" in "http://detectportal.firefox.com/canonical.html"  	[MsgId: MMSG-26573]
Action.c(4): Error -35196: HTTP Status-Code=429 (Retry With) for "https://support.mozilla.org/kb/captive-portal"  	[MsgId: MERR-35196]
End auto log messages stack.	[MsgId: MMSG-10544]

Start auto log messages stack - Iteration 1030.	[MsgId: MMSG-10545]
Starting action Action.	[MsgId: MMSG-15919]
Action.c(4): web_url("canonical.html") started  	[MsgId: MMSG-26355]
Action.c(4): Detected non-resource "https://support.mozilla.org/kb/captive-portal" in "http://detectportal.firefox.com/canonical.html"  	[MsgId: MMSG-26573]
Action.c(4): Error -35196: HTTP Status-Code=429 (Retry With) for "https://support.mozilla.org/kb/captive-portal"  	[MsgId: MERR-35196]
End auto log messages stack.	[MsgId: MMSG-10544]

Start auto log messages stack - Iteration 1031.	[MsgId: MMSG-10545]
Starting action Action.	[MsgId: MMSG-15919]
Action.c(4): web_url("canonical.html") started  	[MsgId: MMSG-26355]
Action.c(4): Detected non-resource "https://support.mozilla.org/kb/captive-portal" in "http://detectportal.firefox.com/canonical.html"  	[MsgId: MMSG-26573]
Action.c(4): Error -35196: HTTP Status-Code=429 (Retry With) for "https://support.mozilla.org/kb/captive-portal"  	[MsgId: MERR-35196]
End auto log messages stack.	[MsgId: MMSG-10544]

Start auto log messages stack - Iteration 1032.	[MsgId: MMSG-10545]
Starting action Action.	[MsgId: MMSG-15919]
Action.c(4): web_url("canonical.html") started  	[MsgId: MMSG-26355]
Action.c(4): Detected non-resource "https://support.mozilla.org/kb/captive-portal" in "http://detectportal.firefox.com/canonical.html"  	[MsgId: MMSG-26573]
Action.c(4): Error -35196: HTTP Status-Code=429 (Retry With) for "https://support.mozilla.org/kb/captive-portal"  	[MsgId: MERR-35196]
End auto log messages stack.	[MsgId: MMSG-10544]

Start auto log messages stack - Iteration 1033.	[MsgId: MMSG-10545]
Starting action Action.	[MsgId: MMSG-15919]
Action.c(4): web_url("canonical.html") started  	[MsgId: MMSG-26355]
Action.c(4): Detected non-resource "https://support.mozilla.org/kb/captive-portal" in "http://detectportal.firefox.com/canonical.html"  	[MsgId: MMSG-26573]
Action.c(4): Error -35196: HTTP Status-Code=429 (Retry With) for "https://support.mozilla.org/kb/captive-portal"  	[MsgId: MERR-35196]
End auto log messages stack.	[MsgId: MMSG-10544]

Start auto log messages stack - Iteration 1034.	[MsgId: MMSG-10545]
Starting action Action.	[MsgId: MMSG-15919]
Action.c(4): web_url("canonical.html") started  	[MsgId: MMSG-26355]
Action.c(4): Detected non-resource "https://support.mozilla.org/kb/captive-portal" in "http://detectportal.firefox.com/canonical.html"  	[MsgId: MMSG-26573]
Action.c(4): Error -35196: HTTP Status-Code=429 (Retry With) for "https://support.mozilla.org/kb/captive-portal"  	[MsgId: MERR-35196]
End auto log messages stack.	[MsgId: MMSG-10544]

Start auto log messages stack - Iteration 1035.	[MsgId: MMSG-10545]
Starting action Action.	[MsgId: MMSG-15919]
Action.c(4): web_url("canonical.html") started  	[MsgId: MMSG-26355]
Action.c(4): Detected non-resource "https://support.mozilla.org/kb/captive-portal" in "http://detectportal.firefox.com/canonical.html"  	[MsgId: MMSG-26573]
Action.c(4): Error -35196: HTTP Status-Code=429 (Retry With) for "https://support.mozilla.org/kb/captive-portal"  	[MsgId: MERR-35196]
End auto log messages stack.	[MsgId: MMSG-10544]

Start auto log messages stack - Iteration 1036.	[MsgId: MMSG-10545]
Starting action Action.	[MsgId: MMSG-15919]
Action.c(4): web_url("canonical.html") started  	[MsgId: MMSG-26355]
Action.c(4): Detected non-resource "https://support.mozilla.org/kb/captive-portal" in "http://detectportal.firefox.com/canonical.html"  	[MsgId: MMSG-26573]
Action.c(4): Error -35196: HTTP Status-Code=429 (Retry With) for "https://support.mozilla.org/kb/captive-portal"  	[MsgId: MERR-35196]
End auto log messages stack.	[MsgId: MMSG-10544]

Start auto log messages stack - Iteration 1037.	[MsgId: MMSG-10545]
Starting action Action.	[MsgId: MMSG-15919]
Action.c(4): web_url("canonical.html") started  	[MsgId: MMSG-26355]
Action.c(4): Detected non-resource "https://support.mozilla.org/kb/captive-portal" in "http://detectportal.firefox.com/canonical.html"  	[MsgId: MMSG-26573]
Action.c(4): Error -35196: HTTP Status-Code=429 (Retry With) for "https://support.mozilla.org/kb/captive-portal"  	[MsgId: MERR-35196]
End auto log messages stack.	[MsgId: MMSG-10544]

Start auto log messages stack - Iteration 1038.	[MsgId: MMSG-10545]
Starting action Action.	[MsgId: MMSG-15919]
Action.c(4): web_url("canonical.html") started  	[MsgId: MMSG-26355]
Action.c(4): Detected non-resource "https://support.mozilla.org/kb/captive-portal" in "http://detectportal.firefox.com/canonical.html"  	[MsgId: MMSG-26573]
Action.c(4): Error -35196: HTTP Status-Code=429 (Retry With) for "https://support.mozilla.org/kb/captive-portal"  	[MsgId: MERR-35196]
End auto log messages stack.	[MsgId: MMSG-10544]

Start auto log messages stack - Iteration 1039.	[MsgId: MMSG-10545]
Starting action Action.	[MsgId: MMSG-15919]
Action.c(4): web_url("canonical.html") started  	[MsgId: MMSG-26355]
Action.c(4): Detected non-resource "https://support.mozilla.org/kb/captive-portal" in "http://detectportal.firefox.com/canonical.html"  	[MsgId: MMSG-26573]
Action.c(4): Error -35196: HTTP Status-Code=429 (Retry With) for "https://support.mozilla.org/kb/captive-portal"  	[MsgId: MERR-35196]
End auto log messages stack.	[MsgId: MMSG-10544]

Start auto log messages stack - Iteration 1040.	[MsgId: MMSG-10545]
Starting action Action.	[MsgId: MMSG-15919]
Action.c(4): web_url("canonical.html") started  	[MsgId: MMSG-26355]
Action.c(4): Detected non-resource "https://support.mozilla.org/kb/captive-portal" in "http://detectportal.firefox.com/canonical.html"  	[MsgId: MMSG-26573]
Action.c(4): Error -35196: HTTP Status-Code=429 (Retry With) for "https://support.mozilla.org/kb/captive-portal"  	[MsgId: MERR-35196]
End auto log messages stack.	[MsgId: MMSG-10544]

Start auto log messages stack - Iteration 1041.	[MsgId: MMSG-10545]
Starting action Action.	[MsgId: MMSG-15919]
Action.c(4): web_url("canonical.html") started  	[MsgId: MMSG-26355]
Action.c(4): Detected non-resource "https://support.mozilla.org/kb/captive-portal" in "http://detectportal.firefox.com/canonical.html"  	[MsgId: MMSG-26573]
Action.c(4): Error -35196: HTTP Status-Code=429 (Retry With) for "https://support.mozilla.org/kb/captive-portal"  	[MsgId: MERR-35196]
End auto log messages stack.	[MsgId: MMSG-10544]

Start auto log messages stack - Iteration 1042.	[MsgId: MMSG-10545]
Starting action Action.	[MsgId: MMSG-15919]
Action.c(4): web_url("canonical.html") started  	[MsgId: MMSG-26355]
Action.c(4): Detected non-resource "https://support.mozilla.org/kb/captive-portal" in "http://detectportal.firefox.com/canonical.html"  	[MsgId: MMSG-26573]
Action.c(4): Error -35196: HTTP Status-Code=429 (Retry With) for "https://support.mozilla.org/kb/captive-portal"  	[MsgId: MERR-35196]
End auto log messages stack.	[MsgId: MMSG-10544]

Start auto log messages stack - Iteration 1043.	[MsgId: MMSG-10545]
Starting action Action.	[MsgId: MMSG-15919]
Action.c(4): web_url("canonical.html") started  	[MsgId: MMSG-26355]
Action.c(4): Detected non-resource "https://support.mozilla.org/kb/captive-portal" in "http://detectportal.firefox.com/canonical.html"  	[MsgId: MMSG-26573]
Action.c(4): Error -35196: HTTP Status-Code=429 (Retry With) for "https://support.mozilla.org/kb/captive-portal"  	[MsgId: MERR-35196]
End auto log messages stack.	[MsgId: MMSG-10544]

Start auto log messages stack - Iteration 1044.	[MsgId: MMSG-10545]
Starting action Action.	[MsgId: MMSG-15919]
Action.c(4): web_url("canonical.html") started  	[MsgId: MMSG-26355]
Action.c(4): Detected non-resource "https://support.mozilla.org/kb/captive-portal" in "http://detectportal.firefox.com/canonical.html"  	[MsgId: MMSG-26573]
Action.c(4): Error -35196: HTTP Status-Code=429 (Retry With) for "https://support.mozilla.org/kb/captive-portal"  	[MsgId: MERR-35196]
End auto log messages stack.	[MsgId: MMSG-10544]

Start auto log messages stack - Iteration 1045.	[MsgId: MMSG-10545]
Starting action Action.	[MsgId: MMSG-15919]
Action.c(4): web_url("canonical.html") started  	[MsgId: MMSG-26355]
Action.c(4): Detected non-resource "https://support.mozilla.org/kb/captive-portal" in "http://detectportal.firefox.com/canonical.html"  	[MsgId: MMSG-26573]
Action.c(4): Error -35196: HTTP Status-Code=429 (Retry With) for "https://support.mozilla.org/kb/captive-portal"  	[MsgId: MERR-35196]
End auto log messages stack.	[MsgId: MMSG-10544]

Start auto log messages stack - Iteration 1046.	[MsgId: MMSG-10545]
Starting action Action.	[MsgId: MMSG-15919]
Action.c(4): web_url("canonical.html") started  	[MsgId: MMSG-26355]
Action.c(4): Detected non-resource "https://support.mozilla.org/kb/captive-portal" in "http://detectportal.firefox.com/canonical.html"  	[MsgId: MMSG-26573]
Action.c(4): Error -35196: HTTP Status-Code=429 (Retry With) for "https://support.mozilla.org/kb/captive-portal"  	[MsgId: MERR-35196]
End auto log messages stack.	[MsgId: MMSG-10544]

Start auto log messages stack - Iteration 1047.	[MsgId: MMSG-10545]
Starting action Action.	[MsgId: MMSG-15919]
Action.c(4): web_url("canonical.html") started  	[MsgId: MMSG-26355]
Action.c(4): Detected non-resource "https://support.mozilla.org/kb/captive-portal" in "http://detectportal.firefox.com/canonical.html"  	[MsgId: MMSG-26573]
Action.c(4): Error -35196: HTTP Status-Code=429 (Retry With) for "https://support.mozilla.org/kb/captive-portal"  	[MsgId: MERR-35196]
End auto log messages stack.	[MsgId: MMSG-10544]

Start auto log messages stack - Iteration 1048.	[MsgId: MMSG-10545]
Starting action Action.	[MsgId: MMSG-15919]
Action.c(4): web_url("canonical.html") started  	[MsgId: MMSG-26355]
Action.c(4): Detected non-resource "https://support.mozilla.org/kb/captive-portal" in "http://detectportal.firefox.com/canonical.html"  	[MsgId: MMSG-26573]
Action.c(4): Error -35196: HTTP Status-Code=429 (Retry With) for "https://support.mozilla.org/kb/captive-portal"  	[MsgId: MERR-35196]
End auto log messages stack.	[MsgId: MMSG-10544]

Start auto log messages stack - Iteration 1049.	[MsgId: MMSG-10545]
Starting action Action.	[MsgId: MMSG-15919]
Action.c(4): web_url("canonical.html") started  	[MsgId: MMSG-26355]
Action.c(4): Detected non-resource "https://support.mozilla.org/kb/captive-portal" in "http://detectportal.firefox.com/canonical.html"  	[MsgId: MMSG-26573]
Action.c(4): Error -35196: HTTP Status-Code=429 (Retry With) for "https://support.mozilla.org/kb/captive-portal"  	[MsgId: MERR-35196]
End auto log messages stack.	[MsgId: MMSG-10544]

Start auto log messages stack - Iteration 1050.	[MsgId: MMSG-10545]
Starting action Action.	[MsgId: MMSG-15919]
Action.c(4): web_url("canonical.html") started  	[MsgId: MMSG-26355]
Action.c(4): Detected non-resource "https://support.mozilla.org/kb/captive-portal" in "http://detectportal.firefox.com/canonical.html"  	[MsgId: MMSG-26573]
Action.c(4): Error -35196: HTTP Status-Code=429 (Retry With) for "https://support.mozilla.org/kb/captive-portal"  	[MsgId: MERR-35196]
End auto log messages stack.	[MsgId: MMSG-10544]

Start auto log messages stack - Iteration 1051.	[MsgId: MMSG-10545]
Starting action Action.	[MsgId: MMSG-15919]
Action.c(4): web_url("canonical.html") started  	[MsgId: MMSG-26355]
Action.c(4): Detected non-resource "https://support.mozilla.org/kb/captive-portal" in "http://detectportal.firefox.com/canonical.html"  	[MsgId: MMSG-26573]
Action.c(4): Error -35196: HTTP Status-Code=429 (Retry With) for "https://support.mozilla.org/kb/captive-portal"  	[MsgId: MERR-35196]
End auto log messages stack.	[MsgId: MMSG-10544]

Start auto log messages stack - Iteration 1052.	[MsgId: MMSG-10545]
Starting action Action.	[MsgId: MMSG-15919]
Action.c(4): web_url("canonical.html") started  	[MsgId: MMSG-26355]
Action.c(4): Detected non-resource "https://support.mozilla.org/kb/captive-portal" in "http://detectportal.firefox.com/canonical.html"  	[MsgId: MMSG-26573]
Action.c(4): Error -35196: HTTP Status-Code=429 (Retry With) for "https://support.mozilla.org/kb/captive-portal"  	[MsgId: MERR-35196]
End auto log messages stack.	[MsgId: MMSG-10544]

Start auto log messages stack - Iteration 1053.	[MsgId: MMSG-10545]
Starting action Action.	[MsgId: MMSG-15919]
Action.c(4): web_url("canonical.html") started  	[MsgId: MMSG-26355]
Action.c(4): Detected non-resource "https://support.mozilla.org/kb/captive-portal" in "http://detectportal.firefox.com/canonical.html"  	[MsgId: MMSG-26573]
Action.c(4): Error -35196: HTTP Status-Code=429 (Retry With) for "https://support.mozilla.org/kb/captive-portal"  	[MsgId: MERR-35196]
End auto log messages stack.	[MsgId: MMSG-10544]

Start auto log messages stack - Iteration 1054.	[MsgId: MMSG-10545]
Starting action Action.	[MsgId: MMSG-15919]
Action.c(4): web_url("canonical.html") started  	[MsgId: MMSG-26355]
Action.c(4): Detected non-resource "https://support.mozilla.org/kb/captive-portal" in "http://detectportal.firefox.com/canonical.html"  	[MsgId: MMSG-26573]
Action.c(4): Error -35196: HTTP Status-Code=429 (Retry With) for "https://support.mozilla.org/kb/captive-portal"  	[MsgId: MERR-35196]
End auto log messages stack.	[MsgId: MMSG-10544]

Start auto log messages stack - Iteration 1055.	[MsgId: MMSG-10545]
Starting action Action.	[MsgId: MMSG-15919]
Action.c(4): web_url("canonical.html") started  	[MsgId: MMSG-26355]
Action.c(4): Detected non-resource "https://support.mozilla.org/kb/captive-portal" in "http://detectportal.firefox.com/canonical.html"  	[MsgId: MMSG-26573]
Action.c(4): Error -35196: HTTP Status-Code=429 (Retry With) for "https://support.mozilla.org/kb/captive-portal"  	[MsgId: MERR-35196]
End auto log messages stack.	[MsgId: MMSG-10544]

Start auto log messages stack - Iteration 1056.	[MsgId: MMSG-10545]
Starting action Action.	[MsgId: MMSG-15919]
Action.c(4): web_url("canonical.html") started  	[MsgId: MMSG-26355]
Action.c(4): Detected non-resource "https://support.mozilla.org/kb/captive-portal" in "http://detectportal.firefox.com/canonical.html"  	[MsgId: MMSG-26573]
Action.c(4): Error -35196: HTTP Status-Code=429 (Retry With) for "https://support.mozilla.org/kb/captive-portal"  	[MsgId: MERR-35196]
End auto log messages stack.	[MsgId: MMSG-10544]

Start auto log messages stack - Iteration 1057.	[MsgId: MMSG-10545]
Starting action Action.	[MsgId: MMSG-15919]
Action.c(4): web_url("canonical.html") started  	[MsgId: MMSG-26355]
Action.c(4): Detected non-resource "https://support.mozilla.org/kb/captive-portal" in "http://detectportal.firefox.com/canonical.html"  	[MsgId: MMSG-26573]
Action.c(4): Error -35196: HTTP Status-Code=429 (Retry With) for "https://support.mozilla.org/kb/captive-portal"  	[MsgId: MERR-35196]
End auto log messages stack.	[MsgId: MMSG-10544]

Start auto log messages stack - Iteration 1058.	[MsgId: MMSG-10545]
Starting action Action.	[MsgId: MMSG-15919]
Action.c(4): web_url("canonical.html") started  	[MsgId: MMSG-26355]
Action.c(4): Detected non-resource "https://support.mozilla.org/kb/captive-portal" in "http://detectportal.firefox.com/canonical.html"  	[MsgId: MMSG-26573]
Action.c(4): Error -35196: HTTP Status-Code=429 (Retry With) for "https://support.mozilla.org/kb/captive-portal"  	[MsgId: MERR-35196]
End auto log messages stack.	[MsgId: MMSG-10544]

Start auto log messages stack - Iteration 1059.	[MsgId: MMSG-10545]
Starting action Action.	[MsgId: MMSG-15919]
Action.c(4): web_url("canonical.html") started  	[MsgId: MMSG-26355]
Action.c(4): Detected non-resource "https://support.mozilla.org/kb/captive-portal" in "http://detectportal.firefox.com/canonical.html"  	[MsgId: MMSG-26573]
Action.c(4): Error -35196: HTTP Status-Code=429 (Retry With) for "https://support.mozilla.org/kb/captive-portal"  	[MsgId: MERR-35196]
End auto log messages stack.	[MsgId: MMSG-10544]

Start auto log messages stack - Iteration 1060.	[MsgId: MMSG-10545]
Starting action Action.	[MsgId: MMSG-15919]
Action.c(4): web_url("canonical.html") started  	[MsgId: MMSG-26355]
Action.c(4): Detected non-resource "https://support.mozilla.org/kb/captive-portal" in "http://detectportal.firefox.com/canonical.html"  	[MsgId: MMSG-26573]
Action.c(4): Error -35196: HTTP Status-Code=429 (Retry With) for "https://support.mozilla.org/kb/captive-portal"  	[MsgId: MERR-35196]
End auto log messages stack.	[MsgId: MMSG-10544]

Start auto log messages stack - Iteration 1061.	[MsgId: MMSG-10545]
Starting action Action.	[MsgId: MMSG-15919]
Action.c(4): web_url("canonical.html") started  	[MsgId: MMSG-26355]
Action.c(4): Detected non-resource "https://support.mozilla.org/kb/captive-portal" in "http://detectportal.firefox.com/canonical.html"  	[MsgId: MMSG-26573]
Action.c(4): Error -35196: HTTP Status-Code=429 (Retry With) for "https://support.mozilla.org/kb/captive-portal"  	[MsgId: MERR-35196]
End auto log messages stack.	[MsgId: MMSG-10544]

Start auto log messages stack - Iteration 1062.	[MsgId: MMSG-10545]
Starting action Action.	[MsgId: MMSG-15919]
Action.c(4): web_url("canonical.html") started  	[MsgId: MMSG-26355]
Action.c(4): Detected non-resource "https://support.mozilla.org/kb/captive-portal" in "http://detectportal.firefox.com/canonical.html"  	[MsgId: MMSG-26573]
Action.c(4): Error -35196: HTTP Status-Code=429 (Retry With) for "https://support.mozilla.org/kb/captive-portal"  	[MsgId: MERR-35196]
End auto log messages stack.	[MsgId: MMSG-10544]

Start auto log messages stack - Iteration 1063.	[MsgId: MMSG-10545]
Starting action Action.	[MsgId: MMSG-15919]
Action.c(4): web_url("canonical.html") started  	[MsgId: MMSG-26355]
Action.c(4): Detected non-resource "https://support.mozilla.org/kb/captive-portal" in "http://detectportal.firefox.com/canonical.html"  	[MsgId: MMSG-26573]
Action.c(4): Error -35196: HTTP Status-Code=429 (Retry With) for "https://support.mozilla.org/kb/captive-portal"  	[MsgId: MERR-35196]
End auto log messages stack.	[MsgId: MMSG-10544]

Start auto log messages stack - Iteration 1064.	[MsgId: MMSG-10545]
Starting action Action.	[MsgId: MMSG-15919]
Action.c(4): web_url("canonical.html") started  	[MsgId: MMSG-26355]
Action.c(4): Detected non-resource "https://support.mozilla.org/kb/captive-portal" in "http://detectportal.firefox.com/canonical.html"  	[MsgId: MMSG-26573]
Action.c(4): Error -35196: HTTP Status-Code=429 (Retry With) for "https://support.mozilla.org/kb/captive-portal"  	[MsgId: MERR-35196]
End auto log messages stack.	[MsgId: MMSG-10544]

Start auto log messages stack - Iteration 1065.	[MsgId: MMSG-10545]
Starting action Action.	[MsgId: MMSG-15919]
Action.c(4): web_url("canonical.html") started  	[MsgId: MMSG-26355]
Action.c(4): Detected non-resource "https://support.mozilla.org/kb/captive-portal" in "http://detectportal.firefox.com/canonical.html"  	[MsgId: MMSG-26573]
Action.c(4): Error -35196: HTTP Status-Code=429 (Retry With) for "https://support.mozilla.org/kb/captive-portal"  	[MsgId: MERR-35196]
End auto log messages stack.	[MsgId: MMSG-10544]

Start auto log messages stack - Iteration 1066.	[MsgId: MMSG-10545]
Starting action Action.	[MsgId: MMSG-15919]
Action.c(4): web_url("canonical.html") started  	[MsgId: MMSG-26355]
Action.c(4): Detected non-resource "https://support.mozilla.org/kb/captive-portal" in "http://detectportal.firefox.com/canonical.html"  	[MsgId: MMSG-26573]
Action.c(4): Error -35196: HTTP Status-Code=429 (Retry With) for "https://support.mozilla.org/kb/captive-portal"  	[MsgId: MERR-35196]
End auto log messages stack.	[MsgId: MMSG-10544]

Start auto log messages stack - Iteration 1067.	[MsgId: MMSG-10545]
Starting action Action.	[MsgId: MMSG-15919]
Action.c(4): web_url("canonical.html") started  	[MsgId: MMSG-26355]
Action.c(4): Detected non-resource "https://support.mozilla.org/kb/captive-portal" in "http://detectportal.firefox.com/canonical.html"  	[MsgId: MMSG-26573]
Action.c(4): Error -35196: HTTP Status-Code=429 (Retry With) for "https://support.mozilla.org/kb/captive-portal"  	[MsgId: MERR-35196]
End auto log messages stack.	[MsgId: MMSG-10544]

Start auto log messages stack - Iteration 1068.	[MsgId: MMSG-10545]
Starting action Action.	[MsgId: MMSG-15919]
Action.c(4): web_url("canonical.html") started  	[MsgId: MMSG-26355]
Action.c(4): Detected non-resource "https://support.mozilla.org/kb/captive-portal" in "http://detectportal.firefox.com/canonical.html"  	[MsgId: MMSG-26573]
Action.c(4): Error -35196: HTTP Status-Code=429 (Retry With) for "https://support.mozilla.org/kb/captive-portal"  	[MsgId: MERR-35196]
End auto log messages stack.	[MsgId: MMSG-10544]

Start auto log messages stack - Iteration 1069.	[MsgId: MMSG-10545]
Starting action Action.	[MsgId: MMSG-15919]
Action.c(4): web_url("canonical.html") started  	[MsgId: MMSG-26355]
Action.c(4): Detected non-resource "https://support.mozilla.org/kb/captive-portal" in "http://detectportal.firefox.com/canonical.html"  	[MsgId: MMSG-26573]
Action.c(4): Error -35196: HTTP Status-Code=429 (Retry With) for "https://support.mozilla.org/kb/captive-portal"  	[MsgId: MERR-35196]
End auto log messages stack.	[MsgId: MMSG-10544]

Start auto log messages stack - Iteration 1070.	[MsgId: MMSG-10545]
Starting action Action.	[MsgId: MMSG-15919]
Action.c(4): web_url("canonical.html") started  	[MsgId: MMSG-26355]
Action.c(4): Detected non-resource "https://support.mozilla.org/kb/captive-portal" in "http://detectportal.firefox.com/canonical.html"  	[MsgId: MMSG-26573]
Action.c(4): Error -35196: HTTP Status-Code=429 (Retry With) for "https://support.mozilla.org/kb/captive-portal"  	[MsgId: MERR-35196]
End auto log messages stack.	[MsgId: MMSG-10544]

Start auto log messages stack - Iteration 1071.	[MsgId: MMSG-10545]
Starting action Action.	[MsgId: MMSG-15919]
Action.c(4): web_url("canonical.html") started  	[MsgId: MMSG-26355]
Action.c(4): Detected non-resource "https://support.mozilla.org/kb/captive-portal" in "http://detectportal.firefox.com/canonical.html"  	[MsgId: MMSG-26573]
Action.c(4): Error -35196: HTTP Status-Code=429 (Retry With) for "https://support.mozilla.org/kb/captive-portal"  	[MsgId: MERR-35196]
End auto log messages stack.	[MsgId: MMSG-10544]

Start auto log messages stack - Iteration 1072.	[MsgId: MMSG-10545]
Starting action Action.	[MsgId: MMSG-15919]
Action.c(4): web_url("canonical.html") started  	[MsgId: MMSG-26355]
Action.c(4): Detected non-resource "https://support.mozilla.org/kb/captive-portal" in "http://detectportal.firefox.com/canonical.html"  	[MsgId: MMSG-26573]
Action.c(4): Error -35196: HTTP Status-Code=429 (Retry With) for "https://support.mozilla.org/kb/captive-portal"  	[MsgId: MERR-35196]
End auto log messages stack.	[MsgId: MMSG-10544]

Start auto log messages stack - Iteration 1073.	[MsgId: MMSG-10545]
Starting action Action.	[MsgId: MMSG-15919]
Action.c(4): web_url("canonical.html") started  	[MsgId: MMSG-26355]
Action.c(4): Detected non-resource "https://support.mozilla.org/kb/captive-portal" in "http://detectportal.firefox.com/canonical.html"  	[MsgId: MMSG-26573]
Action.c(4): Error -35196: HTTP Status-Code=429 (Retry With) for "https://support.mozilla.org/kb/captive-portal"  	[MsgId: MERR-35196]
End auto log messages stack.	[MsgId: MMSG-10544]

Start auto log messages stack - Iteration 1074.	[MsgId: MMSG-10545]
Starting action Action.	[MsgId: MMSG-15919]
Action.c(4): web_url("canonical.html") started  	[MsgId: MMSG-26355]
Action.c(4): Detected non-resource "https://support.mozilla.org/kb/captive-portal" in "http://detectportal.firefox.com/canonical.html"  	[MsgId: MMSG-26573]
Action.c(4): Error -35196: HTTP Status-Code=429 (Retry With) for "https://support.mozilla.org/kb/captive-portal"  	[MsgId: MERR-35196]
End auto log messages stack.	[MsgId: MMSG-10544]

Start auto log messages stack - Iteration 1075.	[MsgId: MMSG-10545]
Starting action Action.	[MsgId: MMSG-15919]
Action.c(4): web_url("canonical.html") started  	[MsgId: MMSG-26355]
Action.c(4): Detected non-resource "https://support.mozilla.org/kb/captive-portal" in "http://detectportal.firefox.com/canonical.html"  	[MsgId: MMSG-26573]
Action.c(4): Error -35196: HTTP Status-Code=429 (Retry With) for "https://support.mozilla.org/kb/captive-portal"  	[MsgId: MERR-35196]
End auto log messages stack.	[MsgId: MMSG-10544]

Start auto log messages stack - Iteration 1076.	[MsgId: MMSG-10545]
Starting action Action.	[MsgId: MMSG-15919]
Action.c(4): web_url("canonical.html") started  	[MsgId: MMSG-26355]
Action.c(4): Detected non-resource "https://support.mozilla.org/kb/captive-portal" in "http://detectportal.firefox.com/canonical.html"  	[MsgId: MMSG-26573]
Action.c(4): Error -35196: HTTP Status-Code=429 (Retry With) for "https://support.mozilla.org/kb/captive-portal"  	[MsgId: MERR-35196]
End auto log messages stack.	[MsgId: MMSG-10544]

Start auto log messages stack - Iteration 1077.	[MsgId: MMSG-10545]
Starting action Action.	[MsgId: MMSG-15919]
Action.c(4): web_url("canonical.html") started  	[MsgId: MMSG-26355]
Action.c(4): Detected non-resource "https://support.mozilla.org/kb/captive-portal" in "http://detectportal.firefox.com/canonical.html"  	[MsgId: MMSG-26573]
Action.c(4): Error -35196: HTTP Status-Code=429 (Retry With) for "https://support.mozilla.org/kb/captive-portal"  	[MsgId: MERR-35196]
End auto log messages stack.	[MsgId: MMSG-10544]

Start auto log messages stack - Iteration 1078.	[MsgId: MMSG-10545]
Starting action Action.	[MsgId: MMSG-15919]
Action.c(4): web_url("canonical.html") started  	[MsgId: MMSG-26355]
Action.c(4): Detected non-resource "https://support.mozilla.org/kb/captive-portal" in "http://detectportal.firefox.com/canonical.html"  	[MsgId: MMSG-26573]
Action.c(4): Error -35196: HTTP Status-Code=429 (Retry With) for "https://support.mozilla.org/kb/captive-portal"  	[MsgId: MERR-35196]
End auto log messages stack.	[MsgId: MMSG-10544]

Start auto log messages stack - Iteration 1079.	[MsgId: MMSG-10545]
Starting action Action.	[MsgId: MMSG-15919]
Action.c(4): web_url("canonical.html") started  	[MsgId: MMSG-26355]
Action.c(4): Detected non-resource "https://support.mozilla.org/kb/captive-portal" in "http://detectportal.firefox.com/canonical.html"  	[MsgId: MMSG-26573]
Action.c(4): Error -35196: HTTP Status-Code=429 (Retry With) for "https://support.mozilla.org/kb/captive-portal"  	[MsgId: MERR-35196]
End auto log messages stack.	[MsgId: MMSG-10544]

Start auto log messages stack - Iteration 1080.	[MsgId: MMSG-10545]
Starting action Action.	[MsgId: MMSG-15919]
Action.c(4): web_url("canonical.html") started  	[MsgId: MMSG-26355]
Action.c(4): Detected non-resource "https://support.mozilla.org/kb/captive-portal" in "http://detectportal.firefox.com/canonical.html"  	[MsgId: MMSG-26573]
Action.c(4): Error -35196: HTTP Status-Code=429 (Retry With) for "https://support.mozilla.org/kb/captive-portal"  	[MsgId: MERR-35196]
End auto log messages stack.	[MsgId: MMSG-10544]

Start auto log messages stack - Iteration 1081.	[MsgId: MMSG-10545]
Starting action Action.	[MsgId: MMSG-15919]
Action.c(4): web_url("canonical.html") started  	[MsgId: MMSG-26355]
Action.c(4): Detected non-resource "https://support.mozilla.org/kb/captive-portal" in "http://detectportal.firefox.com/canonical.html"  	[MsgId: MMSG-26573]
Action.c(4): Error -35196: HTTP Status-Code=429 (Retry With) for "https://support.mozilla.org/kb/captive-portal"  	[MsgId: MERR-35196]
End auto log messages stack.	[MsgId: MMSG-10544]

Start auto log messages stack - Iteration 1082.	[MsgId: MMSG-10545]
Starting action Action.	[MsgId: MMSG-15919]
Action.c(4): web_url("canonical.html") started  	[MsgId: MMSG-26355]
Action.c(4): Detected non-resource "https://support.mozilla.org/kb/captive-portal" in "http://detectportal.firefox.com/canonical.html"  	[MsgId: MMSG-26573]
Action.c(4): Error -35196: HTTP Status-Code=429 (Retry With) for "https://support.mozilla.org/kb/captive-portal"  	[MsgId: MERR-35196]
End auto log messages stack.	[MsgId: MMSG-10544]

Start auto log messages stack - Iteration 1083.	[MsgId: MMSG-10545]
Starting action Action.	[MsgId: MMSG-15919]
Action.c(4): web_url("canonical.html") started  	[MsgId: MMSG-26355]
Action.c(4): Detected non-resource "https://support.mozilla.org/kb/captive-portal" in "http://detectportal.firefox.com/canonical.html"  	[MsgId: MMSG-26573]
Action.c(4): Error -35196: HTTP Status-Code=429 (Retry With) for "https://support.mozilla.org/kb/captive-portal"  	[MsgId: MERR-35196]
End auto log messages stack.	[MsgId: MMSG-10544]

Start auto log messages stack - Iteration 1084.	[MsgId: MMSG-10545]
Starting action Action.	[MsgId: MMSG-15919]
Action.c(4): web_url("canonical.html") started  	[MsgId: MMSG-26355]
Action.c(4): Detected non-resource "https://support.mozilla.org/kb/captive-portal" in "http://detectportal.firefox.com/canonical.html"  	[MsgId: MMSG-26573]
Action.c(4): Error -35196: HTTP Status-Code=429 (Retry With) for "https://support.mozilla.org/kb/captive-portal"  	[MsgId: MERR-35196]
End auto log messages stack.	[MsgId: MMSG-10544]

Start auto log messages stack - Iteration 1085.	[MsgId: MMSG-10545]
Starting action Action.	[MsgId: MMSG-15919]
Action.c(4): web_url("canonical.html") started  	[MsgId: MMSG-26355]
Action.c(4): Detected non-resource "https://support.mozilla.org/kb/captive-portal" in "http://detectportal.firefox.com/canonical.html"  	[MsgId: MMSG-26573]
Action.c(4): Error -35196: HTTP Status-Code=429 (Retry With) for "https://support.mozilla.org/kb/captive-portal"  	[MsgId: MERR-35196]
End auto log messages stack.	[MsgId: MMSG-10544]

Start auto log messages stack - Iteration 1086.	[MsgId: MMSG-10545]
Starting action Action.	[MsgId: MMSG-15919]
Action.c(4): web_url("canonical.html") started  	[MsgId: MMSG-26355]
Action.c(4): Detected non-resource "https://support.mozilla.org/kb/captive-portal" in "http://detectportal.firefox.com/canonical.html"  	[MsgId: MMSG-26573]
Action.c(4): Error -35196: HTTP Status-Code=429 (Retry With) for "https://support.mozilla.org/kb/captive-portal"  	[MsgId: MERR-35196]
End auto log messages stack.	[MsgId: MMSG-10544]

Start auto log messages stack - Iteration 1087.	[MsgId: MMSG-10545]
Starting action Action.	[MsgId: MMSG-15919]
Action.c(4): web_url("canonical.html") started  	[MsgId: MMSG-26355]
Action.c(4): Detected non-resource "https://support.mozilla.org/kb/captive-portal" in "http://detectportal.firefox.com/canonical.html"  	[MsgId: MMSG-26573]
Action.c(4): Error -35196: HTTP Status-Code=429 (Retry With) for "https://support.mozilla.org/kb/captive-portal"  	[MsgId: MERR-35196]
End auto log messages stack.	[MsgId: MMSG-10544]

Start auto log messages stack - Iteration 1088.	[MsgId: MMSG-10545]
Starting action Action.	[MsgId: MMSG-15919]
Action.c(4): web_url("canonical.html") started  	[MsgId: MMSG-26355]
Action.c(4): Detected non-resource "https://support.mozilla.org/kb/captive-portal" in "http://detectportal.firefox.com/canonical.html"  	[MsgId: MMSG-26573]
Action.c(4): Error -35196: HTTP Status-Code=429 (Retry With) for "https://support.mozilla.org/kb/captive-portal"  	[MsgId: MERR-35196]
End auto log messages stack.	[MsgId: MMSG-10544]

Start auto log messages stack - Iteration 1089.	[MsgId: MMSG-10545]
Starting action Action.	[MsgId: MMSG-15919]
Action.c(4): web_url("canonical.html") started  	[MsgId: MMSG-26355]
Action.c(4): Detected non-resource "https://support.mozilla.org/kb/captive-portal" in "http://detectportal.firefox.com/canonical.html"  	[MsgId: MMSG-26573]
Action.c(4): Error -35196: HTTP Status-Code=429 (Retry With) for "https://support.mozilla.org/kb/captive-portal"  	[MsgId: MERR-35196]
End auto log messages stack.	[MsgId: MMSG-10544]

Start auto log messages stack - Iteration 1090.	[MsgId: MMSG-10545]
Starting action Action.	[MsgId: MMSG-15919]
Action.c(4): web_url("canonical.html") started  	[MsgId: MMSG-26355]
Action.c(4): Detected non-resource "https://support.mozilla.org/kb/captive-portal" in "http://detectportal.firefox.com/canonical.html"  	[MsgId: MMSG-26573]
Action.c(4): Error -35196: HTTP Status-Code=429 (Retry With) for "https://support.mozilla.org/kb/captive-portal"  	[MsgId: MERR-35196]
End auto log messages stack.	[MsgId: MMSG-10544]

Start auto log messages stack - Iteration 1091.	[MsgId: MMSG-10545]
Starting action Action.	[MsgId: MMSG-15919]
Action.c(4): web_url("canonical.html") started  	[MsgId: MMSG-26355]
Action.c(4): Detected non-resource "https://support.mozilla.org/kb/captive-portal" in "http://detectportal.firefox.com/canonical.html"  	[MsgId: MMSG-26573]
Action.c(4): Error -35196: HTTP Status-Code=429 (Retry With) for "https://support.mozilla.org/kb/captive-portal"  	[MsgId: MERR-35196]
End auto log messages stack.	[MsgId: MMSG-10544]

Start auto log messages stack - Iteration 1092.	[MsgId: MMSG-10545]
Starting action Action.	[MsgId: MMSG-15919]
Action.c(4): web_url("canonical.html") started  	[MsgId: MMSG-26355]
Action.c(4): Detected non-resource "https://support.mozilla.org/kb/captive-portal" in "http://detectportal.firefox.com/canonical.html"  	[MsgId: MMSG-26573]
Action.c(4): Error -35196: HTTP Status-Code=429 (Retry With) for "https://support.mozilla.org/kb/captive-portal"  	[MsgId: MERR-35196]
End auto log messages stack.	[MsgId: MMSG-10544]

Start auto log messages stack - Iteration 1093.	[MsgId: MMSG-10545]
Starting action Action.	[MsgId: MMSG-15919]
Action.c(4): web_url("canonical.html") started  	[MsgId: MMSG-26355]
Action.c(4): Detected non-resource "https://support.mozilla.org/kb/captive-portal" in "http://detectportal.firefox.com/canonical.html"  	[MsgId: MMSG-26573]
Action.c(4): Error -35196: HTTP Status-Code=429 (Retry With) for "https://support.mozilla.org/kb/captive-portal"  	[MsgId: MERR-35196]
End auto log messages stack.	[MsgId: MMSG-10544]

Start auto log messages stack - Iteration 1094.	[MsgId: MMSG-10545]
Starting action Action.	[MsgId: MMSG-15919]
Action.c(4): web_url("canonical.html") started  	[MsgId: MMSG-26355]
Action.c(4): Detected non-resource "https://support.mozilla.org/kb/captive-portal" in "http://detectportal.firefox.com/canonical.html"  	[MsgId: MMSG-26573]
Action.c(4): Error -35196: HTTP Status-Code=429 (Retry With) for "https://support.mozilla.org/kb/captive-portal"  	[MsgId: MERR-35196]
End auto log messages stack.	[MsgId: MMSG-10544]

Start auto log messages stack - Iteration 1095.	[MsgId: MMSG-10545]
Starting action Action.	[MsgId: MMSG-15919]
Action.c(4): web_url("canonical.html") started  	[MsgId: MMSG-26355]
Action.c(4): Detected non-resource "https://support.mozilla.org/kb/captive-portal" in "http://detectportal.firefox.com/canonical.html"  	[MsgId: MMSG-26573]
Action.c(4): Error -35196: HTTP Status-Code=429 (Retry With) for "https://support.mozilla.org/kb/captive-portal"  	[MsgId: MERR-35196]
End auto log messages stack.	[MsgId: MMSG-10544]

Start auto log messages stack - Iteration 1096.	[MsgId: MMSG-10545]
Starting action Action.	[MsgId: MMSG-15919]
Action.c(4): web_url("canonical.html") started  	[MsgId: MMSG-26355]
Action.c(4): Detected non-resource "https://support.mozilla.org/kb/captive-portal" in "http://detectportal.firefox.com/canonical.html"  	[MsgId: MMSG-26573]
Action.c(4): Error -35196: HTTP Status-Code=429 (Retry With) for "https://support.mozilla.org/kb/captive-portal"  	[MsgId: MERR-35196]
End auto log messages stack.	[MsgId: MMSG-10544]

Start auto log messages stack - Iteration 1097.	[MsgId: MMSG-10545]
Starting action Action.	[MsgId: MMSG-15919]
Action.c(4): web_url("canonical.html") started  	[MsgId: MMSG-26355]
Action.c(4): Detected non-resource "https://support.mozilla.org/kb/captive-portal" in "http://detectportal.firefox.com/canonical.html"  	[MsgId: MMSG-26573]
Action.c(4): Error -35196: HTTP Status-Code=429 (Retry With) for "https://support.mozilla.org/kb/captive-portal"  	[MsgId: MERR-35196]
End auto log messages stack.	[MsgId: MMSG-10544]

Start auto log messages stack - Iteration 1098.	[MsgId: MMSG-10545]
Starting action Action.	[MsgId: MMSG-15919]
Action.c(4): web_url("canonical.html") started  	[MsgId: MMSG-26355]
Action.c(4): Detected non-resource "https://support.mozilla.org/kb/captive-portal" in "http://detectportal.firefox.com/canonical.html"  	[MsgId: MMSG-26573]
Action.c(4): Error -35196: HTTP Status-Code=429 (Retry With) for "https://support.mozilla.org/kb/captive-portal"  	[MsgId: MERR-35196]
End auto log messages stack.	[MsgId: MMSG-10544]

Start auto log messages stack - Iteration 1099.	[MsgId: MMSG-10545]
Starting action Action.	[MsgId: MMSG-15919]
Action.c(4): web_url("canonical.html") started  	[MsgId: MMSG-26355]
Action.c(4): Detected non-resource "https://support.mozilla.org/kb/captive-portal" in "http://detectportal.firefox.com/canonical.html"  	[MsgId: MMSG-26573]
Action.c(4): Error -35196: HTTP Status-Code=429 (Retry With) for "https://support.mozilla.org/kb/captive-portal"  	[MsgId: MERR-35196]
End auto log messages stack.	[MsgId: MMSG-10544]

Start auto log messages stack - Iteration 1100.	[MsgId: MMSG-10545]
Starting action Action.	[MsgId: MMSG-15919]
Action.c(4): web_url("canonical.html") started  	[MsgId: MMSG-26355]
Action.c(4): Detected non-resource "https://support.mozilla.org/kb/captive-portal" in "http://detectportal.firefox.com/canonical.html"  	[MsgId: MMSG-26573]
Action.c(4): Error -35196: HTTP Status-Code=429 (Retry With) for "https://support.mozilla.org/kb/captive-portal"  	[MsgId: MERR-35196]
End auto log messages stack.	[MsgId: MMSG-10544]

Start auto log messages stack - Iteration 1101.	[MsgId: MMSG-10545]
Starting action Action.	[MsgId: MMSG-15919]
Action.c(4): web_url("canonical.html") started  	[MsgId: MMSG-26355]
Action.c(4): Detected non-resource "https://support.mozilla.org/kb/captive-portal" in "http://detectportal.firefox.com/canonical.html"  	[MsgId: MMSG-26573]
Action.c(4): Error -35196: HTTP Status-Code=429 (Retry With) for "https://support.mozilla.org/kb/captive-portal"  	[MsgId: MERR-35196]
End auto log messages stack.	[MsgId: MMSG-10544]

Start auto log messages stack - Iteration 1102.	[MsgId: MMSG-10545]
Starting action Action.	[MsgId: MMSG-15919]
Action.c(4): web_url("canonical.html") started  	[MsgId: MMSG-26355]
Action.c(4): Detected non-resource "https://support.mozilla.org/kb/captive-portal" in "http://detectportal.firefox.com/canonical.html"  	[MsgId: MMSG-26573]
Action.c(4): Error -35196: HTTP Status-Code=429 (Retry With) for "https://support.mozilla.org/kb/captive-portal"  	[MsgId: MERR-35196]
End auto log messages stack.	[MsgId: MMSG-10544]

Start auto log messages stack - Iteration 1103.	[MsgId: MMSG-10545]
Starting action Action.	[MsgId: MMSG-15919]
Action.c(4): web_url("canonical.html") started  	[MsgId: MMSG-26355]
Action.c(4): Detected non-resource "https://support.mozilla.org/kb/captive-portal" in "http://detectportal.firefox.com/canonical.html"  	[MsgId: MMSG-26573]
Action.c(4): Error -35196: HTTP Status-Code=429 (Retry With) for "https://support.mozilla.org/kb/captive-portal"  	[MsgId: MERR-35196]
End auto log messages stack.	[MsgId: MMSG-10544]

Start auto log messages stack - Iteration 1104.	[MsgId: MMSG-10545]
Starting action Action.	[MsgId: MMSG-15919]
Action.c(4): web_url("canonical.html") started  	[MsgId: MMSG-26355]
Action.c(4): Detected non-resource "https://support.mozilla.org/kb/captive-portal" in "http://detectportal.firefox.com/canonical.html"  	[MsgId: MMSG-26573]
Action.c(4): Error -35196: HTTP Status-Code=429 (Retry With) for "https://support.mozilla.org/kb/captive-portal"  	[MsgId: MERR-35196]
End auto log messages stack.	[MsgId: MMSG-10544]

Start auto log messages stack - Iteration 1105.	[MsgId: MMSG-10545]
Starting action Action.	[MsgId: MMSG-15919]
Action.c(4): web_url("canonical.html") started  	[MsgId: MMSG-26355]
Action.c(4): Detected non-resource "https://support.mozilla.org/kb/captive-portal" in "http://detectportal.firefox.com/canonical.html"  	[MsgId: MMSG-26573]
Action.c(4): Error -35196: HTTP Status-Code=429 (Retry With) for "https://support.mozilla.org/kb/captive-portal"  	[MsgId: MERR-35196]
End auto log messages stack.	[MsgId: MMSG-10544]

Start auto log messages stack - Iteration 1106.	[MsgId: MMSG-10545]
Starting action Action.	[MsgId: MMSG-15919]
Action.c(4): web_url("canonical.html") started  	[MsgId: MMSG-26355]
Action.c(4): Detected non-resource "https://support.mozilla.org/kb/captive-portal" in "http://detectportal.firefox.com/canonical.html"  	[MsgId: MMSG-26573]
Action.c(4): Error -35196: HTTP Status-Code=429 (Retry With) for "https://support.mozilla.org/kb/captive-portal"  	[MsgId: MERR-35196]
End auto log messages stack.	[MsgId: MMSG-10544]

Start auto log messages stack - Iteration 1107.	[MsgId: MMSG-10545]
Starting action Action.	[MsgId: MMSG-15919]
Action.c(4): web_url("canonical.html") started  	[MsgId: MMSG-26355]
Action.c(4): Detected non-resource "https://support.mozilla.org/kb/captive-portal" in "http://detectportal.firefox.com/canonical.html"  	[MsgId: MMSG-26573]
Action.c(4): Error -35196: HTTP Status-Code=429 (Retry With) for "https://support.mozilla.org/kb/captive-portal"  	[MsgId: MERR-35196]
End auto log messages stack.	[MsgId: MMSG-10544]

Start auto log messages stack - Iteration 1108.	[MsgId: MMSG-10545]
Starting action Action.	[MsgId: MMSG-15919]
Action.c(4): web_url("canonical.html") started  	[MsgId: MMSG-26355]
Action.c(4): Detected non-resource "https://support.mozilla.org/kb/captive-portal" in "http://detectportal.firefox.com/canonical.html"  	[MsgId: MMSG-26573]
Action.c(4): Error -35196: HTTP Status-Code=429 (Retry With) for "https://support.mozilla.org/kb/captive-portal"  	[MsgId: MERR-35196]
End auto log messages stack.	[MsgId: MMSG-10544]

Start auto log messages stack - Iteration 1109.	[MsgId: MMSG-10545]
Starting action Action.	[MsgId: MMSG-15919]
Action.c(4): web_url("canonical.html") started  	[MsgId: MMSG-26355]
Action.c(4): Detected non-resource "https://support.mozilla.org/kb/captive-portal" in "http://detectportal.firefox.com/canonical.html"  	[MsgId: MMSG-26573]
Action.c(4): Error -35196: HTTP Status-Code=429 (Retry With) for "https://support.mozilla.org/kb/captive-portal"  	[MsgId: MERR-35196]
End auto log messages stack.	[MsgId: MMSG-10544]

Start auto log messages stack - Iteration 1110.	[MsgId: MMSG-10545]
Starting action Action.	[MsgId: MMSG-15919]
Action.c(4): web_url("canonical.html") started  	[MsgId: MMSG-26355]
Action.c(4): Detected non-resource "https://support.mozilla.org/kb/captive-portal" in "http://detectportal.firefox.com/canonical.html"  	[MsgId: MMSG-26573]
Action.c(4): Error -35196: HTTP Status-Code=429 (Retry With) for "https://support.mozilla.org/kb/captive-portal"  	[MsgId: MERR-35196]
End auto log messages stack.	[MsgId: MMSG-10544]

Start auto log messages stack - Iteration 1111.	[MsgId: MMSG-10545]
Starting action Action.	[MsgId: MMSG-15919]
Action.c(4): web_url("canonical.html") started  	[MsgId: MMSG-26355]
Action.c(4): Detected non-resource "https://support.mozilla.org/kb/captive-portal" in "http://detectportal.firefox.com/canonical.html"  	[MsgId: MMSG-26573]
Action.c(4): Error -35196: HTTP Status-Code=429 (Retry With) for "https://support.mozilla.org/kb/captive-portal"  	[MsgId: MERR-35196]
End auto log messages stack.	[MsgId: MMSG-10544]

Start auto log messages stack - Iteration 1112.	[MsgId: MMSG-10545]
Starting action Action.	[MsgId: MMSG-15919]
Action.c(4): web_url("canonical.html") started  	[MsgId: MMSG-26355]
Action.c(4): Detected non-resource "https://support.mozilla.org/kb/captive-portal" in "http://detectportal.firefox.com/canonical.html"  	[MsgId: MMSG-26573]
Action.c(4): Error -35196: HTTP Status-Code=429 (Retry With) for "https://support.mozilla.org/kb/captive-portal"  	[MsgId: MERR-35196]
End auto log messages stack.	[MsgId: MMSG-10544]

Start auto log messages stack - Iteration 1113.	[MsgId: MMSG-10545]
Starting action Action.	[MsgId: MMSG-15919]
Action.c(4): web_url("canonical.html") started  	[MsgId: MMSG-26355]
Action.c(4): Detected non-resource "https://support.mozilla.org/kb/captive-portal" in "http://detectportal.firefox.com/canonical.html"  	[MsgId: MMSG-26573]
Action.c(4): Error -35196: HTTP Status-Code=429 (Retry With) for "https://support.mozilla.org/kb/captive-portal"  	[MsgId: MERR-35196]
End auto log messages stack.	[MsgId: MMSG-10544]

Start auto log messages stack - Iteration 1114.	[MsgId: MMSG-10545]
Starting action Action.	[MsgId: MMSG-15919]
Action.c(4): web_url("canonical.html") started  	[MsgId: MMSG-26355]
Action.c(4): Detected non-resource "https://support.mozilla.org/kb/captive-portal" in "http://detectportal.firefox.com/canonical.html"  	[MsgId: MMSG-26573]
Action.c(4): Error -35196: HTTP Status-Code=429 (Retry With) for "https://support.mozilla.org/kb/captive-portal"  	[MsgId: MERR-35196]
End auto log messages stack.	[MsgId: MMSG-10544]

Start auto log messages stack - Iteration 1115.	[MsgId: MMSG-10545]
Starting action Action.	[MsgId: MMSG-15919]
Action.c(4): web_url("canonical.html") started  	[MsgId: MMSG-26355]
Action.c(4): Detected non-resource "https://support.mozilla.org/kb/captive-portal" in "http://detectportal.firefox.com/canonical.html"  	[MsgId: MMSG-26573]
Action.c(4): Error -35196: HTTP Status-Code=429 (Retry With) for "https://support.mozilla.org/kb/captive-portal"  	[MsgId: MERR-35196]
End auto log messages stack.	[MsgId: MMSG-10544]

Start auto log messages stack - Iteration 1116.	[MsgId: MMSG-10545]
Starting action Action.	[MsgId: MMSG-15919]
Action.c(4): web_url("canonical.html") started  	[MsgId: MMSG-26355]
Action.c(4): Detected non-resource "https://support.mozilla.org/kb/captive-portal" in "http://detectportal.firefox.com/canonical.html"  	[MsgId: MMSG-26573]
Action.c(4): Error -35196: HTTP Status-Code=429 (Retry With) for "https://support.mozilla.org/kb/captive-portal"  	[MsgId: MERR-35196]
End auto log messages stack.	[MsgId: MMSG-10544]

Start auto log messages stack - Iteration 1117.	[MsgId: MMSG-10545]
Starting action Action.	[MsgId: MMSG-15919]
Action.c(4): web_url("canonical.html") started  	[MsgId: MMSG-26355]
Action.c(4): Detected non-resource "https://support.mozilla.org/kb/captive-portal" in "http://detectportal.firefox.com/canonical.html"  	[MsgId: MMSG-26573]
Action.c(4): Error -35196: HTTP Status-Code=429 (Retry With) for "https://support.mozilla.org/kb/captive-portal"  	[MsgId: MERR-35196]
End auto log messages stack.	[MsgId: MMSG-10544]

Start auto log messages stack - Iteration 1118.	[MsgId: MMSG-10545]
Starting action Action.	[MsgId: MMSG-15919]
Action.c(4): web_url("canonical.html") started  	[MsgId: MMSG-26355]
Action.c(4): Detected non-resource "https://support.mozilla.org/kb/captive-portal" in "http://detectportal.firefox.com/canonical.html"  	[MsgId: MMSG-26573]
Action.c(4): Error -35196: HTTP Status-Code=429 (Retry With) for "https://support.mozilla.org/kb/captive-portal"  	[MsgId: MERR-35196]
End auto log messages stack.	[MsgId: MMSG-10544]

Start auto log messages stack - Iteration 1119.	[MsgId: MMSG-10545]
Starting action Action.	[MsgId: MMSG-15919]
Action.c(4): web_url("canonical.html") started  	[MsgId: MMSG-26355]
Action.c(4): Detected non-resource "https://support.mozilla.org/kb/captive-portal" in "http://detectportal.firefox.com/canonical.html"  	[MsgId: MMSG-26573]
Action.c(4): Error -35196: HTTP Status-Code=429 (Retry With) for "https://support.mozilla.org/kb/captive-portal"  	[MsgId: MERR-35196]
End auto log messages stack.	[MsgId: MMSG-10544]

Start auto log messages stack - Iteration 1120.	[MsgId: MMSG-10545]
Starting action Action.	[MsgId: MMSG-15919]
Action.c(4): web_url("canonical.html") started  	[MsgId: MMSG-26355]
Action.c(4): Detected non-resource "https://support.mozilla.org/kb/captive-portal" in "http://detectportal.firefox.com/canonical.html"  	[MsgId: MMSG-26573]
Action.c(4): Error -35196: HTTP Status-Code=429 (Retry With) for "https://support.mozilla.org/kb/captive-portal"  	[MsgId: MERR-35196]
End auto log messages stack.	[MsgId: MMSG-10544]

Start auto log messages stack - Iteration 1121.	[MsgId: MMSG-10545]
Starting action Action.	[MsgId: MMSG-15919]
Action.c(4): web_url("canonical.html") started  	[MsgId: MMSG-26355]
Action.c(4): Detected non-resource "https://support.mozilla.org/kb/captive-portal" in "http://detectportal.firefox.com/canonical.html"  	[MsgId: MMSG-26573]
Action.c(4): Error -35196: HTTP Status-Code=429 (Retry With) for "https://support.mozilla.org/kb/captive-portal"  	[MsgId: MERR-35196]
End auto log messages stack.	[MsgId: MMSG-10544]

Start auto log messages stack - Iteration 1122.	[MsgId: MMSG-10545]
Starting action Action.	[MsgId: MMSG-15919]
Action.c(4): web_url("canonical.html") started  	[MsgId: MMSG-26355]
Action.c(4): Detected non-resource "https://support.mozilla.org/kb/captive-portal" in "http://detectportal.firefox.com/canonical.html"  	[MsgId: MMSG-26573]
Action.c(4): Error -35196: HTTP Status-Code=429 (Retry With) for "https://support.mozilla.org/kb/captive-portal"  	[MsgId: MERR-35196]
End auto log messages stack.	[MsgId: MMSG-10544]

Start auto log messages stack - Iteration 1123.	[MsgId: MMSG-10545]
Starting action Action.	[MsgId: MMSG-15919]
Action.c(4): web_url("canonical.html") started  	[MsgId: MMSG-26355]
Action.c(4): Detected non-resource "https://support.mozilla.org/kb/captive-portal" in "http://detectportal.firefox.com/canonical.html"  	[MsgId: MMSG-26573]
Action.c(4): Error -35196: HTTP Status-Code=429 (Retry With) for "https://support.mozilla.org/kb/captive-portal"  	[MsgId: MERR-35196]
End auto log messages stack.	[MsgId: MMSG-10544]

Start auto log messages stack - Iteration 1124.	[MsgId: MMSG-10545]
Starting action Action.	[MsgId: MMSG-15919]
Action.c(4): web_url("canonical.html") started  	[MsgId: MMSG-26355]
Action.c(4): Detected non-resource "https://support.mozilla.org/kb/captive-portal" in "http://detectportal.firefox.com/canonical.html"  	[MsgId: MMSG-26573]
Action.c(4): Error -35196: HTTP Status-Code=429 (Retry With) for "https://support.mozilla.org/kb/captive-portal"  	[MsgId: MERR-35196]
End auto log messages stack.	[MsgId: MMSG-10544]

Start auto log messages stack - Iteration 1125.	[MsgId: MMSG-10545]
Starting action Action.	[MsgId: MMSG-15919]
Action.c(4): web_url("canonical.html") started  	[MsgId: MMSG-26355]
Action.c(4): Detected non-resource "https://support.mozilla.org/kb/captive-portal" in "http://detectportal.firefox.com/canonical.html"  	[MsgId: MMSG-26573]
Action.c(4): Error -35196: HTTP Status-Code=429 (Retry With) for "https://support.mozilla.org/kb/captive-portal"  	[MsgId: MERR-35196]
End auto log messages stack.	[MsgId: MMSG-10544]

Start auto log messages stack - Iteration 1126.	[MsgId: MMSG-10545]
Starting action Action.	[MsgId: MMSG-15919]
Action.c(4): web_url("canonical.html") started  	[MsgId: MMSG-26355]
Action.c(4): Detected non-resource "https://support.mozilla.org/kb/captive-portal" in "http://detectportal.firefox.com/canonical.html"  	[MsgId: MMSG-26573]
Action.c(4): Error -35196: HTTP Status-Code=429 (Retry With) for "https://support.mozilla.org/kb/captive-portal"  	[MsgId: MERR-35196]
End auto log messages stack.	[MsgId: MMSG-10544]

Start auto log messages stack - Iteration 1127.	[MsgId: MMSG-10545]
Starting action Action.	[MsgId: MMSG-15919]
Action.c(4): web_url("canonical.html") started  	[MsgId: MMSG-26355]
Action.c(4): Detected non-resource "https://support.mozilla.org/kb/captive-portal" in "http://detectportal.firefox.com/canonical.html"  	[MsgId: MMSG-26573]
Action.c(4): Error -35196: HTTP Status-Code=429 (Retry With) for "https://support.mozilla.org/kb/captive-portal"  	[MsgId: MERR-35196]
End auto log messages stack.	[MsgId: MMSG-10544]

Start auto log messages stack - Iteration 1128.	[MsgId: MMSG-10545]
Starting action Action.	[MsgId: MMSG-15919]
Action.c(4): web_url("canonical.html") started  	[MsgId: MMSG-26355]
Action.c(4): Detected non-resource "https://support.mozilla.org/kb/captive-portal" in "http://detectportal.firefox.com/canonical.html"  	[MsgId: MMSG-26573]
Action.c(4): Error -35196: HTTP Status-Code=429 (Retry With) for "https://support.mozilla.org/kb/captive-portal"  	[MsgId: MERR-35196]
End auto log messages stack.	[MsgId: MMSG-10544]

Start auto log messages stack - Iteration 1129.	[MsgId: MMSG-10545]
Starting action Action.	[MsgId: MMSG-15919]
Action.c(4): web_url("canonical.html") started  	[MsgId: MMSG-26355]
Action.c(4): Detected non-resource "https://support.mozilla.org/kb/captive-portal" in "http://detectportal.firefox.com/canonical.html"  	[MsgId: MMSG-26573]
Action.c(4): Error -35196: HTTP Status-Code=429 (Retry With) for "https://support.mozilla.org/kb/captive-portal"  	[MsgId: MERR-35196]
End auto log messages stack.	[MsgId: MMSG-10544]

Start auto log messages stack - Iteration 1130.	[MsgId: MMSG-10545]
Starting action Action.	[MsgId: MMSG-15919]
Action.c(4): web_url("canonical.html") started  	[MsgId: MMSG-26355]
Action.c(4): Detected non-resource "https://support.mozilla.org/kb/captive-portal" in "http://detectportal.firefox.com/canonical.html"  	[MsgId: MMSG-26573]
Action.c(4): Error -35196: HTTP Status-Code=429 (Retry With) for "https://support.mozilla.org/kb/captive-portal"  	[MsgId: MERR-35196]
End auto log messages stack.	[MsgId: MMSG-10544]

Start auto log messages stack - Iteration 1131.	[MsgId: MMSG-10545]
Starting action Action.	[MsgId: MMSG-15919]
Action.c(4): web_url("canonical.html") started  	[MsgId: MMSG-26355]
Action.c(4): Detected non-resource "https://support.mozilla.org/kb/captive-portal" in "http://detectportal.firefox.com/canonical.html"  	[MsgId: MMSG-26573]
Action.c(4): Error -35196: HTTP Status-Code=429 (Retry With) for "https://support.mozilla.org/kb/captive-portal"  	[MsgId: MERR-35196]
End auto log messages stack.	[MsgId: MMSG-10544]

Start auto log messages stack - Iteration 1132.	[MsgId: MMSG-10545]
Starting action Action.	[MsgId: MMSG-15919]
Action.c(4): web_url("canonical.html") started  	[MsgId: MMSG-26355]
Action.c(4): Detected non-resource "https://support.mozilla.org/kb/captive-portal" in "http://detectportal.firefox.com/canonical.html"  	[MsgId: MMSG-26573]
Action.c(4): Error -35196: HTTP Status-Code=429 (Retry With) for "https://support.mozilla.org/kb/captive-portal"  	[MsgId: MERR-35196]
End auto log messages stack.	[MsgId: MMSG-10544]

Start auto log messages stack - Iteration 1133.	[MsgId: MMSG-10545]
Starting action Action.	[MsgId: MMSG-15919]
Action.c(4): web_url("canonical.html") started  	[MsgId: MMSG-26355]
Action.c(4): Detected non-resource "https://support.mozilla.org/kb/captive-portal" in "http://detectportal.firefox.com/canonical.html"  	[MsgId: MMSG-26573]
Action.c(4): Error -35196: HTTP Status-Code=429 (Retry With) for "https://support.mozilla.org/kb/captive-portal"  	[MsgId: MERR-35196]
End auto log messages stack.	[MsgId: MMSG-10544]

Start auto log messages stack - Iteration 1134.	[MsgId: MMSG-10545]
Starting action Action.	[MsgId: MMSG-15919]
Action.c(4): web_url("canonical.html") started  	[MsgId: MMSG-26355]
Action.c(4): Detected non-resource "https://support.mozilla.org/kb/captive-portal" in "http://detectportal.firefox.com/canonical.html"  	[MsgId: MMSG-26573]
Action.c(4): Error -35196: HTTP Status-Code=429 (Retry With) for "https://support.mozilla.org/kb/captive-portal"  	[MsgId: MERR-35196]
End auto log messages stack.	[MsgId: MMSG-10544]

Start auto log messages stack - Iteration 1135.	[MsgId: MMSG-10545]
Starting action Action.	[MsgId: MMSG-15919]
Action.c(4): web_url("canonical.html") started  	[MsgId: MMSG-26355]
Action.c(4): Detected non-resource "https://support.mozilla.org/kb/captive-portal" in "http://detectportal.firefox.com/canonical.html"  	[MsgId: MMSG-26573]
Action.c(4): Error -35196: HTTP Status-Code=429 (Retry With) for "https://support.mozilla.org/kb/captive-portal"  	[MsgId: MERR-35196]
End auto log messages stack.	[MsgId: MMSG-10544]

Start auto log messages stack - Iteration 1136.	[MsgId: MMSG-10545]
Starting action Action.	[MsgId: MMSG-15919]
Action.c(4): web_url("canonical.html") started  	[MsgId: MMSG-26355]
Action.c(4): Detected non-resource "https://support.mozilla.org/kb/captive-portal" in "http://detectportal.firefox.com/canonical.html"  	[MsgId: MMSG-26573]
Action.c(4): Error -35196: HTTP Status-Code=429 (Retry With) for "https://support.mozilla.org/kb/captive-portal"  	[MsgId: MERR-35196]
End auto log messages stack.	[MsgId: MMSG-10544]

Start auto log messages stack - Iteration 1137.	[MsgId: MMSG-10545]
Starting action Action.	[MsgId: MMSG-15919]
Action.c(4): web_url("canonical.html") started  	[MsgId: MMSG-26355]
Action.c(4): Detected non-resource "https://support.mozilla.org/kb/captive-portal" in "http://detectportal.firefox.com/canonical.html"  	[MsgId: MMSG-26573]
Action.c(4): Error -35196: HTTP Status-Code=429 (Retry With) for "https://support.mozilla.org/kb/captive-portal"  	[MsgId: MERR-35196]
End auto log messages stack.	[MsgId: MMSG-10544]

Start auto log messages stack - Iteration 1138.	[MsgId: MMSG-10545]
Starting action Action.	[MsgId: MMSG-15919]
Action.c(4): web_url("canonical.html") started  	[MsgId: MMSG-26355]
Action.c(4): Detected non-resource "https://support.mozilla.org/kb/captive-portal" in "http://detectportal.firefox.com/canonical.html"  	[MsgId: MMSG-26573]
Action.c(4): Error -35196: HTTP Status-Code=429 (Retry With) for "https://support.mozilla.org/kb/captive-portal"  	[MsgId: MERR-35196]
End auto log messages stack.	[MsgId: MMSG-10544]

Start auto log messages stack - Iteration 1139.	[MsgId: MMSG-10545]
Starting action Action.	[MsgId: MMSG-15919]
Action.c(4): web_url("canonical.html") started  	[MsgId: MMSG-26355]
Action.c(4): Detected non-resource "https://support.mozilla.org/kb/captive-portal" in "http://detectportal.firefox.com/canonical.html"  	[MsgId: MMSG-26573]
Action.c(4): Error -35196: HTTP Status-Code=429 (Retry With) for "https://support.mozilla.org/kb/captive-portal"  	[MsgId: MERR-35196]
End auto log messages stack.	[MsgId: MMSG-10544]

Start auto log messages stack - Iteration 1140.	[MsgId: MMSG-10545]
Starting action Action.	[MsgId: MMSG-15919]
Action.c(4): web_url("canonical.html") started  	[MsgId: MMSG-26355]
Action.c(4): Detected non-resource "https://support.mozilla.org/kb/captive-portal" in "http://detectportal.firefox.com/canonical.html"  	[MsgId: MMSG-26573]
Action.c(4): Error -35196: HTTP Status-Code=429 (Retry With) for "https://support.mozilla.org/kb/captive-portal"  	[MsgId: MERR-35196]
End auto log messages stack.	[MsgId: MMSG-10544]

Start auto log messages stack - Iteration 1141.	[MsgId: MMSG-10545]
Starting action Action.	[MsgId: MMSG-15919]
Action.c(4): web_url("canonical.html") started  	[MsgId: MMSG-26355]
Action.c(4): Detected non-resource "https://support.mozilla.org/kb/captive-portal" in "http://detectportal.firefox.com/canonical.html"  	[MsgId: MMSG-26573]
Action.c(4): Error -35196: HTTP Status-Code=429 (Retry With) for "https://support.mozilla.org/kb/captive-portal"  	[MsgId: MERR-35196]
End auto log messages stack.	[MsgId: MMSG-10544]

Start auto log messages stack - Iteration 1142.	[MsgId: MMSG-10545]
Starting action Action.	[MsgId: MMSG-15919]
Action.c(4): web_url("canonical.html") started  	[MsgId: MMSG-26355]
Action.c(4): Detected non-resource "https://support.mozilla.org/kb/captive-portal" in "http://detectportal.firefox.com/canonical.html"  	[MsgId: MMSG-26573]
Action.c(4): Error -35196: HTTP Status-Code=429 (Retry With) for "https://support.mozilla.org/kb/captive-portal"  	[MsgId: MERR-35196]
End auto log messages stack.	[MsgId: MMSG-10544]

Start auto log messages stack - Iteration 1143.	[MsgId: MMSG-10545]
Starting action Action.	[MsgId: MMSG-15919]
Action.c(4): web_url("canonical.html") started  	[MsgId: MMSG-26355]
Action.c(4): Detected non-resource "https://support.mozilla.org/kb/captive-portal" in "http://detectportal.firefox.com/canonical.html"  	[MsgId: MMSG-26573]
Action.c(4): Error -35196: HTTP Status-Code=429 (Retry With) for "https://support.mozilla.org/kb/captive-portal"  	[MsgId: MERR-35196]
End auto log messages stack.	[MsgId: MMSG-10544]

Start auto log messages stack - Iteration 1144.	[MsgId: MMSG-10545]
Starting action Action.	[MsgId: MMSG-15919]
Action.c(4): web_url("canonical.html") started  	[MsgId: MMSG-26355]
Action.c(4): Detected non-resource "https://support.mozilla.org/kb/captive-portal" in "http://detectportal.firefox.com/canonical.html"  	[MsgId: MMSG-26573]
Action.c(4): Error -35196: HTTP Status-Code=429 (Retry With) for "https://support.mozilla.org/kb/captive-portal"  	[MsgId: MERR-35196]
End auto log messages stack.	[MsgId: MMSG-10544]

Start auto log messages stack - Iteration 1145.	[MsgId: MMSG-10545]
Starting action Action.	[MsgId: MMSG-15919]
Action.c(4): web_url("canonical.html") started  	[MsgId: MMSG-26355]
Action.c(4): Detected non-resource "https://support.mozilla.org/kb/captive-portal" in "http://detectportal.firefox.com/canonical.html"  	[MsgId: MMSG-26573]
Action.c(4): Error -35196: HTTP Status-Code=429 (Retry With) for "https://support.mozilla.org/kb/captive-portal"  	[MsgId: MERR-35196]
End auto log messages stack.	[MsgId: MMSG-10544]

Start auto log messages stack - Iteration 1146.	[MsgId: MMSG-10545]
Starting action Action.	[MsgId: MMSG-15919]
Action.c(4): web_url("canonical.html") started  	[MsgId: MMSG-26355]
Action.c(4): Detected non-resource "https://support.mozilla.org/kb/captive-portal" in "http://detectportal.firefox.com/canonical.html"  	[MsgId: MMSG-26573]
Action.c(4): Error -35196: HTTP Status-Code=429 (Retry With) for "https://support.mozilla.org/kb/captive-portal"  	[MsgId: MERR-35196]
End auto log messages stack.	[MsgId: MMSG-10544]

Start auto log messages stack - Iteration 1147.	[MsgId: MMSG-10545]
Starting action Action.	[MsgId: MMSG-15919]
Action.c(4): web_url("canonical.html") started  	[MsgId: MMSG-26355]
Action.c(4): Detected non-resource "https://support.mozilla.org/kb/captive-portal" in "http://detectportal.firefox.com/canonical.html"  	[MsgId: MMSG-26573]
Action.c(4): Error -35196: HTTP Status-Code=429 (Retry With) for "https://support.mozilla.org/kb/captive-portal"  	[MsgId: MERR-35196]
End auto log messages stack.	[MsgId: MMSG-10544]

Start auto log messages stack - Iteration 1148.	[MsgId: MMSG-10545]
Starting action Action.	[MsgId: MMSG-15919]
Action.c(4): web_url("canonical.html") started  	[MsgId: MMSG-26355]
Action.c(4): Detected non-resource "https://support.mozilla.org/kb/captive-portal" in "http://detectportal.firefox.com/canonical.html"  	[MsgId: MMSG-26573]
Action.c(4): Error -35196: HTTP Status-Code=429 (Retry With) for "https://support.mozilla.org/kb/captive-portal"  	[MsgId: MERR-35196]
End auto log messages stack.	[MsgId: MMSG-10544]

Start auto log messages stack - Iteration 1149.	[MsgId: MMSG-10545]
Starting action Action.	[MsgId: MMSG-15919]
Action.c(4): web_url("canonical.html") started  	[MsgId: MMSG-26355]
Action.c(4): Detected non-resource "https://support.mozilla.org/kb/captive-portal" in "http://detectportal.firefox.com/canonical.html"  	[MsgId: MMSG-26573]
Action.c(4): Error -35196: HTTP Status-Code=429 (Retry With) for "https://support.mozilla.org/kb/captive-portal"  	[MsgId: MERR-35196]
End auto log messages stack.	[MsgId: MMSG-10544]

Start auto log messages stack - Iteration 1150.	[MsgId: MMSG-10545]
Starting action Action.	[MsgId: MMSG-15919]
Action.c(4): web_url("canonical.html") started  	[MsgId: MMSG-26355]
Action.c(4): Detected non-resource "https://support.mozilla.org/kb/captive-portal" in "http://detectportal.firefox.com/canonical.html"  	[MsgId: MMSG-26573]
Action.c(4): Error -35196: HTTP Status-Code=429 (Retry With) for "https://support.mozilla.org/kb/captive-portal"  	[MsgId: MERR-35196]
End auto log messages stack.	[MsgId: MMSG-10544]

Start auto log messages stack - Iteration 1151.	[MsgId: MMSG-10545]
Starting action Action.	[MsgId: MMSG-15919]
Action.c(4): web_url("canonical.html") started  	[MsgId: MMSG-26355]
Action.c(4): Detected non-resource "https://support.mozilla.org/kb/captive-portal" in "http://detectportal.firefox.com/canonical.html"  	[MsgId: MMSG-26573]
Action.c(4): Error -35196: HTTP Status-Code=429 (Retry With) for "https://support.mozilla.org/kb/captive-portal"  	[MsgId: MERR-35196]
End auto log messages stack.	[MsgId: MMSG-10544]

Start auto log messages stack - Iteration 1152.	[MsgId: MMSG-10545]
Starting action Action.	[MsgId: MMSG-15919]
Action.c(4): web_url("canonical.html") started  	[MsgId: MMSG-26355]
Action.c(4): Detected non-resource "https://support.mozilla.org/kb/captive-portal" in "http://detectportal.firefox.com/canonical.html"  	[MsgId: MMSG-26573]
Action.c(4): Error -35196: HTTP Status-Code=429 (Retry With) for "https://support.mozilla.org/kb/captive-portal"  	[MsgId: MERR-35196]
End auto log messages stack.	[MsgId: MMSG-10544]

Start auto log messages stack - Iteration 1153.	[MsgId: MMSG-10545]
Starting action Action.	[MsgId: MMSG-15919]
Action.c(4): web_url("canonical.html") started  	[MsgId: MMSG-26355]
Action.c(4): Detected non-resource "https://support.mozilla.org/kb/captive-portal" in "http://detectportal.firefox.com/canonical.html"  	[MsgId: MMSG-26573]
Action.c(4): Error -35196: HTTP Status-Code=429 (Retry With) for "https://support.mozilla.org/kb/captive-portal"  	[MsgId: MERR-35196]
End auto log messages stack.	[MsgId: MMSG-10544]

Start auto log messages stack - Iteration 1154.	[MsgId: MMSG-10545]
Starting action Action.	[MsgId: MMSG-15919]
Action.c(4): web_url("canonical.html") started  	[MsgId: MMSG-26355]
Action.c(4): Detected non-resource "https://support.mozilla.org/kb/captive-portal" in "http://detectportal.firefox.com/canonical.html"  	[MsgId: MMSG-26573]
Action.c(4): Error -35196: HTTP Status-Code=429 (Retry With) for "https://support.mozilla.org/kb/captive-portal"  	[MsgId: MERR-35196]
End auto log messages stack.	[MsgId: MMSG-10544]

Start auto log messages stack - Iteration 1155.	[MsgId: MMSG-10545]
Starting action Action.	[MsgId: MMSG-15919]
Action.c(4): web_url("canonical.html") started  	[MsgId: MMSG-26355]
Action.c(4): Detected non-resource "https://support.mozilla.org/kb/captive-portal" in "http://detectportal.firefox.com/canonical.html"  	[MsgId: MMSG-26573]
Action.c(4): Error -35196: HTTP Status-Code=429 (Retry With) for "https://support.mozilla.org/kb/captive-portal"  	[MsgId: MERR-35196]
End auto log messages stack.	[MsgId: MMSG-10544]

Start auto log messages stack - Iteration 1156.	[MsgId: MMSG-10545]
Starting action Action.	[MsgId: MMSG-15919]
Action.c(4): web_url("canonical.html") started  	[MsgId: MMSG-26355]
Action.c(4): Detected non-resource "https://support.mozilla.org/kb/captive-portal" in "http://detectportal.firefox.com/canonical.html"  	[MsgId: MMSG-26573]
Action.c(4): Error -35196: HTTP Status-Code=429 (Retry With) for "https://support.mozilla.org/kb/captive-portal"  	[MsgId: MERR-35196]
End auto log messages stack.	[MsgId: MMSG-10544]

Start auto log messages stack - Iteration 1157.	[MsgId: MMSG-10545]
Starting action Action.	[MsgId: MMSG-15919]
Action.c(4): web_url("canonical.html") started  	[MsgId: MMSG-26355]
Action.c(4): Detected non-resource "https://support.mozilla.org/kb/captive-portal" in "http://detectportal.firefox.com/canonical.html"  	[MsgId: MMSG-26573]
Action.c(4): Error -35196: HTTP Status-Code=429 (Retry With) for "https://support.mozilla.org/kb/captive-portal"  	[MsgId: MERR-35196]
End auto log messages stack.	[MsgId: MMSG-10544]

Start auto log messages stack - Iteration 1158.	[MsgId: MMSG-10545]
Starting action Action.	[MsgId: MMSG-15919]
Action.c(4): web_url("canonical.html") started  	[MsgId: MMSG-26355]
Action.c(4): Detected non-resource "https://support.mozilla.org/kb/captive-portal" in "http://detectportal.firefox.com/canonical.html"  	[MsgId: MMSG-26573]
Action.c(4): Error -35196: HTTP Status-Code=429 (Retry With) for "https://support.mozilla.org/kb/captive-portal"  	[MsgId: MERR-35196]
End auto log messages stack.	[MsgId: MMSG-10544]

Start auto log messages stack - Iteration 1159.	[MsgId: MMSG-10545]
Starting action Action.	[MsgId: MMSG-15919]
Action.c(4): web_url("canonical.html") started  	[MsgId: MMSG-26355]
Action.c(4): Detected non-resource "https://support.mozilla.org/kb/captive-portal" in "http://detectportal.firefox.com/canonical.html"  	[MsgId: MMSG-26573]
Action.c(4): Error -35196: HTTP Status-Code=429 (Retry With) for "https://support.mozilla.org/kb/captive-portal"  	[MsgId: MERR-35196]
End auto log messages stack.	[MsgId: MMSG-10544]

Start auto log messages stack - Iteration 1160.	[MsgId: MMSG-10545]
Starting action Action.	[MsgId: MMSG-15919]
Action.c(4): web_url("canonical.html") started  	[MsgId: MMSG-26355]
Action.c(4): Detected non-resource "https://support.mozilla.org/kb/captive-portal" in "http://detectportal.firefox.com/canonical.html"  	[MsgId: MMSG-26573]
Action.c(4): Error -35196: HTTP Status-Code=429 (Retry With) for "https://support.mozilla.org/kb/captive-portal"  	[MsgId: MERR-35196]
End auto log messages stack.	[MsgId: MMSG-10544]

Start auto log messages stack - Iteration 1161.	[MsgId: MMSG-10545]
Starting action Action.	[MsgId: MMSG-15919]
Action.c(4): web_url("canonical.html") started  	[MsgId: MMSG-26355]
Action.c(4): Detected non-resource "https://support.mozilla.org/kb/captive-portal" in "http://detectportal.firefox.com/canonical.html"  	[MsgId: MMSG-26573]
Action.c(4): Error -35196: HTTP Status-Code=429 (Retry With) for "https://support.mozilla.org/kb/captive-portal"  	[MsgId: MERR-35196]
End auto log messages stack.	[MsgId: MMSG-10544]

Start auto log messages stack - Iteration 1162.	[MsgId: MMSG-10545]
Starting action Action.	[MsgId: MMSG-15919]
Action.c(4): web_url("canonical.html") started  	[MsgId: MMSG-26355]
Action.c(4): Detected non-resource "https://support.mozilla.org/kb/captive-portal" in "http://detectportal.firefox.com/canonical.html"  	[MsgId: MMSG-26573]
Action.c(4): Error -35196: HTTP Status-Code=429 (Retry With) for "https://support.mozilla.org/kb/captive-portal"  	[MsgId: MERR-35196]
End auto log messages stack.	[MsgId: MMSG-10544]

Start auto log messages stack - Iteration 1163.	[MsgId: MMSG-10545]
Starting action Action.	[MsgId: MMSG-15919]
Action.c(4): web_url("canonical.html") started  	[MsgId: MMSG-26355]
Action.c(4): Detected non-resource "https://support.mozilla.org/kb/captive-portal" in "http://detectportal.firefox.com/canonical.html"  	[MsgId: MMSG-26573]
Action.c(4): Error -35196: HTTP Status-Code=429 (Retry With) for "https://support.mozilla.org/kb/captive-portal"  	[MsgId: MERR-35196]
End auto log messages stack.	[MsgId: MMSG-10544]

